location,code,region,income,year,che_pc_usd,che_gdp,gghed_che,oops_che
Algeria,DZA,AFR,Lower-middle,2000,61.85785294,3.21485444,71.96343231,25.794513700000003
Algeria,DZA,AFR,Lower-middle,2001,67.05859375,3.5362858800000003,76.22702026,21.668523790000002
Algeria,DZA,AFR,Lower-middle,2002,66.681633,3.4416964099999996,75.27867126,22.52488327
Algeria,DZA,AFR,Lower-middle,2003,75.9513092,3.3256936100000005,76.69419860999999,21.148637769999997
Algeria,DZA,AFR,Lower-middle,2004,92.6876297,3.2903051399999996,71.35350036999999,26.09432602
Algeria,DZA,AFR,Lower-middle,2005,100.83694458000002,3.1188612,69.29087067,28.093612670000006
Algeria,DZA,AFR,Lower-middle,2006,116.77504730000001,3.18999887,68.46268463,29.121358869999995
Algeria,DZA,AFR,Lower-middle,2007,150.86651610999996,3.62011433,69.78764343,28.088581089999998
Algeria,DZA,AFR,Lower-middle,2008,206.37207031000003,3.98331022,71.99542235999999,26.146959300000002
Algeria,DZA,AFR,Lower-middle,2009,207.20181274,4.89210796,70.88406372,27.44950676
Algeria,DZA,AFR,Lower-middle,2010,227.95396422999997,4.640014170000001,69.48218536,28.882442469999994
Algeria,DZA,AFR,Lower-middle,2011,285.5020751999999,4.825675009999999,70.61742401000001,27.87346649
Algeria,DZA,AFR,Lower-middle,2012,340.09133911,5.63657808,71.45687866,27.215862270000002
Algeria,DZA,AFR,Lower-middle,2013,337.5736083999999,5.64542007,69.36451721,29.278446199999998
Algeria,DZA,AFR,Lower-middle,2014,366.58670044,6.01485014,70.13730621,28.563703539999995
Algeria,DZA,AFR,Lower-middle,2015,296.76824951,6.3343544000000005,68.50351715,30.192855830000003
Algeria,DZA,AFR,Lower-middle,2016,265.53439331,6.0007972700000005,65.71156311000001,32.89480972
Algeria,DZA,AFR,Lower-middle,2017,270.93261719000003,5.94846106,64.63075256,33.93709183
Algeria,DZA,AFR,Lower-middle,2018,271.53778076,5.93238592,64.8088913,33.76389313
Algeria,DZA,AFR,Lower-middle,2019,242.07002258000003,5.41731071,60.47244644,37.92301941000001
Algeria,DZA,AFR,Lower-middle,2020,211.07276917000004,5.638317110000001,58.738437649999995,39.643348689999996
Algeria,DZA,AFR,Lower-middle,2021,208.52682495,5.011056900000001,57.329437260000006,40.388713839999994
Algeria,DZA,AFR,Lower-middle,2022,179.69688416000002,3.6230433,47.397300720000004,49.97584915
Angola,AGO,AFR,Lower-middle,2000,13.15998554,1.9085993800000005,58.20957183999999,27.3046875
Angola,AGO,AFR,Lower-middle,2001,29.26095772,4.48351622,45.64084625,45.091087339999994
Angola,AGO,AFR,Lower-middle,2002,29.37077141000001,3.329461339999999,39.30446243,49.66205215
Angola,AGO,AFR,Lower-middle,2003,35.22069549999999,3.54797316,41.30799866,48.510688779999995
Angola,AGO,AFR,Lower-middle,2004,50.233108519999995,3.96719909,42.51447678000001,46.891098019999994
Angola,AGO,AFR,Lower-middle,2005,54.661422730000005,2.85219526,44.83417511,42.33265686000001
Angola,AGO,AFR,Lower-middle,2006,70.28185271999999,2.68553543,53.77399445,30.665700910000005
Angola,AGO,AFR,Lower-middle,2007,93.42698669,2.9743912200000002,57.893791199999995,28.383972170000003
Angola,AGO,AFR,Lower-middle,2008,136.34094238,3.3229033899999996,64.35443115000001,21.653238300000005
Angola,AGO,AFR,Lower-middle,2009,120.52899169999998,3.842607979999999,67.67429352000002,15.508905410000002
Angola,AGO,AFR,Lower-middle,2010,96.95197296,2.69509959,62.1162796,19.343755719999997
Angola,AGO,AFR,Lower-middle,2011,122.11888122999999,2.6456077100000006,64.75705719,17.99380875
Angola,AGO,AFR,Lower-middle,2012,121.84848022000001,2.39574957,65.25454712000001,17.61917686
Angola,AGO,AFR,Lower-middle,2013,142.78450012000002,2.7328269499999998,62.029800420000015,21.3492775
Angola,AGO,AFR,Lower-middle,2014,130.5861969,2.4341287600000006,54.153263089999996,26.876167300000002
Angola,AGO,AFR,Lower-middle,2015,107.52857208,2.6057946700000003,47.36523056,33.52316666
Angola,AGO,AFR,Lower-middle,2016,94.01481627999999,2.71314979,44.13825607,35.20893097
Angola,AGO,AFR,Lower-middle,2017,112.75364685,2.79383755,46.27865218999999,34.12101364000001
Angola,AGO,AFR,Lower-middle,2018,84.03104401,2.59482241,42.542812350000005,36.18026733000001
Angola,AGO,AFR,Lower-middle,2019,64.61397552000001,2.47518778,45.39327240000001,33.057239530000004
Angola,AGO,AFR,Lower-middle,2020,55.939163210000004,3.2748849399999997,51.92151642,28.66170883000001
Angola,AGO,AFR,Lower-middle,2021,67.04656982,3.09277129,55.27503586,26.077638630000006
Angola,AGO,AFR,Lower-middle,2022,101.25614166,2.92737579,51.600688930000004,28.700151440000003
Benin,BEN,AFR,Lower-middle,2000,14.423714640000004,2.9591713,38.58332062,54.91024398999999
Benin,BEN,AFR,Lower-middle,2001,16.269798280000003,3.304173229999999,37.37374115,49.05539703000001
Benin,BEN,AFR,Lower-middle,2002,16.917928699999997,3.09589195,31.33201981000001,51.76609039
Benin,BEN,AFR,Lower-middle,2003,21.06955719,3.11678505,33.958881379999994,51.67531586
Benin,BEN,AFR,Lower-middle,2004,24.52665329,3.23273873,35.9318428,48.582019810000006
Benin,BEN,AFR,Lower-middle,2005,25.12485313,3.2234580500000005,33.147789,46.525253299999996
Benin,BEN,AFR,Lower-middle,2006,26.602642059999994,3.28773856,32.88233948,45.66500092
Benin,BEN,AFR,Lower-middle,2007,26.796800610000002,2.93715644,32.937587740000005,48.278289789999995
Benin,BEN,AFR,Lower-middle,2008,28.12486076,2.6517810799999997,28.000413889999994,44.00003433
Benin,BEN,AFR,Lower-middle,2009,29.58557701,2.88892651,30.040433880000005,42.598739619999996
Benin,BEN,AFR,Lower-middle,2010,29.293581010000004,3.0098898399999996,24.994091030000003,43.51421356000001
Benin,BEN,AFR,Lower-middle,2011,31.75146866,2.9970798499999995,21.7378273,44.51008986999999
Benin,BEN,AFR,Lower-middle,2012,32.95616913,3.0756297100000003,24.28330421,41.52767943999999
Benin,BEN,AFR,Lower-middle,2013,33.534267429999986,2.8688075500000005,26.653244019999995,42.58432770000001
Benin,BEN,AFR,Lower-middle,2014,32.41182327,2.69111967,21.378658289999997,46.49401474
Benin,BEN,AFR,Lower-middle,2015,27.34733391000001,2.7281341600000006,21.656772609999997,51.40564728
Benin,BEN,AFR,Lower-middle,2016,28.249439239999997,2.79549599,16.83768272,48.86447906
Benin,BEN,AFR,Lower-middle,2017,28.148166659999998,2.66813827,17.07419395,50.78124237
Benin,BEN,AFR,Lower-middle,2018,33.21631241,2.8863203500000005,15.56364155,45.572425839999994
Benin,BEN,AFR,Lower-middle,2019,28.372014999999998,2.5091445400000003,12.413323400000001,50.89290236999999
Benin,BEN,AFR,Lower-middle,2020,32.55360031,2.7123610999999994,19.121047969999996,46.809703830000004
Benin,BEN,AFR,Lower-middle,2021,34.03829193,2.5812954899999996,12.31288433,48.633621219999995
Benin,BEN,AFR,Lower-middle,2022,33.88216782000001,2.6798138600000003,19.23644447,42.49658966
Botswana,BWA,AFR,Upper-middle,2000,206.93144225999995,6.10838556,53.271938320000004,10.671911240000002
Botswana,BWA,AFR,Upper-middle,2001,203.01203918000004,6.3660779000000005,55.06237792999999,9.45568562
Botswana,BWA,AFR,Upper-middle,2002,206.11392212,6.665297990000002,56.46030807000001,8.744948390000001
Botswana,BWA,AFR,Upper-middle,2003,269.58544921999993,6.40933847,56.17714310000001,8.76611137
Botswana,BWA,AFR,Upper-middle,2004,297.25122070000003,6.09125996,56.38233566000001,8.583290100000001
Botswana,BWA,AFR,Upper-middle,2005,281.38796997,5.26532936,54.434711459999995,8.49857712
Botswana,BWA,AFR,Upper-middle,2006,258.01873779000005,4.87599421,57.24171066000001,8.29256916
Botswana,BWA,AFR,Upper-middle,2007,305.22042847,5.520807270000001,56.68532562,6.77262211
Botswana,BWA,AFR,Upper-middle,2008,324.54284668,5.897472860000001,62.19720078,5.815736770000001
Botswana,BWA,AFR,Upper-middle,2009,336.53146362000007,6.62081194,51.50703811999999,5.4235305799999995
Botswana,BWA,AFR,Upper-middle,2010,389.55178833,6.26718187,57.55473709,4.99356318
Botswana,BWA,AFR,Upper-middle,2011,427.70709229000005,5.86915016,61.41548537999999,4.5739603
Botswana,BWA,AFR,Upper-middle,2012,418.82244873,6.35010576,64.50315094,4.2400465
Botswana,BWA,AFR,Upper-middle,2013,433.29150391000013,6.49913645,63.92881392999999,3.78434443
Botswana,BWA,AFR,Upper-middle,2014,418.82452393000005,5.880405900000001,67.85910797,3.71709538
Botswana,BWA,AFR,Upper-middle,2015,374.79058838,6.10287762,67.75788115999998,3.5778174399999996
Botswana,BWA,AFR,Upper-middle,2016,389.31076049999996,5.768376350000001,66.52246857,3.30749416
Botswana,BWA,AFR,Upper-middle,2017,471.05056762999993,6.629869940000001,75.6595993,2.99324226
Botswana,BWA,AFR,Upper-middle,2018,447.4473876999999,6.040103439999999,68.58382415999998,5.105791569999999
Botswana,BWA,AFR,Upper-middle,2019,438.28546143000005,6.121932030000001,71.43073272999999,4.49591017
Botswana,BWA,AFR,Upper-middle,2020,386.28860474000004,6.121339799999999,73.34910582999998,4.951548099999998
Botswana,BWA,AFR,Upper-middle,2021,492.14260864000005,6.307548049999999,76.60140991,4.265482429999999
Botswana,BWA,AFR,Upper-middle,2022,477.83258056999995,5.72838593,75.09358215,4.39138889
Burkina Faso,BFA,AFR,Low,2000,7.34345675,2.9502634999999997,32.583297730000005,42.160079960000004
Burkina Faso,BFA,AFR,Low,2001,7.494851109999999,2.88835382,33.63924408,42.729385380000004
Burkina Faso,BFA,AFR,Low,2002,8.487154010000001,2.97113013,35.609024049999995,38.27582932
Burkina Faso,BFA,AFR,Low,2003,11.389674190000001,3.14307284,31.185636519999996,33.38692856
Burkina Faso,BFA,AFR,Low,2004,17.02963448,4.217209339999999,40.3057785,30.438840869999996
Burkina Faso,BFA,AFR,Low,2005,17.430816650000004,3.9510958200000013,30.94970894,30.71225548
Burkina Faso,BFA,AFR,Low,2006,20.56399536,4.51446247,31.697639469999995,30.85259819
Burkina Faso,BFA,AFR,Low,2007,26.93720627,5.23373222,27.36342812,27.39347267
Burkina Faso,BFA,AFR,Low,2008,28.790264130000004,4.6478071199999995,29.28507042,30.95701027
Burkina Faso,BFA,AFR,Low,2009,30.569309230000005,5.08159161,32.30834960999999,31.440690989999997
Burkina Faso,BFA,AFR,Low,2010,32.74515533,5.239583489999999,24.931541440000007,30.168731689999994
Burkina Faso,BFA,AFR,Low,2011,33.704093930000006,4.6486816399999995,28.958784100000003,32.881702419999996
Burkina Faso,BFA,AFR,Low,2012,33.66717529,4.60267258,23.127893449999995,32.38356781
Burkina Faso,BFA,AFR,Low,2013,42.26796341000001,5.56331587,28.98208808999999,33.53733063
Burkina Faso,BFA,AFR,Low,2014,38.24516678000001,5.000272270000001,32.53527451000001,34.078475950000005
Burkina Faso,BFA,AFR,Low,2015,32.3375206,5.1319241500000015,28.375080110000006,36.02980042
Burkina Faso,BFA,AFR,Low,2016,39.52329253999999,5.95486307,40.083732600000005,31.383094789999994
Burkina Faso,BFA,AFR,Low,2017,42.94480132999999,6.05965996,43.30178452,31.677679060000003
Burkina Faso,BFA,AFR,Low,2018,38.91588593,4.9995389,42.507408139999995,35.83074951000001
Burkina Faso,BFA,AFR,Low,2019,41.05052185000001,5.36802721,41.813590999999995,34.69356155
Burkina Faso,BFA,AFR,Low,2020,54.28778839,6.577148439999999,43.45897293,34.64081192
Burkina Faso,BFA,AFR,Low,2021,57.22399521,6.407478810000001,42.81739426000001,34.64732361
Burkina Faso,BFA,AFR,Low,2022,56.75708389000001,6.7718200699999995,40.218158720000005,34.618560790000004
Burundi,BDI,AFR,Low,2000,5.67927122,4.22181606,34.70241928,61.138782500000005
Burundi,BDI,AFR,Low,2001,7.508155819999999,5.6818041799999985,29.787052149999994,45.43356323000001
Burundi,BDI,AFR,Low,2002,6.46998882,5.349835870000001,28.70185471,49.843299869999996
Burundi,BDI,AFR,Low,2003,5.87316799,5.27245188,25.701150889999997,50.25006485
Burundi,BDI,AFR,Low,2004,8.882480620000003,7.09572744,33.374931339999996,38.59356308
Burundi,BDI,AFR,Low,2005,11.131181719999999,7.560165880000001,27.28089142,39.187202449999994
Burundi,BDI,AFR,Low,2006,14.105147359999998,8.712648390000002,27.133121489999997,39.727882390000005
Burundi,BDI,AFR,Low,2007,15.262946130000003,9.1855402,26.822944640000003,41.130889890000006
Burundi,BDI,AFR,Low,2008,14.67025566,7.741475109999999,20.140068050000004,42.897148130000005
Burundi,BDI,AFR,Low,2009,18.319963460000004,9.23238468,22.53801537,35.45698547
Burundi,BDI,AFR,Low,2010,24.451147080000002,11.281967159999999,17.597038270000002,28.186361310000002
Burundi,BDI,AFR,Low,2011,23.16802216,10.06996346,34.469596859999996,25.475242609999995
Burundi,BDI,AFR,Low,2012,20.011959080000004,8.63756466,30.9056015,22.402347560000003
Burundi,BDI,AFR,Low,2013,20.26322556,8.628346440000001,17.85822868,20.861875530000002
Burundi,BDI,AFR,Low,2014,18.066011429999996,7.210815429999999,38.64748383,31.001066209999998
Burundi,BDI,AFR,Low,2015,17.67567825,6.29022646,38.465145109999995,31.20963097
Burundi,BDI,AFR,Low,2016,18.59472847,7.061482430000001,31.66303062,28.367517469999996
Burundi,BDI,AFR,Low,2017,19.16801643,6.952757359999998,28.96152306,28.99659729
Burundi,BDI,AFR,Low,2018,18.678192140000004,7.293961520000001,28.208528519999998,27.11566161999999
Burundi,BDI,AFR,Low,2019,22.244773859999995,9.050107959999998,25.139719009999993,22.21640587
Burundi,BDI,AFR,Low,2020,26.219343190000007,10.718372339999998,20.14390373,20.45733452
Burundi,BDI,AFR,Low,2021,23.217405320000005,8.994842529999998,24.766427990000004,24.584613799999996
Burundi,BDI,AFR,Low,2022,24.687185290000002,8.395226480000002,18.90350533,24.51572418
Cabo Verde,CPV,AFR,Lower-middle,2000,59.54011154,4.4340119399999995,71.29876709000001,25.259189610000004
Cabo Verde,CPV,AFR,Lower-middle,2001,63.55782317999999,4.75244379,73.01193237000001,23.3310833
Cabo Verde,CPV,AFR,Lower-middle,2002,69.12203979,4.755515099999999,72.79753113,23.523815159999998
Cabo Verde,CPV,AFR,Lower-middle,2003,84.66289520000001,4.8596043600000005,73.35092926,24.172353740000002
Cabo Verde,CPV,AFR,Lower-middle,2004,93.43228912000001,4.750737189999999,71.35682678,23.833986279999998
Cabo Verde,CPV,AFR,Lower-middle,2005,96.08917999000002,4.47569275,69.10211945,24.59075356
Cabo Verde,CPV,AFR,Lower-middle,2006,113.13097382000001,5.12305117,66.25391388,23.799573899999995
Cabo Verde,CPV,AFR,Lower-middle,2007,127.73626709,5.14727354,71.06494141,22.91623306
Cabo Verde,CPV,AFR,Lower-middle,2008,127.78376007000001,4.35203123,68.44342804,24.45173645
Cabo Verde,CPV,AFR,Lower-middle,2009,130.19699097,3.9660234500000007,71.54019928,24.22961617
Cabo Verde,CPV,AFR,Lower-middle,2010,146.0806427,4.08108234,63.25498581000001,28.08193207
Cabo Verde,CPV,AFR,Lower-middle,2011,157.06980896,3.9247736900000008,66.54673767,25.892929080000005
Cabo Verde,CPV,AFR,Lower-middle,2012,174.66062927,4.6740550999999995,59.89725494,24.56819153
Cabo Verde,CPV,AFR,Lower-middle,2013,191.1048584,4.82468271,57.76818085000001,24.25014687
Cabo Verde,CPV,AFR,Lower-middle,2014,193.39482117000003,4.85231543,57.13072205000001,25.69905281
Cabo Verde,CPV,AFR,Lower-middle,2015,150.28823853,4.40073681,65.82189177999999,27.7348938
Cabo Verde,CPV,AFR,Lower-middle,2016,157.39906311,4.361340050000001,63.497642520000014,28.66605758999999
Cabo Verde,CPV,AFR,Lower-middle,2017,184.75575256,4.74573231,61.27914047,28.32613182
Cabo Verde,CPV,AFR,Lower-middle,2018,204.45397949,4.76032305,60.12081909000001,28.098558429999997
Cabo Verde,CPV,AFR,Lower-middle,2019,195.76327515,4.47111464,62.527725220000015,28.21940231
Cabo Verde,CPV,AFR,Lower-middle,2020,235.43498229999994,6.633197779999999,66.27593231,25.588119509999995
Cabo Verde,CPV,AFR,Lower-middle,2021,282.93057251,7.316606999999999,73.88491058,21.341701509999993
Cabo Verde,CPV,AFR,Lower-middle,2022,285.96945189999997,6.674402240000001,64.18095398,25.71064949
Cameroon,CMR,AFR,Lower-middle,2000,30.438097000000006,4.29573393,15.01742268,78.47399902000002
Cameroon,CMR,AFR,Lower-middle,2001,29.822973250000008,4.16830397,18.7194252,75.10469817999999
Cameroon,CMR,AFR,Lower-middle,2002,31.795774459999997,4.02669907,22.14606094,70.18141174
Cameroon,CMR,AFR,Lower-middle,2003,38.56394196,3.90227985,21.97872734,71.51586913999999
Cameroon,CMR,AFR,Lower-middle,2004,42.25278473,3.7279899100000002,18.92535973,73.89202118
Cameroon,CMR,AFR,Lower-middle,2005,43.10830688,3.77274442,17.284151080000004,74.33882904
Cameroon,CMR,AFR,Lower-middle,2006,44.52022934,3.73662829,17.34461594,74.35810852
Cameroon,CMR,AFR,Lower-middle,2007,50.309112549999995,3.7949879200000005,14.991613390000003,75.56835175
Cameroon,CMR,AFR,Lower-middle,2008,54.58909225,3.658436779999999,15.053415300000001,74.24559021000002
Cameroon,CMR,AFR,Lower-middle,2009,51.14823914,3.4999718700000004,12.80033684,76.76542663999999
Cameroon,CMR,AFR,Lower-middle,2010,50.03335571000001,3.5774216700000006,11.358883859999999,76.02136229999999
Cameroon,CMR,AFR,Lower-middle,2011,58.33031845000001,3.8528294599999997,14.87105846,69.64955139000001
Cameroon,CMR,AFR,Lower-middle,2012,56.964412689999996,3.9310235999999996,16.282978059999998,66.84483337
Cameroon,CMR,AFR,Lower-middle,2013,57.22771454,3.6313643499999997,13.228667259999998,69.71942139000001
Cameroon,CMR,AFR,Lower-middle,2014,71.61038208,4.34148788,13.584598540000002,68.98474121000001
Cameroon,CMR,AFR,Lower-middle,2015,58.382980350000004,4.126005170000001,8.818126679999999,73.83300781
Cameroon,CMR,AFR,Lower-middle,2016,57.99372482000001,4.022537229999999,9.097011569999998,73.38752747000001
Cameroon,CMR,AFR,Lower-middle,2017,56.74576950000001,3.7929394200000006,3.7229189899999993,78.46200562000001
Cameroon,CMR,AFR,Lower-middle,2018,58.32909393,3.6197016199999994,9.70626259,72.26169586
Cameroon,CMR,AFR,Lower-middle,2019,56.794937129999994,3.65157914,11.1423645,72.18878174
Cameroon,CMR,AFR,Lower-middle,2020,66.17185211,4.25051928,14.274831769999997,71.87678528
Cameroon,CMR,AFR,Lower-middle,2021,72.56921387,4.30539274,11.255298610000002,70.62872314
Cameroon,CMR,AFR,Lower-middle,2022,71.97737885000001,4.47835922,14.98838997,67.69355011
Central African Republic,CAF,AFR,Low,2000,9.9123354,4.3808217,39.264194489999994,48.278137210000004
Central African Republic,CAF,AFR,Low,2001,9.20995235,4.010439870000001,37.82127380000001,54.10288238999999
Central African Republic,CAF,AFR,Low,2002,10.441326140000001,4.236336229999999,33.85780334,49.59783553999999
Central African Republic,CAF,AFR,Low,2003,12.15000153,4.1857247399999995,36.85707855,49.06583023
Central African Republic,CAF,AFR,Low,2004,12.96809387,4.143679140000001,35.58167267,53.130779269999984
Central African Republic,CAF,AFR,Low,2005,13.935174940000001,4.228575709999999,24.482995990000003,51.719738010000015
Central African Republic,CAF,AFR,Low,2006,15.15495491,4.31108665,28.462350849999996,51.5475769
Central African Republic,CAF,AFR,Low,2007,18.24629021,4.6338892000000005,27.42961884,49.707824710000004
Central African Republic,CAF,AFR,Low,2008,18.02888489,4.0263576500000005,21.030677800000003,57.972454070000005
Central African Republic,CAF,AFR,Low,2009,21.377738949999998,4.68325615,15.6306715,47.84398651
Central African Republic,CAF,AFR,Low,2010,17.01008034,3.56699872,16.17175674,59.520267489999995
Central African Republic,CAF,AFR,Low,2011,19.629907610000004,3.6756186499999997,11.30035496,58.583953859999994
Central African Republic,CAF,AFR,Low,2012,21.33021736,3.9181444600000006,15.890748019999998,58.08099365
Central African Republic,CAF,AFR,Low,2013,17.36794472,4.7666020399999995,20.621122359999998,45.238342290000006
Central African Republic,CAF,AFR,Low,2014,18.7120266,4.565573689999999,15.57443905,46.46343231000001
Central African Republic,CAF,AFR,Low,2015,18.44194221,5.034341809999999,9.054848669999998,48.77671813999999
Central African Republic,CAF,AFR,Low,2016,21.07796097,5.44402313,11.012705799999999,55.209556580000005
Central African Republic,CAF,AFR,Low,2017,28.81619644,6.66541576,10.93435097,56.415893549999986
Central African Republic,CAF,AFR,Low,2018,51.3541069,10.995266910000002,6.26232672,41.67272949
Central African Republic,CAF,AFR,Low,2019,35.76098633,7.76140118,10.55166054,60.55825424
Central African Republic,CAF,AFR,Low,2020,42.63475799999999,8.985553739999999,13.594141010000001,49.67552567
Central African Republic,CAF,AFR,Low,2021,46.24643707,9.15270615,13.81337929,49.57910919
Central African Republic,CAF,AFR,Low,2022,47.91517639,9.95509052,16.000583650000003,47.64571381
Chad,TCD,AFR,Low,2000,10.07452297,4.00526953,38.03084946,56.216259000000015
Chad,TCD,AFR,Low,2001,11.64042854,3.8847577600000007,34.86683273000001,58.260929110000006
Chad,TCD,AFR,Low,2002,18.01737785,5.33389902,28.84228706,64.73538208
Chad,TCD,AFR,Low,2003,18.0202446,4.04336071,31.53384018,47.41553116
Chad,TCD,AFR,Low,2004,27.749942780000005,4.0365486100000005,34.872104639999996,51.01406860000001
Chad,TCD,AFR,Low,2005,31.276088710000003,3.5528960200000013,29.538068770000002,56.222511289999986
Chad,TCD,AFR,Low,2006,33.86511229999999,3.5379292999999996,20.45419693,63.660358429999995
Chad,TCD,AFR,Low,2007,34.0423584,3.146046879999999,23.549642560000002,64.9182663
Chad,TCD,AFR,Low,2008,36.89921951,2.9498815499999997,19.59093285,68.81594849
Chad,TCD,AFR,Low,2009,34.824352260000005,3.1831555400000004,20.85106277,65.01296997
Chad,TCD,AFR,Low,2010,35.26005936,3.0407900800000003,20.981616969999997,67.58454132
Chad,TCD,AFR,Low,2011,37.35868073,2.9342060100000005,21.09589958,60.77016067999999
Chad,TCD,AFR,Low,2012,36.20247269,2.9589653,24.55139542,59.42821884
Chad,TCD,AFR,Low,2013,38.59413528,3.1230278,28.246723179999996,58.6379509
Chad,TCD,AFR,Low,2014,42.162761689999996,3.2855083899999995,28.53781508999999,55.72120285
Chad,TCD,AFR,Low,2015,33.82092285,3.4150466900000005,21.26423645,56.724205020000014
Chad,TCD,AFR,Low,2016,31.960380550000004,3.6040275100000008,17.373525619999995,55.14606857000001
Chad,TCD,AFR,Low,2017,29.993589399999998,3.51023412,14.979307169999998,59.87926483
Chad,TCD,AFR,Low,2018,31.204370499999992,3.2893219,14.23211384,64.376091
Chad,TCD,AFR,Low,2019,30.23999405,3.38253808,15.179442409999998,63.69689177999999
Chad,TCD,AFR,Low,2020,37.73088073999999,4.453314300000001,12.67602348,69.76126099
Chad,TCD,AFR,Low,2021,37.591567989999994,4.178515429999999,18.54059792,69.48040771000002
Chad,TCD,AFR,Low,2022,40.170074459999995,4.52549791,22.26643753,58.17550659000001
Comoros,COM,AFR,Lower-middle,2000,47.594333649999996,7.520749090000001,11.86565685,79.71902465999999
Comoros,COM,AFR,Lower-middle,2001,45.345947269999996,6.66054344,8.02641773,81.27288817999998
Comoros,COM,AFR,Lower-middle,2002,51.12133408,6.688227650000002,14.309215550000005,76.19380951000001
Comoros,COM,AFR,Lower-middle,2003,63.91786193999999,6.660248279999999,12.806363110000001,73.11751556
Comoros,COM,AFR,Lower-middle,2004,70.61806487999999,6.585761549999999,12.01578045,73.01578521999998
Comoros,COM,AFR,Lower-middle,2005,67.79858397999999,6.12670708,11.319617269999998,76.20360565000001
Comoros,COM,AFR,Lower-middle,2006,65.72916412000001,5.7734184299999995,11.1784029,79.49471283
Comoros,COM,AFR,Lower-middle,2007,69.87202453999998,5.41753864,10.447164540000001,81.81255341
Comoros,COM,AFR,Lower-middle,2008,73.75498962,5.068974970000001,8.54952526,83.37431334999998
Comoros,COM,AFR,Lower-middle,2009,69.48489379999998,4.92694378,7.693862919999999,84.12468719
Comoros,COM,AFR,Lower-middle,2010,69.21523285,4.991815570000001,7.54602146,80.46083832000002
Comoros,COM,AFR,Lower-middle,2011,81.19863892,5.302118299999999,18.044151309999997,64.04379272
Comoros,COM,AFR,Lower-middle,2012,77.10220337000001,5.173546310000001,15.37328148,67.96592712
Comoros,COM,AFR,Lower-middle,2013,81.81765747,5.1029930100000005,12.929333690000004,68.00801849000001
Comoros,COM,AFR,Lower-middle,2014,84.63935852000002,5.238497259999999,10.593005179999997,65.51406097000002
Comoros,COM,AFR,Lower-middle,2015,61.163002010000014,4.6008992200000005,10.131197929999999,74.98792267
Comoros,COM,AFR,Lower-middle,2016,63.53099442,4.65263557,12.33709335,71.2664566
Comoros,COM,AFR,Lower-middle,2017,75.01337432999999,5.26807451,12.82911968,63.84443665000001
Comoros,COM,AFR,Lower-middle,2018,74.89152527000002,4.90318584,15.613079069999998,67.24486542000001
Comoros,COM,AFR,Lower-middle,2019,78.23674773999998,5.1804447200000014,16.06903648,61.82796477999999
Comoros,COM,AFR,Lower-middle,2020,89.67817688,5.902421,21.90417671,61.9016304
Comoros,COM,AFR,Lower-middle,2021,100.04210662999998,6.4336924600000005,14.690966609999998,55.806957239999996
Comoros,COM,AFR,Lower-middle,2022,122.93584442000001,8.380385400000002,10.332404140000003,43.93103027
Congo,COG,AFR,Lower-middle,2000,17.350893019999997,1.5050084599999995,34.19882965,52.69972229000001
Congo,COG,AFR,Lower-middle,2001,20.303905490000002,2.1852998700000006,44.16408156999999,45.78503036
Congo,COG,AFR,Lower-middle,2002,16.99031258,1.70167828,25.385707859999997,61.422706600000005
Congo,COG,AFR,Lower-middle,2003,21.51475716,1.9185240299999997,26.122154239999997,61.434616089999984
Congo,COG,AFR,Lower-middle,2004,27.500568389999994,1.9215236900000001,22.647430419999996,55.60840607
Congo,COG,AFR,Lower-middle,2005,30.903043750000002,1.7177410100000003,25.157169340000003,51.97861098999999
Congo,COG,AFR,Lower-middle,2006,35.94208145,1.70861316,32.477916719999996,48.682071689999994
Congo,COG,AFR,Lower-middle,2007,41.96711731000001,1.9020017399999998,30.836910249999995,49.15676117000001
Congo,COG,AFR,Lower-middle,2008,63.41820908,2.2392714000000002,49.091251369999995,37.85081100000001
Congo,COG,AFR,Lower-middle,2009,48.653137210000004,2.1422223999999996,28.83498573,50.37175751000001
Congo,COG,AFR,Lower-middle,2010,54.56225585999999,1.8517285600000002,44.735919949999996,42.15446472000001
Congo,COG,AFR,Lower-middle,2011,59.513481139999996,1.7523732200000002,37.168994899999994,41.09134673999999
Congo,COG,AFR,Lower-middle,2012,71.2766571,1.9097106500000003,42.882751459999994,29.73799133
Congo,COG,AFR,Lower-middle,2013,71.85824584999999,1.94347155,48.19468307,30.652585980000005
Congo,COG,AFR,Lower-middle,2014,71.03118896000002,1.97311735,47.99256516000001,31.18631554
Congo,COG,AFR,Lower-middle,2015,57.30290604,2.45668483,45.54232788000001,32.46011734
Congo,COG,AFR,Lower-middle,2016,54.30001450000001,2.5942299400000004,43.156547550000006,44.256782529999995
Congo,COG,AFR,Lower-middle,2017,52.29982376,2.3647601600000003,38.36984253,45.59011841
Congo,COG,AFR,Lower-middle,2018,47.31021500000001,1.7558498400000002,35.32498169,50.25749588000001
Congo,COG,AFR,Lower-middle,2019,58.42106627999999,2.34771276,43.840644839999996,42.17203902999999
Congo,COG,AFR,Lower-middle,2020,80.09735107,4.017750739999999,43.169670100000005,25.190233229999997
Congo,COG,AFR,Lower-middle,2021,79.32960510000001,3.4933967600000004,49.24162292000001,23.892320630000004
Congo,COG,AFR,Lower-middle,2022,50.60568618999999,2.19224548,36.744865420000004,25.39348602
Côte d'Ivoire,CIV,AFR,Lower-middle,2000,33.58165741,4.00220871,14.664367680000002,77.68719482
Côte d'Ivoire,CIV,AFR,Lower-middle,2001,33.94552612,3.985145329999999,12.79208946,79.47658539
Côte d'Ivoire,CIV,AFR,Lower-middle,2002,36.06715393,3.92374444,13.846336359999999,78.18621826
Côte d'Ivoire,CIV,AFR,Lower-middle,2003,43.81231308,3.95147705,13.04556465,76.07664489999999
Côte d'Ivoire,CIV,AFR,Lower-middle,2004,47.047008510000005,4.021487240000001,13.92349815,77.01480103
Côte d'Ivoire,CIV,AFR,Lower-middle,2005,46.69436264000001,3.9663908500000007,13.339336399999999,76.73565674
Côte d'Ivoire,CIV,AFR,Lower-middle,2006,47.089042660000004,3.9286146200000003,14.198357580000001,75.94538878999998
Côte d'Ivoire,CIV,AFR,Lower-middle,2007,56.15083693999999,4.19379663,16.206346509999996,68.75501251
Côte d'Ivoire,CIV,AFR,Lower-middle,2008,64.67678833,4.138710499999999,16.419532780000004,65.54959869000001
Côte d'Ivoire,CIV,AFR,Lower-middle,2009,71.06480408,4.639714239999999,18.049510960000003,57.42655182000001
Côte d'Ivoire,CIV,AFR,Lower-middle,2010,70.04605103,4.574948310000001,18.360277179999997,56.47934340999999
Côte d'Ivoire,CIV,AFR,Lower-middle,2011,67.97618103,4.3970069899999995,13.187049870000005,59.20729446
Côte d'Ivoire,CIV,AFR,Lower-middle,2012,69.86203003,4.4273715000000005,16.85137749,52.798114780000006
Côte d'Ivoire,CIV,AFR,Lower-middle,2013,67.13149261000001,3.717737910000001,19.57717896,56.15932083
Côte d'Ivoire,CIV,AFR,Lower-middle,2014,74.3581543,3.7310182999999997,20.841577530000002,51.143421169999996
Côte d'Ivoire,CIV,AFR,Lower-middle,2015,58.431819919999995,3.2198832000000004,24.983930589999993,42.58926391999999
Côte d'Ivoire,CIV,AFR,Lower-middle,2016,61.85705565999999,3.3210127399999996,25.68556023,40.01249313
Côte d'Ivoire,CIV,AFR,Lower-middle,2017,63.779430389999995,3.2469303600000003,28.724674219999997,39.21524048
Côte d'Ivoire,CIV,AFR,Lower-middle,2018,65.87952422999999,3.0916778999999996,29.06596375,39.28532410000001
Côte d'Ivoire,CIV,AFR,Lower-middle,2019,68.30471039,3.1891684500000004,30.205005649999997,37.26046371
Côte d'Ivoire,CIV,AFR,Lower-middle,2020,78.97766876,3.6232788600000005,36.75761032,31.99206734
Côte d'Ivoire,CIV,AFR,Lower-middle,2021,92.39588927999999,3.7620766199999998,42.266845700000005,28.367086410000002
Côte d'Ivoire,CIV,AFR,Lower-middle,2022,86.15213013,3.642412900000001,36.75194168,28.808750149999998
Democratic Republic of the Congo,COD,AFR,Low,2000,17.52071953,1.46594739,4.24369383,54.02555847000001
Democratic Republic of the Congo,COD,AFR,Low,2001,5.4341011,2.62310982,4.056744100000001,72.38018799
Democratic Republic of the Congo,COD,AFR,Low,2002,4.175786020000002,2.5701293899999995,4.05786419,71.28810883
Democratic Republic of the Congo,COD,AFR,Low,2003,6.032576080000001,3.73353338,6.148400310000001,68.03038788
Democratic Republic of the Congo,COD,AFR,Low,2004,7.8330483399999995,4.335641860000001,4.674807070000001,72.11377716
Democratic Republic of the Congo,COD,AFR,Low,2005,8.550657269999999,3.98558235,5.1914134,69.36360931
Democratic Republic of the Congo,COD,AFR,Low,2006,10.376457209999998,4.06210661,5.20065928,68.51200867000001
Democratic Republic of the Congo,COD,AFR,Low,2007,11.5629034,3.89384961,5.63541269,63.85579299999999
Democratic Republic of the Congo,COD,AFR,Low,2008,15.36659527,4.31254816,5.8332605399999995,49.68735886
Democratic Republic of the Congo,COD,AFR,Low,2009,12.757620809999995,4.51133156,6.85914612,45.41014099
Democratic Republic of the Congo,COD,AFR,Low,2010,12.142311099999999,3.722242829999999,10.30625916,37.0503006
Democratic Republic of the Congo,COD,AFR,Low,2011,11.89942932,3.19435549,10.8527813,38.824096680000004
Democratic Republic of the Congo,COD,AFR,Low,2012,13.205955509999999,3.2215035,16.134819030000003,40.275028230000004
Democratic Republic of the Congo,COD,AFR,Low,2013,15.37901688,3.3405752200000003,13.974921230000001,39.43297195
Democratic Republic of the Congo,COD,AFR,Low,2014,18.22281265,3.7252061399999987,13.843813900000004,38.71640778
Democratic Republic of the Congo,COD,AFR,Low,2015,18.57252884,3.747854470000001,16.678548810000002,37.42670821999999
Democratic Republic of the Congo,COD,AFR,Low,2016,19.3114109,4.200278279999999,12.625305180000002,37.29187775
Democratic Republic of the Congo,COD,AFR,Low,2017,18.14648819,4.0005779299999995,9.949007029999999,40.124717710000006
Democratic Republic of the Congo,COD,AFR,Low,2018,17.290771480000004,3.24127173,15.07837677,41.61063766
Democratic Republic of the Congo,COD,AFR,Low,2019,19.20812035,3.508039,15.81804085,38.497005460000004
Democratic Republic of the Congo,COD,AFR,Low,2020,20.5593071,3.97694445,16.061899190000002,39.717937469999995
Democratic Republic of the Congo,COD,AFR,Low,2021,21.58848572,3.67749357,16.76400948,39.12869644
Democratic Republic of the Congo,COD,AFR,Low,2022,24.386150360000002,3.78614616,18.37996101,37.07655334
Equatorial Guinea,GNQ,AFR,Upper-middle,2000,18.240360259999996,1.10719955,28.81677818,57.607387540000005
Equatorial Guinea,GNQ,AFR,Upper-middle,2001,26.85599136,1.20301223,15.783335690000001,59.8611412
Equatorial Guinea,GNQ,AFR,Upper-middle,2002,71.37155151,2.74982214,5.76654434,86.49803162
Equatorial Guinea,GNQ,AFR,Upper-middle,2003,81.20886229999999,1.82749844,10.92598152,81.11119842999999
Equatorial Guinea,GNQ,AFR,Upper-middle,2004,96.12361144999998,1.4529323599999997,11.03989983,79.72442627000001
Equatorial Guinea,GNQ,AFR,Upper-middle,2005,112.03458404999999,1.2964301099999997,15.94516563,74.13480377000002
Equatorial Guinea,GNQ,AFR,Upper-middle,2006,131.67703247000003,1.29171872,20.2258358,66.93778229
Equatorial Guinea,GNQ,AFR,Upper-middle,2007,164.44679259999998,1.3016579199999998,22.26040459,64.73770904999999
Equatorial Guinea,GNQ,AFR,Upper-middle,2008,203.97105408,1.11555505,26.695251459999998,61.84256363000001
Equatorial Guinea,GNQ,AFR,Upper-middle,2009,234.87966919000002,1.7679051199999996,33.260135649999995,55.94324112
Equatorial Guinea,GNQ,AFR,Upper-middle,2010,222.45153809000004,1.6213474300000001,27.98443985,62.082935329999984
Equatorial Guinea,GNQ,AFR,Upper-middle,2011,245.80303955000005,1.4292364100000001,28.333730699999997,61.24413299999999
Equatorial Guinea,GNQ,AFR,Upper-middle,2012,262.1546936,1.5145945500000002,34.61212921,57.16555023000001
Equatorial Guinea,GNQ,AFR,Upper-middle,2013,267.67111206,1.6417441400000001,26.022003169999998,67.62825012
Equatorial Guinea,GNQ,AFR,Upper-middle,2014,272.72619629,1.7540163999999998,26.849403380000002,68.0956955
Equatorial Guinea,GNQ,AFR,Upper-middle,2015,212.26531982,2.3405823700000004,23.686483380000006,71.53514862
Equatorial Guinea,GNQ,AFR,Upper-middle,2016,213.11793518,2.85941601,24.287933349999996,71.80521393000001
Equatorial Guinea,GNQ,AFR,Upper-middle,2017,214.52722168,2.7471416000000004,21.506670000000003,73.52881621999998
Equatorial Guinea,GNQ,AFR,Upper-middle,2018,231.10166931000003,2.8522372199999997,21.889730449999995,72.94802093999999
Equatorial Guinea,GNQ,AFR,Upper-middle,2019,215.54243469000002,3.16780853,20.40626907,76.37429809999999
Equatorial Guinea,GNQ,AFR,Upper-middle,2020,230.32144165,3.99582434,21.637537000000002,75.12573242
Equatorial Guinea,GNQ,AFR,Upper-middle,2021,236.81486510999997,3.3946809799999995,19.972400669999995,77.40676879999998
Equatorial Guinea,GNQ,AFR,Upper-middle,2022,190.09381104,2.9135000699999996,26.24667931,70.37992096
Eritrea,ERI,AFR,Low,2000,14.03034782,5.76670074,35.591434480000004,63.76799011000001
Eritrea,ERI,AFR,Low,2001,14.90675831,5.91931677,30.272943500000004,55.92797852000001
Eritrea,ERI,AFR,Low,2002,15.77544498,6.688574310000002,31.689487460000002,46.02165222000001
Eritrea,ERI,AFR,Low,2003,19.81480217,7.337033749999999,22.747404100000004,38.933055880000005
Eritrea,ERI,AFR,Low,2004,23.15624809,7.009849069999999,22.24495316,35.13972092000001
Eritrea,ERI,AFR,Low,2005,21.926519390000003,6.864175800000001,12.426644329999998,35.23891449
Eritrea,ERI,AFR,Low,2006,23.774087910000002,6.85727453,11.930839540000003,34.45652389999999
Eritrea,ERI,AFR,Low,2007,19.626663209999997,5.278629299999999,23.015113830000004,44.093063349999994
Eritrea,ERI,AFR,Low,2008,21.550657270000002,6.578075409999999,25.031511310000003,32.59598923
Eritrea,ERI,AFR,Low,2009,24.351024630000005,5.42343187,19.66172409,45.821857449999996
Eritrea,ERI,AFR,Low,2010,26.006521220000003,4.818665029999999,20.901067730000005,48.655364989999995
Eritrea,ERI,AFR,Low,2011,35.551296230000005,5.1622901,14.823793410000002,36.474445339999995
Eritrea,ERI,AFR,Low,2012,27.786890030000002,3.74245787,21.126775740000003,52.55269241
Eritrea,ERI,AFR,Low,2013,31.63773346,4.9676513700000005,15.632317539999999,48.77749634
Eritrea,ERI,AFR,Low,2014,32.93447495,3.9143228500000005,13.093001370000001,50.96211243
Eritrea,ERI,AFR,Low,2015,29.222089769999997,4.50776815,16.361764909999998,42.904296880000004
Eritrea,ERI,AFR,Low,2016,26.005924219999997,3.7383894900000003,19.63583755,59.00007247999999
Eritrea,ERI,AFR,Low,2017,25.102706910000002,4.153594489999999,24.274786,46.973720549999996
Eritrea,ERI,AFR,Low,2018,26.682010650000002,4.247488979999999,14.724340440000002,50.77529526
Eritrea,ERI,AFR,Low,2019,28.42930794,4.64806461,15.956349370000002,46.440677640000004
Eritrea,ERI,AFR,Low,2020,27.662416459999996,4.310466770000001,19.522441859999997,48.56505585
Eritrea,ERI,AFR,Low,2021,27.587594990000003,4.178390029999999,21.230571749999996,49.67214584
Eritrea,ERI,AFR,Low,2022,27.08350372,3.87447667,23.240819929999997,54.3067894
Eswatini,SWZ,AFR,Lower-middle,2000,76.93126678000002,4.609517570000001,52.30070876999999,18.52517891
Eswatini,SWZ,AFR,Lower-middle,2001,75.41345978000001,5.138953689999999,46.39696884,17.861988070000002
Eswatini,SWZ,AFR,Lower-middle,2002,74.66481781,5.52298307,43.86367035,16.884168619999997
Eswatini,SWZ,AFR,Lower-middle,2003,131.40959167,6.378643989999999,45.731357570000014,15.057869909999999
Eswatini,SWZ,AFR,Lower-middle,2004,175.89544678,6.814324859999999,44.376293180000005,14.643968580000006
Eswatini,SWZ,AFR,Lower-middle,2005,217.26066589,7.37623358,49.355869289999994,13.244640349999997
Eswatini,SWZ,AFR,Lower-middle,2006,237.50752258000003,7.82560062,44.20730209,12.404337879999998
Eswatini,SWZ,AFR,Lower-middle,2007,252.24301146999997,7.930041309999998,47.340282439999996,12.135823249999998
Eswatini,SWZ,AFR,Lower-middle,2008,265.72091674999996,8.85792923,50.28171920999999,10.542341230000002
Eswatini,SWZ,AFR,Lower-middle,2009,279.68212890999996,8.632922169999999,51.67996216,10.423814770000002
Eswatini,SWZ,AFR,Lower-middle,2010,343.0428466799999,8.591257099999998,49.213871,10.45542145
Eswatini,SWZ,AFR,Lower-middle,2011,365.2526550300001,8.469972610000001,42.63955688,10.48334503
Eswatini,SWZ,AFR,Lower-middle,2012,340.03012085,7.820476059999999,43.64648819,10.508193970000002
Eswatini,SWZ,AFR,Lower-middle,2013,303.40438843000004,7.457034109999998,44.58774566999999,10.53044891
Eswatini,SWZ,AFR,Lower-middle,2014,282.43395996,7.255965709999998,37.75821304,10.550495150000001
Eswatini,SWZ,AFR,Lower-middle,2015,250.71520995999998,7.058552739999999,41.75714873999999,10.568647379999998
Eswatini,SWZ,AFR,Lower-middle,2016,226.41770935,6.820447920000001,41.72721863,10.58516216
Eswatini,SWZ,AFR,Lower-middle,2017,265.50152588000003,6.981037140000001,50.74531937,10.496746060000001
Eswatini,SWZ,AFR,Lower-middle,2018,292.33929443,7.3193774199999995,46.43029022,10.14749718
Eswatini,SWZ,AFR,Lower-middle,2019,320.05084229,8.40033817,52.476993560000004,9.216985699999999
Eswatini,SWZ,AFR,Lower-middle,2020,236.25013733,7.076035020000002,49.98463821,11.32666588
Eswatini,SWZ,AFR,Lower-middle,2021,296.82846069,7.38329172,49.436607359999996,10.800289150000001
Eswatini,SWZ,AFR,Lower-middle,2022,283.88345337,7.222661500000001,44.913257599999994,10.369502070000001
Ethiopia,ETH,AFR,Low,2000,5.28970861,4.365046980000001,41.22506714,35.95730209
Ethiopia,ETH,AFR,Low,2001,5.509551050000001,4.7231669400000005,42.67131042000001,34.55398178
Ethiopia,ETH,AFR,Low,2002,5.1496415099999995,4.7126298,44.16259766000001,37.462627409999996
Ethiopia,ETH,AFR,Low,2003,5.709841729999999,4.899709220000001,46.45886612,34.45893860000001
Ethiopia,ETH,AFR,Low,2004,5.7385993,4.3128185299999995,30.73785019,34.866313930000004
Ethiopia,ETH,AFR,Low,2005,6.4820012999999985,4.100981239999999,42.14082718000001,31.3402977
Ethiopia,ETH,AFR,Low,2006,8.424137120000001,4.45757294,25.128644939999997,38.775333399999994
Ethiopia,ETH,AFR,Low,2007,11.632106779999999,5.00128317,26.65450859,36.99623489
Ethiopia,ETH,AFR,Low,2008,13.038636209999998,4.280638689999999,12.013376240000003,38.47733307
Ethiopia,ETH,AFR,Low,2009,15.144596099999998,4.6496563,19.50697136,41.54084777999999
Ethiopia,ETH,AFR,Low,2010,16.171020509999998,5.466372490000001,17.268548969999998,42.29021071999999
Ethiopia,ETH,AFR,Low,2011,14.62286568,4.468977450000001,8.529364590000002,46.537891390000006
Ethiopia,ETH,AFR,Low,2012,20.002176279999997,4.539595599999999,23.4961834,42.167453769999995
Ethiopia,ETH,AFR,Low,2013,19.266984940000004,4.0750651399999995,26.985385889999996,42.404067989999994
Ethiopia,ETH,AFR,Low,2014,21.606441499999995,4.033655170000001,17.72078896,38.474086760000006
Ethiopia,ETH,AFR,Low,2015,23.21817207,3.8231682799999995,25.251543050000002,36.743480680000005
Ethiopia,ETH,AFR,Low,2016,24.34373283,3.6003375100000006,24.998477940000004,35.43159102999999
Ethiopia,ETH,AFR,Low,2017,24.18239403,3.4533691399999995,24.93995667,34.40161896000001
Ethiopia,ETH,AFR,Low,2018,23.520557399999998,3.3037176100000005,23.198898319999998,35.49158096
Ethiopia,ETH,AFR,Low,2019,25.935119630000003,3.2428712800000006,22.538208009999998,37.81941223
Ethiopia,ETH,AFR,Low,2020,28.280015949999996,3.4809627499999998,28.233140949999996,33.079135889999996
Ethiopia,ETH,AFR,Low,2021,26.069366460000005,3.2075385999999995,30.52746391,37.00738144
Ethiopia,ETH,AFR,Low,2022,27.068521499999996,2.8527457700000003,25.265785219999998,44.596134189999994
Gabon,GAB,AFR,Upper-middle,2000,123.05036925999998,2.90124774,36.66828918,53.20554732999999
Gabon,GAB,AFR,Upper-middle,2001,120.76461029000002,3.1483891000000006,40.11579514,50.86562347000001
Gabon,GAB,AFR,Upper-middle,2002,131.85105896,3.3241329200000003,36.087738040000005,54.17115402
Gabon,GAB,AFR,Upper-middle,2003,166.37802124,3.531879429999999,40.63803482,50.162971500000005
Gabon,GAB,AFR,Upper-middle,2004,181.99996948,3.3297994099999997,40.83040619,49.969921109999994
Gabon,GAB,AFR,Upper-middle,2005,189.56433105000002,2.93180609,35.96187973,52.176410680000004
Gabon,GAB,AFR,Upper-middle,2006,211.75302124,3.14270139,38.736789699999996,51.18814086999999
Gabon,GAB,AFR,Upper-middle,2007,253.09243774,3.162256,39.006011959999995,50.54165268
Gabon,GAB,AFR,Upper-middle,2008,270.23822021,2.78922606,38.092006680000004,52.06109619
Gabon,GAB,AFR,Upper-middle,2009,281.60784912,3.8349442499999995,40.174468989999994,50.69590378000001
Gabon,GAB,AFR,Upper-middle,2010,206.87702942,2.47556901,63.55134582999999,25.50564766
Gabon,GAB,AFR,Upper-middle,2011,261.37597656,2.55771565,61.99216843000001,27.73152733
Gabon,GAB,AFR,Upper-middle,2012,225.07722472999998,2.42097569,61.250446320000016,28.004762649999996
Gabon,GAB,AFR,Upper-middle,2013,261.29452515,2.8408720499999993,64.17147064,28.593019489999996
Gabon,GAB,AFR,Upper-middle,2014,233.05368042,2.53282261,59.88135529,28.129808429999997
Gabon,GAB,AFR,Upper-middle,2015,187.27270507999998,2.65743947,58.909866329999986,25.904659270000003
Gabon,GAB,AFR,Upper-middle,2016,207.50273131999998,3.1076981999999997,64.69581604000001,22.550893780000003
Gabon,GAB,AFR,Upper-middle,2017,192.47543335000003,2.7806887600000003,63.285160059999995,25.15639114
Gabon,GAB,AFR,Upper-middle,2018,209.28697205000003,2.7523510499999997,58.59864807000001,23.11415291
Gabon,GAB,AFR,Upper-middle,2019,205.99945068000002,2.7768568999999994,60.31093597000002,23.08802223
Gabon,GAB,AFR,Upper-middle,2020,225.32466125000002,3.4171762499999994,55.60780716000001,19.971668240000003
Gabon,GAB,AFR,Upper-middle,2021,228.84915160999998,2.690240620000001,59.16372681,21.511352539999997
Gabon,GAB,AFR,Upper-middle,2022,247.09622191999998,2.8559153100000003,64.15214539,18.62278557
Gambia,GMB,AFR,Low,2000,74.83678436,10.785327910000001,5.577295299999999,13.68005371
Gambia,GMB,AFR,Low,2001,55.65046692,8.299257279999999,7.3572583200000015,13.388831139999999
Gambia,GMB,AFR,Low,2002,35.99459839,6.2326026,8.69856262,13.147893910000002
Gambia,GMB,AFR,Low,2003,28.3001461,5.297090529999999,11.07966232,11.727125169999999
Gambia,GMB,AFR,Low,2004,32.15613173999999,5.42000151,14.406154629999998,9.84813023
Gambia,GMB,AFR,Low,2005,33.2039566,5.386024,15.16502285,11.507098199999998
Gambia,GMB,AFR,Low,2006,33.41355896,5.437208180000001,16.269144060000002,13.044981960000001
Gambia,GMB,AFR,Low,2007,35.91078568,4.955019470000001,14.252104759999998,15.06811333
Gambia,GMB,AFR,Low,2008,40.029769900000005,4.65938759,15.642566679999998,16.43968582
Gambia,GMB,AFR,Low,2009,34.59326172,4.464306349999999,20.28476715,17.00421715
Gambia,GMB,AFR,Low,2010,32.99832535,4.119440559999999,22.29020309,18.032358170000002
Gambia,GMB,AFR,Low,2011,31.05148888,4.36967373,23.88619232,19.228359219999998
Gambia,GMB,AFR,Low,2012,29.564092639999995,4.268722529999999,28.257251739999997,19.44659042
Gambia,GMB,AFR,Low,2013,25.590759280000007,3.91374874,27.691230770000004,20.90031433
Gambia,GMB,AFR,Low,2014,17.337434769999998,3.0523457499999997,35.785167689999994,26.826696399999996
Gambia,GMB,AFR,Low,2015,19.677255630000005,3.1761291000000007,31.431089399999998,23.41558647
Gambia,GMB,AFR,Low,2016,20.770860669999998,3.1952371600000005,40.365333559999996,30.499338150000007
Gambia,GMB,AFR,Low,2017,21.553316119999995,3.3544926599999996,31.628593439999996,26.669012069999997
Gambia,GMB,AFR,Low,2018,22.537633899999996,3.2371356500000004,33.03527451000001,19.86009407
Gambia,GMB,AFR,Low,2019,23.21861267,3.1453492600000006,40.93361282,20.29882431
Gambia,GMB,AFR,Low,2020,26.855890269999996,3.72824264,65.05052185000001,17.3896904
Gambia,GMB,AFR,Low,2021,25.39263344,3.1925101299999996,50.35596466,21.03600502
Gambia,GMB,AFR,Low,2022,28.89956109,3.41435836,44.64546756000001,19.8919134
Ghana,GHA,AFR,Lower-middle,2000,10.451774600000002,1.7894485,43.97480391999999,38.04437256
Ghana,GHA,AFR,Lower-middle,2001,12.148219109999998,2.00262952,45.028182980000004,33.58546448
Ghana,GHA,AFR,Lower-middle,2002,14.30371571,2.0873971,33.39795685,31.973571780000007
Ghana,GHA,AFR,Lower-middle,2003,18.89894867,2.2961885900000003,44.04660416,36.10242844
Ghana,GHA,AFR,Lower-middle,2004,23.499010090000002,2.5311326999999997,40.81973266999999,32.52027893
Ghana,GHA,AFR,Lower-middle,2005,38.4290123,3.5028843899999993,54.22654343000001,23.565582280000005
Ghana,GHA,AFR,Lower-middle,2006,49.24240493999999,3.9225561600000005,45.49420547,35.24680328000001
Ghana,GHA,AFR,Lower-middle,2007,57.21900177,3.9624240399999997,44.64767456,39.62923813
Ghana,GHA,AFR,Lower-middle,2008,63.33117676000002,3.95173097,44.268337249999995,41.125103
Ghana,GHA,AFR,Lower-middle,2009,62.34637832999999,4.400910849999999,49.083877560000005,34.955059049999996
Ghana,GHA,AFR,Lower-middle,2010,80.57714844,4.7342505500000005,50.03572082999999,34.31673813
Ghana,GHA,AFR,Lower-middle,2011,91.68003845000001,4.468556399999999,52.75812911999999,32.979148859999995
Ghana,GHA,AFR,Lower-middle,2012,81.94947815000002,3.91583276,50.3574791,36.85724258
Ghana,GHA,AFR,Lower-middle,2013,105.34784697999999,4.59225416,40.46256256,38.87570953000001
Ghana,GHA,AFR,Lower-middle,2014,78.46701813,4.01644135,35.07660675,45.05064011
Ghana,GHA,AFR,Lower-middle,2015,78.21643065999999,4.5429678000000004,35.0822258,35.80306244
Ghana,GHA,AFR,Lower-middle,2016,64.86400604,3.39035821,38.355552669999994,37.823726650000005
Ghana,GHA,AFR,Lower-middle,2017,54.10602187999999,2.6878697899999997,60.66459655999999,22.650836939999998
Ghana,GHA,AFR,Lower-middle,2018,53.37788773,2.4300117500000002,56.41261672999999,33.48161696999999
Ghana,GHA,AFR,Lower-middle,2019,71.14958191,3.25450468,60.594806670000004,28.97685051
Ghana,GHA,AFR,Lower-middle,2020,97.37677765000001,4.4331708,57.02891158999999,23.7503624
Ghana,GHA,AFR,Lower-middle,2021,94.40388489,3.8603086500000003,54.38338470000001,26.498477940000004
Ghana,GHA,AFR,Lower-middle,2022,82.32108307000001,3.699364899999999,55.43715667999999,25.032135009999998
Guinea,GIN,AFR,Lower-middle,2000,22.717224119999997,4.740973,6.35421515,65.37365722999999
Guinea,GIN,AFR,Lower-middle,2001,21.76875114,4.88433027,7.597166540000001,63.41352081
Guinea,GIN,AFR,Lower-middle,2002,24.839178089999997,5.35653734,11.950221059999999,59.40449904999999
Guinea,GIN,AFR,Lower-middle,2003,25.601949690000005,4.7721648199999995,8.845669749999999,62.540893549999986
Guinea,GIN,AFR,Lower-middle,2004,26.41420937,4.77632809,5.0591497400000005,69.50691222999998
Guinea,GIN,AFR,Lower-middle,2005,19.66388702,4.034526820000001,6.47636604,70.15050507000002
Guinea,GIN,AFR,Lower-middle,2006,16.159679410000003,3.61526895,6.86967373,70.81015015
Guinea,GIN,AFR,Lower-middle,2007,22.641433720000002,3.482624770000001,6.9105157900000025,71.87590790000002
Guinea,GIN,AFR,Lower-middle,2008,22.97397041,3.26561713,8.255500790000003,70.94914246000002
Guinea,GIN,AFR,Lower-middle,2009,23.71565628,3.581466439999999,7.26660919,72.49655914
Guinea,GIN,AFR,Lower-middle,2010,22.597417830000005,3.42781734,10.58919907,69.29233551
Guinea,GIN,AFR,Lower-middle,2011,24.128061289999998,3.78955102,13.467756269999999,59.98564529
Guinea,GIN,AFR,Lower-middle,2012,23.70012856,3.503985170000001,14.67796898,62.39929198999998
Guinea,GIN,AFR,Lower-middle,2013,25.904678339999997,3.46108651,14.116614340000002,61.90120697000001
Guinea,GIN,AFR,Lower-middle,2014,36.63517761,4.787992000000001,12.772023199999998,58.35924910999999
Guinea,GIN,AFR,Lower-middle,2015,43.41540527,5.809192660000001,7.390202050000001,49.35240554999999
Guinea,GIN,AFR,Lower-middle,2016,38.461307530000006,5.39694929,12.298505780000001,49.76166534
Guinea,GIN,AFR,Lower-middle,2017,32.63646317,3.91512728,15.342081069999997,64.59755707000001
Guinea,GIN,AFR,Lower-middle,2018,34.88978195000001,3.7384300200000005,16.51498604,67.11582947
Guinea,GIN,AFR,Lower-middle,2019,42.16910172,4.088762279999999,22.523986819999998,59.215427399999996
Guinea,GIN,AFR,Lower-middle,2020,41.102756500000005,3.9009451900000003,19.924936289999998,57.17256165000001
Guinea,GIN,AFR,Lower-middle,2021,44.10476303,3.7175857999999993,18.32088852,53.46712874999999
Guinea,GIN,AFR,Lower-middle,2022,55.03785323999998,3.958477020000001,18.415885929999995,55.45554351999999
Guinea-Bissau,GNB,AFR,Low,2000,13.278551099999998,4.18953228,14.163516999999995,60.70569992000001
Guinea-Bissau,GNB,AFR,Low,2001,14.82278728,4.5310478199999995,10.623247150000001,57.82579041
Guinea-Bissau,GNB,AFR,Low,2002,14.369234090000003,3.9690251399999994,8.93595409,55.99610901
Guinea-Bissau,GNB,AFR,Low,2003,14.831649780000003,3.5331525799999994,12.16519547,57.032169339999996
Guinea-Bissau,GNB,AFR,Low,2004,18.45145988,4.27734661,13.553161619999997,53.80945587
Guinea-Bissau,GNB,AFR,Low,2005,21.077362059999995,4.5516243,11.18083858,52.80937576
Guinea-Bissau,GNB,AFR,Low,2006,22.788612369999996,5.0809288,9.8376627,51.347717290000006
Guinea-Bissau,GNB,AFR,Low,2007,26.158069609999995,5.039413929999999,11.86259842,46.99330902
Guinea-Bissau,GNB,AFR,Low,2008,34.94678879,5.458640579999999,10.05704117,46.72366333
Guinea-Bissau,GNB,AFR,Low,2009,27.60988426,4.7342867900000005,10.9842062,51.629333499999994
Guinea-Bissau,GNB,AFR,Low,2010,31.61246872,5.26704073,8.88686275,44.439861300000004
Guinea-Bissau,GNB,AFR,Low,2011,44.72909926999999,6.21634817,7.028331759999999,35.82422256
Guinea-Bissau,GNB,AFR,Low,2012,37.75499725,5.94134808,8.49044514,58.73207855
Guinea-Bissau,GNB,AFR,Low,2013,46.05934143,7.039434429999998,7.835885520000001,64.34107971
Guinea-Bissau,GNB,AFR,Low,2014,64.99989319,9.96897411,5.983560560000001,55.388481139999996
Guinea-Bissau,GNB,AFR,Low,2015,52.458667760000004,8.13228226,6.6131319999999985,66.92208862000001
Guinea-Bissau,GNB,AFR,Low,2016,56.60805511000001,8.328814509999999,5.818870540000001,64.58337402000001
Guinea-Bissau,GNB,AFR,Low,2017,54.822517399999995,7.000495429999999,7.119333739999999,68.41368103
Guinea-Bissau,GNB,AFR,Low,2018,58.879257200000005,7.282243729999999,6.9384350800000005,66.97977447999999
Guinea-Bissau,GNB,AFR,Low,2019,54.16643524,7.17018223,6.398442270000002,69.38860321
Guinea-Bissau,GNB,AFR,Low,2020,68.1931076,9.029393200000001,13.29532433,56.38702773999999
Guinea-Bissau,GNB,AFR,Low,2021,68.37879181,8.16332626,13.921558379999999,59.62157058999999
Guinea-Bissau,GNB,AFR,Low,2022,66.05480957000002,8.113583559999999,13.553032880000004,64.89645386
Kenya,KEN,AFR,Lower-middle,2000,21.534009929999996,3.62446713,27.566003799999997,47.33139801000001
Kenya,KEN,AFR,Lower-middle,2001,22.114875789999996,3.73997474,28.317279819999992,46.39786529999999
Kenya,KEN,AFR,Lower-middle,2002,22.287721630000004,3.82154393,29.032104489999995,44.625190730000014
Kenya,KEN,AFR,Lower-middle,2003,25.640123369999998,4.03360462,27.878883359999996,45.29117966
Kenya,KEN,AFR,Lower-middle,2004,27.650028229999997,4.211541179999999,25.636903759999996,44.46904373
Kenya,KEN,AFR,Lower-middle,2005,30.994342800000005,4.2173605,26.55578232,45.226623540000006
Kenya,KEN,AFR,Lower-middle,2006,40.3040123,5.013375279999999,23.523473740000004,39.19218826
Kenya,KEN,AFR,Lower-middle,2007,49.446052550000005,5.123518470000001,24.83516884,36.45011902
Kenya,KEN,AFR,Lower-middle,2008,54.35681914999999,5.1904382700000005,26.132310869999998,34.097358699999994
Kenya,KEN,AFR,Lower-middle,2009,55.455615999999985,5.29172945,27.588237760000005,31.375267029999996
Kenya,KEN,AFR,Lower-middle,2010,58.8164711,5.38849831,28.962194439999998,30.17857361
Kenya,KEN,AFR,Lower-middle,2011,57.02286911000001,5.20212841,30.8654747,30.966135029999997
Kenya,KEN,AFR,Lower-middle,2012,64.48231506,5.0180583,32.40784454,31.60435486
Kenya,KEN,AFR,Lower-middle,2013,67.59809875,4.93100405,33.68307114,32.13203049
Kenya,KEN,AFR,Lower-middle,2014,72.84589386,4.9126734700000005,37.40696716000001,29.221803669999996
Kenya,KEN,AFR,Lower-middle,2015,70.94755554000001,4.7643957100000005,40.38045883,26.89801407
Kenya,KEN,AFR,Lower-middle,2016,73.88768005,4.754291060000001,42.809551240000005,24.99973106
Kenya,KEN,AFR,Lower-middle,2017,66.46552277,3.98597503,42.93966675,23.280599589999998
Kenya,KEN,AFR,Lower-middle,2018,75.27681731999999,4.09903383,43.10948181,23.365056990000003
Kenya,KEN,AFR,Lower-middle,2019,85.64528655999999,4.3687467600000005,45.97900772,24.299762729999998
Kenya,KEN,AFR,Lower-middle,2020,86.59217834,4.492488379999999,49.195308690000005,23.33247185
Kenya,KEN,AFR,Lower-middle,2021,94.10615540000002,4.56525421,48.8298645,22.675180440000002
Kenya,KEN,AFR,Lower-middle,2022,90.43982697000001,4.32603645,46.73620987,24.208749770000004
Lesotho,LSO,AFR,Lower-middle,2000,23.71122551,5.15633392,56.40678405999999,39.72735976999999
Lesotho,LSO,AFR,Lower-middle,2001,28.221441270000003,6.59075689,54.71739577999999,28.387220380000002
Lesotho,LSO,AFR,Lower-middle,2002,23.2145462,5.864415169999999,54.292678829999986,30.117071149999997
Lesotho,LSO,AFR,Lower-middle,2003,32.022155760000004,5.337548260000001,58.87579346,32.46588898
Lesotho,LSO,AFR,Lower-middle,2004,41.188510889999996,5.24658537,57.02822113,31.500665660000003
Lesotho,LSO,AFR,Lower-middle,2005,41.66717910999999,4.6745266899999995,48.25924683,34.38764954
Lesotho,LSO,AFR,Lower-middle,2006,49.67809296,5.4053239799999995,56.40364075,30.023183819999996
Lesotho,LSO,AFR,Lower-middle,2007,65.80387877999999,7.22251844,64.23986052999999,24.052000049999997
Lesotho,LSO,AFR,Lower-middle,2008,69.06710052000001,7.666481970000001,56.99589539,22.014091490000002
Lesotho,LSO,AFR,Lower-middle,2009,80.82315062999999,8.952982899999999,54.34614943999999,19.720541
Lesotho,LSO,AFR,Lower-middle,2010,88.61594390999998,7.640836240000001,52.10968018000001,22.73561096
Lesotho,LSO,AFR,Lower-middle,2011,118.72569275000001,9.07554626,54.36189270000001,18.63655663
Lesotho,LSO,AFR,Lower-middle,2012,126.10504150000001,10.04389477,56.01000977000001,16.792900090000003
Lesotho,LSO,AFR,Lower-middle,2013,131.54730225,10.995868679999997,55.65981674,13.912972449999998
Lesotho,LSO,AFR,Lower-middle,2014,121.34915923999999,9.999252320000002,58.084835049999995,14.174581530000001
Lesotho,LSO,AFR,Lower-middle,2015,105.09508514000001,9.29659843,60.453414920000014,15.535497669999998
Lesotho,LSO,AFR,Lower-middle,2016,91.45993805,9.242638589999999,60.51678085000001,15.760462760000001
Lesotho,LSO,AFR,Lower-middle,2017,115.92890929999999,10.574782370000003,57.109786989999996,15.707925800000002
Lesotho,LSO,AFR,Lower-middle,2018,131.43312072999998,11.168603900000003,50.0996933,14.444189069999998
Lesotho,LSO,AFR,Lower-middle,2019,236.44024657999998,21.969867710000003,30.743825910000005,7.278182509999999
Lesotho,LSO,AFR,Lower-middle,2020,97.32032776,10.459414480000001,46.57978439,15.98415565
Lesotho,LSO,AFR,Lower-middle,2021,116.60222626,10.81370068,40.844234469999996,14.68967819
Lesotho,LSO,AFR,Lower-middle,2022,133.70170592999997,12.65127754,50.65784454,12.6332159
Liberia,LBR,AFR,Low,2000,8.485628129999998,2.87913179,22.433141710000005,71.57627106000002
Liberia,LBR,AFR,Low,2001,6.8326597200000005,2.2790682299999996,23.336936949999995,59.60699844
Liberia,LBR,AFR,Low,2002,6.94840527,2.28035998,24.73352623,55.93533707
Liberia,LBR,AFR,Low,2003,6.092264650000001,2.6617674799999995,15.67187214,59.48802185000001
Liberia,LBR,AFR,Low,2004,18.00925446,6.33815622,8.157597540000001,75.30529021999999
Liberia,LBR,AFR,Low,2005,20.4276638,7.14322186,7.63502407,69.14516449
Liberia,LBR,AFR,Low,2006,19.2805481,6.068915370000001,7.775953290000002,66.23503113
Liberia,LBR,AFR,Low,2007,15.853566169999999,4.32794046,16.97065544,42.16617966
Liberia,LBR,AFR,Low,2008,26.300836560000004,5.996157169999999,15.32684326,34.844627380000006
Liberia,LBR,AFR,Low,2009,51.797615050000005,11.571639059999999,10.35317421,49.68375397
Liberia,LBR,AFR,Low,2010,50.153717040000004,10.35444641,12.296183589999998,53.41116333
Liberia,LBR,AFR,Low,2011,53.830062870000006,9.71052551,15.635548590000003,47.421932219999995
Liberia,LBR,AFR,Low,2012,49.88091278,8.15444565,19.01746559,45.546192170000005
Liberia,LBR,AFR,Low,2013,48.221050260000005,7.081458090000003,4.83622408,39.44087982
Liberia,LBR,AFR,Low,2014,59.32390976000001,8.762839320000001,9.398579600000001,48.94395065
Liberia,LBR,AFR,Low,2015,69.40925597999998,10.4594965,11.513062480000004,45.601161960000006
Liberia,LBR,AFR,Low,2016,67.68016052,9.88514519,14.093465809999998,46.75493240000001
Liberia,LBR,AFR,Low,2017,71.56608582000001,10.44921875,13.278093340000002,46.271595
Liberia,LBR,AFR,Low,2018,71.17150116,10.781971930000001,15.648854259999998,43.769580839999996
Liberia,LBR,AFR,Low,2019,51.19323729999999,8.38325977,16.178478239999997,54.673748020000005
Liberia,LBR,AFR,Low,2020,76.11009978999999,12.905042650000002,10.252075199999998,63.217838289999996
Liberia,LBR,AFR,Low,2021,92.3295517,13.838442800000001,8.027456279999999,62.61005402000001
Liberia,LBR,AFR,Low,2022,99.65045929,13.473861690000001,9.574267390000001,62.22333145000001
Madagascar,MDG,AFR,Low,2000,11.188265800000002,3.9917762299999993,46.288150789999996,43.31555557
Madagascar,MDG,AFR,Low,2001,13.138949389999999,4.11513853,44.701541899999995,38.77468109
Madagascar,MDG,AFR,Low,2002,15.019835469999995,4.92547655,35.40578079000001,37.60178757
Madagascar,MDG,AFR,Low,2003,17.640758509999994,5.00276566,43.36933136,34.52892303
Madagascar,MDG,AFR,Low,2004,14.292989730000002,5.25090027,41.43759154999999,30.581583020000004
Madagascar,MDG,AFR,Low,2005,15.949868199999997,5.21557808,37.072418209999995,33.02706908999999
Madagascar,MDG,AFR,Low,2006,16.440855029999998,5.0720386500000005,37.32104111,31.653635029999997
Madagascar,MDG,AFR,Low,2007,19.33553123,4.608657839999999,41.33141327,32.6548996
Madagascar,MDG,AFR,Low,2008,20.91898537,4.08111811,34.57699203,37.18900681000001
Madagascar,MDG,AFR,Low,2009,19.56957817,4.38469839,29.819097520000003,37.65555191
Madagascar,MDG,AFR,Low,2010,21.13975906,4.6976265900000005,39.76140213,36.15040588000001
Madagascar,MDG,AFR,Low,2011,22.88667488,4.521595,37.113773349999995,27.97330856
Madagascar,MDG,AFR,Low,2012,19.301517490000005,3.91105914,38.09178161999999,32.488731380000004
Madagascar,MDG,AFR,Low,2013,19.33186913,3.7515630700000004,34.76575470000001,35.58833693999999
Madagascar,MDG,AFR,Low,2014,22.565702440000003,4.46240282,39.174907680000004,28.166915889999995
Madagascar,MDG,AFR,Low,2015,22.293861389999996,5.0062542,39.752475739999994,25.172939300000003
Madagascar,MDG,AFR,Low,2016,24.207939149999998,5.332488540000001,44.48103332999999,23.05756569
Madagascar,MDG,AFR,Low,2017,23.62072182,4.802259449999999,46.77280044999999,25.63452148
Madagascar,MDG,AFR,Low,2018,21.12731934,4.22160387,35.45464325,29.32769394
Madagascar,MDG,AFR,Low,2019,15.50084877,3.1012930900000004,22.013061519999997,34.22468185
Madagascar,MDG,AFR,Low,2020,16.78295326,3.7231612200000006,18.52955818,30.938415530000007
Madagascar,MDG,AFR,Low,2021,17.179388050000004,3.5045227999999993,21.033636090000005,32.71157837
Madagascar,MDG,AFR,Low,2022,16.32154655,3.2502324600000003,28.815549850000004,32.28622437
Malawi,MWI,AFR,Low,2000,8.849648479999999,2.3524751700000004,43.16402435000001,16.762981410000002
Malawi,MWI,AFR,Low,2001,7.42542601,2.0604004899999997,40.603412629999994,18.547132490000003
Malawi,MWI,AFR,Low,2002,11.174138070000001,2.6972596600000003,36.14543532999999,14.98992729
Malawi,MWI,AFR,Low,2003,12.3155899,3.32019806,35.39363479999999,12.070897099999998
Malawi,MWI,AFR,Low,2004,15.94395351,4.07199907,21.06389999,9.69992733
Malawi,MWI,AFR,Low,2005,17.240318300000006,4.30046511,24.47987747,9.09981728
Malawi,MWI,AFR,Low,2006,20.95054436,4.91223288,19.21144295,8.924165730000002
Malawi,MWI,AFR,Low,2007,25.021684649999997,5.442583560000001,13.496916770000002,11.715225220000002
Malawi,MWI,AFR,Low,2008,32.73458099,6.106688019999999,22.393110280000002,10.37028122
Malawi,MWI,AFR,Low,2009,35.56491851999999,5.873338220000001,17.97539139,11.235610959999999
Malawi,MWI,AFR,Low,2010,33.99176025,5.1430478100000006,22.009639740000004,10.92772293
Malawi,MWI,AFR,Low,2011,39.29244232,5.32226658,21.6523304,8.961643220000003
Malawi,MWI,AFR,Low,2012,32.537723539999995,6.0219979299999995,15.88224602,10.241625790000004
Malawi,MWI,AFR,Low,2013,39.53992844,8.223794940000001,18.02148628,6.705963129999999
Malawi,MWI,AFR,Low,2014,35.337677,6.8977618199999995,22.733539580000002,8.182888029999999
Malawi,MWI,AFR,Low,2015,34.973106380000004,6.62879086,28.64990425,10.9818964
Malawi,MWI,AFR,Low,2016,34.030757900000005,7.727037909999998,24.73157692,12.41495895
Malawi,MWI,AFR,Low,2017,37.60110092000001,7.584389209999998,22.667570110000003,12.69519043
Malawi,MWI,AFR,Low,2018,36.70302963,6.8824992200000015,24.53699684,12.80120277
Malawi,MWI,AFR,Low,2019,36.915191650000004,6.37021732,24.06981468,11.85419559
Malawi,MWI,AFR,Low,2020,43.22896194,7.179793830000001,21.758922580000007,13.361824040000002
Malawi,MWI,AFR,Low,2021,47.584636689999996,7.628158090000002,17.846574780000005,12.327555660000003
Malawi,MWI,AFR,Low,2022,39.65991210999999,6.50023508,13.50128174,12.096916199999999
Mali,MLI,AFR,Low,2000,14.00467396,5.46631575,23.65808487,68.81713103999999
Mali,MLI,AFR,Low,2001,13.15898132,4.519508839999999,23.32247543,67.79338837
Mali,MLI,AFR,Low,2002,15.894919399999997,4.9977364500000006,22.206968309999997,61.75164032
Mali,MLI,AFR,Low,2003,18.769388199999998,5.0505990999999995,27.965810780000005,61.20211792
Mali,MLI,AFR,Low,2004,21.72006226,5.217677589999999,30.444890980000004,55.61309433
Mali,MLI,AFR,Low,2005,23.973499300000004,5.195165159999999,26.894418719999997,57.01831436
Mali,MLI,AFR,Low,2006,26.931852339999995,5.45589256,22.435531619999992,56.7429657
Mali,MLI,AFR,Low,2007,29.63539696,5.25303173,18.97412109,61.34743117999999
Mali,MLI,AFR,Low,2008,33.213817600000006,5.02686644,14.198395729999998,63.2221756
Mali,MLI,AFR,Low,2009,34.64718246,5.212236399999999,12.771595,61.83541489
Mali,MLI,AFR,Low,2010,31.364234919999994,4.678651330000001,14.29752636,56.26623916999999
Mali,MLI,AFR,Low,2011,31.679592130000003,4.01483774,15.06325722,50.002613069999995
Mali,MLI,AFR,Low,2012,27.53107071,3.752161500000001,11.020907400000002,44.74382781999999
Mali,MLI,AFR,Low,2013,30.092571260000007,3.9675071199999996,20.56299591,34.819343569999994
Mali,MLI,AFR,Low,2014,35.7261734,4.481583120000001,19.897825240000003,33.55117416
Mali,MLI,AFR,Low,2015,28.97842216,4.11143351,22.358961110000003,34.17124557
Mali,MLI,AFR,Low,2016,27.580862050000007,3.77377558,32.030738830000004,35.750556950000004
Mali,MLI,AFR,Low,2017,28.494676589999994,3.6742575200000003,32.04769135,37.50244141
Mali,MLI,AFR,Low,2018,31.169626240000003,3.732499120000001,30.842144010000005,32.55354308999999
Mali,MLI,AFR,Low,2019,31.408948899999995,3.82943797,29.228166580000003,31.07923317
Mali,MLI,AFR,Low,2020,28.202116010000005,3.4759788499999997,40.00576401000001,44.737060549999995
Mali,MLI,AFR,Low,2021,30.619068149999997,3.4664974200000005,38.17794037,44.204010010000005
Mali,MLI,AFR,Low,2022,29.74292755,3.67284775,38.940601349999994,43.21066666
Mauritania,MRT,AFR,Lower-middle,2000,23.00290108,3.37824655,13.90349865,77.82102203
Mauritania,MRT,AFR,Lower-middle,2001,23.28163338000001,3.5718379,15.26105499,77.12584686
Mauritania,MRT,AFR,Lower-middle,2002,25.96999741,4.00224972,21.81937218,69.98466492000001
Mauritania,MRT,AFR,Lower-middle,2003,29.51877594,4.032546520000001,19.144151690000005,68.38990021000001
Mauritania,MRT,AFR,Lower-middle,2004,31.472808839999992,3.70429492,19.073768619999996,70.48690033
Mauritania,MRT,AFR,Lower-middle,2005,34.00539017,3.4031264799999987,24.08251953,67.1342392
Mauritania,MRT,AFR,Lower-middle,2006,35.14922333,2.70252752,25.02090454,68.15976715
Mauritania,MRT,AFR,Lower-middle,2007,40.418201450000005,2.8764400500000002,26.55638123,65.29891205
Mauritania,MRT,AFR,Lower-middle,2008,49.2858696,3.01338983,29.460748669999994,60.94037627999999
Mauritania,MRT,AFR,Lower-middle,2009,44.64679718000001,3.11034036,28.255920410000005,62.76515579000001
Mauritania,MRT,AFR,Lower-middle,2010,43.759655,2.6361892199999994,27.748449330000007,62.63608932000001
Mauritania,MRT,AFR,Lower-middle,2011,47.77469254,2.47383666,30.30716324,58.376060489999986
Mauritania,MRT,AFR,Lower-middle,2012,49.251583100000005,2.6491932900000004,33.88728332999999,55.42799759
Mauritania,MRT,AFR,Lower-middle,2013,55.474128719999996,2.8679988399999994,37.757228850000004,50.208518979999994
Mauritania,MRT,AFR,Lower-middle,2014,59.29050827000001,3.4672439100000005,36.119316100000006,47.62082672
Mauritania,MRT,AFR,Lower-middle,2015,57.12331389999999,3.6736376299999995,38.62218857,47.74198531999999
Mauritania,MRT,AFR,Lower-middle,2016,49.90084076000001,3.1869950300000007,37.63259888,55.74465941999999
Mauritania,MRT,AFR,Lower-middle,2017,55.22446441999999,3.4194755599999995,36.00644684,54.063331600000005
Mauritania,MRT,AFR,Lower-middle,2018,49.683074950000005,2.883625510000001,31.590946199999998,64.94996642999999
Mauritania,MRT,AFR,Lower-middle,2019,54.63365555,3.0917658799999996,35.618480680000005,60.29301453000001
Mauritania,MRT,AFR,Lower-middle,2020,53.89974593999999,3.00147843,33.44326782,61.51318359
Mauritania,MRT,AFR,Lower-middle,2021,73.6309433,3.7802252800000007,39.60084915,48.19107056
Mauritania,MRT,AFR,Lower-middle,2022,90.41540527000001,4.483899119999999,39.24699402,40.80820465
Mauritius,MUS,AFR,Upper-middle,2000,115.89820862000002,2.85734653,53.52764893000001,44.000068660000004
Mauritius,MUS,AFR,Upper-middle,2001,116.36106872999999,2.9215185600000004,53.78347397,43.81983185
Mauritius,MUS,AFR,Upper-middle,2002,132.38633728,3.18897271,52.89988326999999,44.87164688
Mauritius,MUS,AFR,Upper-middle,2003,157.68417358000002,3.18201613,52.44577026,45.32218551999999
Mauritius,MUS,AFR,Upper-middle,2004,184.74328612999997,3.31652546,54.362697600000004,43.42286682
Mauritius,MUS,AFR,Upper-middle,2005,192.13858031999996,3.51794028,48.18608093000001,49.588108059999996
Mauritius,MUS,AFR,Upper-middle,2006,203.24180603,3.6057364900000004,44.880218510000006,52.91299438
Mauritius,MUS,AFR,Upper-middle,2007,229.23133850000005,3.5232167200000006,41.81178283999999,55.80852127000001
Mauritius,MUS,AFR,Upper-middle,2008,312.88540649000004,3.938965079999999,35.28038025,61.841548919999994
Mauritius,MUS,AFR,Upper-middle,2009,301.67260741999996,4.170356270000001,37.88376998999999,58.37334060999999
Mauritius,MUS,AFR,Upper-middle,2010,357.17382812999995,4.51898289,44.143703460000005,52.316856380000004
Mauritius,MUS,AFR,Upper-middle,2011,385.76248169,4.25059652,41.1276741,53.0715332
Mauritius,MUS,AFR,Upper-middle,2012,387.1026001000001,4.21993399,44.44336319,51.61318207000001
Mauritius,MUS,AFR,Upper-middle,2013,440.00280761999994,4.620820999999999,41.80387115,53.18034743999999
Mauritius,MUS,AFR,Upper-middle,2014,544.4412231399999,5.380246639999999,45.07291031000001,50.18024445000001
Mauritius,MUS,AFR,Upper-middle,2015,515.7224731399999,5.550423619999999,41.675579070000005,49.57672882000001
Mauritius,MUS,AFR,Upper-middle,2016,540.39239502,5.54289532,44.11246108999999,48.16077805
Mauritius,MUS,AFR,Upper-middle,2017,594.8612060499999,5.598572729999999,44.20399475000001,47.39693832
Mauritius,MUS,AFR,Upper-middle,2018,640.62182617,5.603102209999999,44.29703902999999,46.91960906999999
Mauritius,MUS,AFR,Upper-middle,2019,639.18286133,5.695081710000001,43.97513961999999,47.12637711000001
Mauritius,MUS,AFR,Upper-middle,2020,541.95184326,6.096060279999999,48.11417770000001,43.584663389999996
Mauritius,MUS,AFR,Upper-middle,2021,593.77947998,6.6160840999999975,50.751029970000005,40.416744230000006
Mauritius,MUS,AFR,Upper-middle,2022,590.93572998,5.82381678,47.157142640000004,44.01161957000001
Mozambique,MOZ,AFR,Low,2000,7.008777139999999,2.14253044,50.689861300000004,38.881175989999996
Mozambique,MOZ,AFR,Low,2001,8.53719139,2.8009822399999997,46.83467865000001,26.68761826
Mozambique,MOZ,AFR,Low,2002,10.002078059999999,3.18652654,36.9034462,27.98241615
Mozambique,MOZ,AFR,Low,2003,11.036607739999999,3.25095367,36.15470123000001,21.2150631
Mozambique,MOZ,AFR,Low,2004,14.12452602,3.530626539999999,31.787462230000006,15.606307030000002
Mozambique,MOZ,AFR,Low,2005,18.407180789999998,4.21435642,33.83922195,12.318474769999998
Mozambique,MOZ,AFR,Low,2006,18.05057144,3.9455902600000003,28.95491028,12.74688625
Mozambique,MOZ,AFR,Low,2007,19.297008509999994,3.79955554,30.850322719999998,12.019496920000002
Mozambique,MOZ,AFR,Low,2008,24.48562622,4.13496828,29.191261289999993,11.20337486
Mozambique,MOZ,AFR,Low,2009,27.68954468,5.055623529999999,25.23112679,8.237761500000001
Mozambique,MOZ,AFR,Low,2010,26.260612490000007,5.292496679999999,23.49941826,7.1121192
Mozambique,MOZ,AFR,Low,2011,30.425161360000004,4.9217639,25.508382800000003,6.719538690000002
Mozambique,MOZ,AFR,Low,2012,35.24672699,5.140357020000001,24.035854339999997,5.5548296
Mozambique,MOZ,AFR,Low,2013,41.50313950000001,6.045560360000001,24.79130363,8.01704311
Mozambique,MOZ,AFR,Low,2014,43.50259018,6.240130419999999,27.48989487,10.424459459999998
Mozambique,MOZ,AFR,Low,2015,40.35658646,6.60972881,27.030231479999998,11.261486049999998
Mozambique,MOZ,AFR,Low,2016,31.853572850000006,7.2150187500000005,23.882560729999994,10.539092059999998
Mozambique,MOZ,AFR,Low,2017,36.75825882,7.8053216899999995,22.251207350000005,9.686148640000003
Mozambique,MOZ,AFR,Low,2018,41.29206467000001,7.97903347,22.38803291,9.326228140000001
Mozambique,MOZ,AFR,Low,2019,41.01906586,7.902074340000001,23.10848618,9.710028650000002
Mozambique,MOZ,AFR,Low,2020,34.87546539,7.541723729999999,31.604419709999995,10.32057858
Mozambique,MOZ,AFR,Low,2021,45.227909090000004,8.869818690000002,28.278270719999988,9.210404400000002
Mozambique,MOZ,AFR,Low,2022,49.472953800000006,8.777177809999998,30.82650757,9.686964040000001
Namibia,NAM,AFR,Upper-middle,2000,200.10691832999996,9.239999769999999,52.09880066000001,7.103507040000002
Namibia,NAM,AFR,Upper-middle,2001,185.65335082999997,9.64409447,50.915328980000005,7.242928979999999
Namibia,NAM,AFR,Upper-middle,2002,173.55830382999997,9.680749890000001,52.958061220000005,6.86197758
Namibia,NAM,AFR,Upper-middle,2003,257.13796997,9.91340542,52.7614975,7.15993214
Namibia,NAM,AFR,Upper-middle,2004,347.41690063,10.12623405,48.76467133,6.472501279999999
Namibia,NAM,AFR,Upper-middle,2005,374.68215941999995,10.08441544,44.68073273,6.1930036500000005
Namibia,NAM,AFR,Upper-middle,2006,409.22375488000006,10.570869449999998,40.79632187,5.987183570000001
Namibia,NAM,AFR,Upper-middle,2007,463.44381714,10.716330529999997,43.75522995,5.80081177
Namibia,NAM,AFR,Upper-middle,2008,411.65695189999997,9.91801167,41.65367126000001,6.89986229
Namibia,NAM,AFR,Upper-middle,2009,384.44067383000004,9.049670220000001,38.20807648,8.490853309999999
Namibia,NAM,AFR,Upper-middle,2010,519.55053711,9.727813720000002,40.992343899999995,9.27632713
Namibia,NAM,AFR,Upper-middle,2011,565.4346923800001,9.83193302,41.62049866,10.30300426
Namibia,NAM,AFR,Upper-middle,2012,550.6829834,9.266592980000002,41.76861191000001,10.908235550000002
Namibia,NAM,AFR,Upper-middle,2013,484.6433105499999,9.06448746,46.12751389,9.887687679999999
Namibia,NAM,AFR,Upper-middle,2014,452.25851439999985,8.4089098,46.184410099999994,9.036887169999996
Namibia,NAM,AFR,Upper-middle,2015,476.50942993,9.98109627,42.20663452,7.329125400000001
Namibia,NAM,AFR,Upper-middle,2016,409.78106689,9.322323800000001,46.89563750999999,7.71207476
Namibia,NAM,AFR,Upper-middle,2017,448.58221436,8.72573948,46.50363922,7.79463243
Namibia,NAM,AFR,Upper-middle,2018,439.87658690999996,8.286099429999998,43.779483799999994,8.098601340000002
Namibia,NAM,AFR,Upper-middle,2019,397.42849731,8.399044040000001,43.14591217,7.938202859999999
Namibia,NAM,AFR,Upper-middle,2020,344.69924927,8.88723373,50.126922609999994,7.49656057
Namibia,NAM,AFR,Upper-middle,2021,413.51190186,9.33766365,47.15965270999999,7.823017120000001
Namibia,NAM,AFR,Upper-middle,2022,405.5939331100001,9.296355250000001,45.63406754,8.101207729999999
Niger,NER,AFR,Low,2000,9.10514259,4.690059660000001,24.09348106,60.49816132000002
Niger,NER,AFR,Low,2001,9.745514870000001,4.7581510499999995,24.080244060000002,60.42289352
Niger,NER,AFR,Low,2002,10.91576767,4.85896921,24.848226550000003,59.62220001000001
Niger,NER,AFR,Low,2003,12.635328290000002,4.7795381500000005,22.40690804,61.24694823999998
Niger,NER,AFR,Low,2004,14.1569891,5.011187550000001,23.56759453,60.00253296000001
Niger,NER,AFR,Low,2005,18.03248978,5.67637587,33.827606200000005,50.134593960000004
Niger,NER,AFR,Low,2006,19.30820656,5.80890512,35.43542479999999,48.756641390000006
Niger,NER,AFR,Low,2007,20.804763790000003,5.388386250000001,27.86895943,53.406677249999994
Niger,NER,AFR,Low,2008,24.75069427,5.223041060000001,29.685487750000004,52.46494675
Niger,NER,AFR,Low,2009,24.51097679,5.330173019999999,28.850429530000003,53.61827086999999
Niger,NER,AFR,Low,2010,23.764144899999998,5.02160501,26.12587166,55.89531326
Niger,NER,AFR,Low,2011,24.84123039,4.87323856,26.10781479,57.73744583
Niger,NER,AFR,Low,2012,22.714874270000003,4.30732679,24.143419270000003,60.80649566999999
Niger,NER,AFR,Low,2013,24.613389969999997,4.46636009,30.012088780000006,56.5436821
Niger,NER,AFR,Low,2014,25.094940190000003,4.45377159,28.675153729999998,54.673538210000004
Niger,NER,AFR,Low,2015,25.96905327,5.3474593200000005,20.788024899999996,51.68564987
Niger,NER,AFR,Low,2016,22.684740070000004,4.53239059,24.28881836,58.51040267999999
Niger,NER,AFR,Low,2017,29.096275330000005,5.576096060000001,33.807609559999996,48.313720700000005
Niger,NER,AFR,Low,2018,30.613645550000008,5.30310822,33.3120842,48.96118926999999
Niger,NER,AFR,Low,2019,31.89424324,5.666420939999999,35.690341950000004,46.09529114
Niger,NER,AFR,Low,2020,35.75509644,6.17007589,37.498065950000004,43.54892731000001
Niger,NER,AFR,Low,2021,35.39406204000001,5.81452751,36.49679565,42.527698519999994
Niger,NER,AFR,Low,2022,26.506816859999997,4.3525972400000015,35.28834152,40.34075165
Nigeria,NGA,AFR,Lower-middle,2000,17.158876419999995,3.1973834,18.314792630000007,60.16206741
Nigeria,NGA,AFR,Lower-middle,2001,17.960533140000003,3.1894686200000004,26.891405110000004,60.74782180999999
Nigeria,NGA,AFR,Lower-middle,2002,17.537528990000006,2.4906396899999996,21.333148960000003,65.04915618999999
Nigeria,NGA,AFR,Lower-middle,2003,37.91439438,5.053609849999999,18.39930725,72.81436157
Nigeria,NGA,AFR,Lower-middle,2004,42.817981720000006,4.63368416,25.941215520000004,64.54787445
Nigeria,NGA,AFR,Lower-middle,2005,52.24337006,4.46591949,25.556488039999998,65.97051239
Nigeria,NGA,AFR,Lower-middle,2006,63.63072205000001,4.257751460000001,21.181770320000005,70.45880127000001
Nigeria,NGA,AFR,Lower-middle,2007,66.90659332000001,3.909972429999999,19.913496019999997,70.93754578000001
Nigeria,NGA,AFR,Lower-middle,2008,77.45053101,3.6958153200000003,17.87425423,72.75693512000001
Nigeria,NGA,AFR,Lower-middle,2009,65.71811676,3.5801971000000004,15.921258930000002,74.47493743999999
Nigeria,NGA,AFR,Lower-middle,2010,73.008255,3.29653287,13.60430336,76.87748718
Nigeria,NGA,AFR,Lower-middle,2011,80.2377243,3.3207793200000006,14.435688019999997,74.72514343
Nigeria,NGA,AFR,Lower-middle,2012,87.89523315000002,3.3598425400000003,16.202150339999996,72.84432983
Nigeria,NGA,AFR,Lower-middle,2013,97.29588318,3.420693399999999,14.303487780000001,70.92673492
Nigeria,NGA,AFR,Lower-middle,2014,102.39888762999999,3.34840417,13.3177433,71.85419464
Nigeria,NGA,AFR,Lower-middle,2015,92.91207123000001,3.5819499499999994,16.44574738,71.89007567999998
Nigeria,NGA,AFR,Lower-middle,2016,75.52328491,3.6477367900000006,13.020932199999999,75.18703461
Nigeria,NGA,AFR,Lower-middle,2017,70.31814575,3.7476251100000004,14.213350299999998,77.38787079
Nigeria,NGA,AFR,Lower-middle,2018,63.602447510000005,3.0906934699999993,16.098274229999998,75.94579315000001
Nigeria,NGA,AFR,Lower-middle,2019,67.6254425,2.9854705299999997,15.736342429999999,71.49702453999998
Nigeria,NGA,AFR,Lower-middle,2020,67.91384887999999,3.38063431,14.96697235,74.67578125
Nigeria,NGA,AFR,Lower-middle,2021,81.87322234999999,4.0762572299999995,13.27266693,76.24337005999999
Nigeria,NGA,AFR,Lower-middle,2022,90.92185211,4.270904060000001,14.502640719999999,76.12967682000001
Rwanda,RWA,AFR,Low,2000,9.00399399,3.57583427,18.07324982,26.587331770000002
Rwanda,RWA,AFR,Low,2001,7.867460250000002,3.3159997499999996,21.050785060000003,27.676662450000002
Rwanda,RWA,AFR,Low,2002,7.3239383700000005,3.1278729400000005,24.231613160000002,28.464273449999997
Rwanda,RWA,AFR,Low,2003,17.259273529999998,6.92888737,33.24933624,17.11997414
Rwanda,RWA,AFR,Low,2004,20.234132770000002,7.5085697200000014,25.68474579,21.21929359
Rwanda,RWA,AFR,Low,2005,25.020866390000002,7.724689479999999,20.91047287,23.800130839999998
Rwanda,RWA,AFR,Low,2006,27.156808850000004,7.6093792900000015,19.487361909999997,14.267115589999998
Rwanda,RWA,AFR,Low,2007,33.50766753999999,7.862686629999999,22.209709169999996,12.4900322
Rwanda,RWA,AFR,Low,2008,39.94607161999999,7.559791559999999,23.993251800000003,11.786769870000004
Rwanda,RWA,AFR,Low,2009,43.996826170000006,7.799587249999999,24.11757469,11.380730629999999
Rwanda,RWA,AFR,Low,2010,47.96915816999999,8.08192921,25.231794359999995,11.09119892
Rwanda,RWA,AFR,Low,2011,51.64990616,7.93241739,27.701486589999995,10.795575139999999
Rwanda,RWA,AFR,Low,2012,57.26454163,8.10223293,25.362291340000002,10.178325650000001
Rwanda,RWA,AFR,Low,2013,47.75454330000001,6.773980620000001,32.062152860000005,12.307086940000001
Rwanda,RWA,AFR,Low,2014,50.63998794999999,6.984715939999999,31.399888989999994,12.056797979999999
Rwanda,RWA,AFR,Low,2015,48.81341933999999,6.65067434,31.646741869999993,12.181936259999997
Rwanda,RWA,AFR,Low,2016,50.77831268,6.96089125,32.07535172,11.35635281
Rwanda,RWA,AFR,Low,2017,48.27599335,6.3665309,35.00901794,11.863492009999998
Rwanda,RWA,AFR,Low,2018,51.35319138000001,6.65483093,35.20978546,11.77534676
Rwanda,RWA,AFR,Low,2019,50.75216675,6.267085549999999,40.19015121,11.6897049
Rwanda,RWA,AFR,Low,2020,58.29339217999999,7.486968989999999,40.42213058,10.473436360000001
Rwanda,RWA,AFR,Low,2021,60.46223831,7.303783890000001,40.98361969,10.10973835
Rwanda,RWA,AFR,Low,2022,76.83828735,7.8792119,35.66109085,9.621821400000002
Sao Tome and Principe,STP,AFR,Lower-middle,2000,49.635879519999996,9.31892776,37.49575806000001,43.84104918999999
Sao Tome and Principe,STP,AFR,Lower-middle,2001,47.14751816000001,9.640019420000002,38.265491489999995,43.62086487
Sao Tome and Principe,STP,AFR,Lower-middle,2002,50.611434939999995,9.49860477,39.54469681000001,41.91096497
Sao Tome and Principe,STP,AFR,Lower-middle,2003,71.20994567999999,11.46527386,52.629196170000014,31.92261124
Sao Tome and Principe,STP,AFR,Lower-middle,2004,71.05591582999999,10.7211771,48.193115230000004,35.27906418
Sao Tome and Principe,STP,AFR,Lower-middle,2005,80.13071442,10.351997379999997,48.270542139999996,33.395114899999996
Sao Tome and Principe,STP,AFR,Lower-middle,2006,57.2040329,7.105596540000002,7.53266287,39.904239649999994
Sao Tome and Principe,STP,AFR,Lower-middle,2007,59.71631241,7.0060858700000015,23.74913406,35.33236693999999
Sao Tome and Principe,STP,AFR,Lower-middle,2008,64.58831787000001,5.970090389999999,20.48526192,30.232185360000006
Sao Tome and Principe,STP,AFR,Lower-middle,2009,64.90551758,5.751770020000001,27.650890349999997,27.401454929999993
Sao Tome and Principe,STP,AFR,Lower-middle,2010,60.948299410000004,5.80827904,36.48712921,25.69589424
Sao Tome and Principe,STP,AFR,Lower-middle,2011,69.45979309,5.6516003600000015,40.675674439999995,23.79325676
Sao Tome and Principe,STP,AFR,Lower-middle,2012,86.29039001000001,7.0729966200000005,32.59884262,17.79582024
Sao Tome and Principe,STP,AFR,Lower-middle,2013,124.59179687999999,8.94060898,33.513946530000005,14.243452069999998
Sao Tome and Principe,STP,AFR,Lower-middle,2014,118.70980834999997,7.91452122,35.33302307,15.04175091
Sao Tome and Principe,STP,AFR,Lower-middle,2015,85.37828827000001,6.53226852,31.430189130000002,16.018087389999998
Sao Tome and Principe,STP,AFR,Lower-middle,2016,109.73142241999999,7.60211611,40.31388092,13.91362
Sao Tome and Principe,STP,AFR,Lower-middle,2017,117.07767486999998,7.466313840000001,46.02723694,14.757313730000002
Sao Tome and Principe,STP,AFR,Lower-middle,2018,108.87628937000002,5.919602870000001,44.33219910000001,15.816942209999999
Sao Tome and Principe,STP,AFR,Lower-middle,2019,106.86884307999999,5.48078823,40.73101044,16.99124527
Sao Tome and Principe,STP,AFR,Lower-middle,2020,159.84396362,7.3204441099999995,40.545066829999996,11.847640989999999
Sao Tome and Principe,STP,AFR,Lower-middle,2021,187.06524657999998,7.858897209999998,42.870304110000006,11.65572834
Sao Tome and Principe,STP,AFR,Lower-middle,2022,180.33367919999995,7.46419811,55.259731290000005,11.97192383
Senegal,SEN,AFR,Lower-middle,2000,21.41570663,3.5501537299999995,35.28704833999999,55.66883087
Senegal,SEN,AFR,Lower-middle,2001,23.45893669,3.68148756,38.45635605,52.76372146999999
Senegal,SEN,AFR,Lower-middle,2002,26.462211609999997,3.9529440399999998,33.897209170000004,55.32962798999999
Senegal,SEN,AFR,Lower-middle,2003,35.14493942,4.2970356899999995,35.94266891,54.930580140000004
Senegal,SEN,AFR,Lower-middle,2004,41.94406128000001,4.56856203,35.61400986,55.091388699999996
Senegal,SEN,AFR,Lower-middle,2005,36.00606155,3.6746652099999997,43.40821457,39.51602173
Senegal,SEN,AFR,Lower-middle,2006,38.28113556,3.7633762399999986,46.75199126999999,37.43950653
Senegal,SEN,AFR,Lower-middle,2007,40.60185623,3.4149658699999996,38.618412019999994,44.27264023000001
Senegal,SEN,AFR,Lower-middle,2008,49.05390167,3.5068757500000003,39.55493164000001,41.627815250000005
Senegal,SEN,AFR,Lower-middle,2009,50.27443314,3.8415729999999995,36.61406708,45.61538315
Senegal,SEN,AFR,Lower-middle,2010,51.38805007999999,4.02764368,28.840721130000002,48.67733764999999
Senegal,SEN,AFR,Lower-middle,2011,57.931148529999994,4.214167120000001,31.05285454,50.798801420000004
Senegal,SEN,AFR,Lower-middle,2012,56.61458968999999,4.266880039999999,28.5742054,52.77386093
Senegal,SEN,AFR,Lower-middle,2013,60.515789029999986,4.38573599,26.69496155,55.238800049999995
Senegal,SEN,AFR,Lower-middle,2014,61.40605545000001,4.3896226899999995,24.604324339999998,50.37561798
Senegal,SEN,AFR,Lower-middle,2015,53.323043819999995,4.3778963100000015,24.628427509999998,50.83868027
Senegal,SEN,AFR,Lower-middle,2016,53.90053558000001,4.256068709999999,25.094030380000003,51.14096832
Senegal,SEN,AFR,Lower-middle,2017,56.491859440000006,4.16359377,24.272600169999997,48.89573668999999
Senegal,SEN,AFR,Lower-middle,2018,64.37467957,4.43182087,25.247840880000005,48.33536529999999
Senegal,SEN,AFR,Lower-middle,2019,64.33670807000001,4.495310310000001,23.52870941,48.746608730000005
Senegal,SEN,AFR,Lower-middle,2020,75.16521454,5.151191710000001,33.42175673999999,41.57304763999999
Senegal,SEN,AFR,Lower-middle,2021,71.12162781,4.44256258,27.032094960000006,46.87754822
Senegal,SEN,AFR,Lower-middle,2022,63.73388671999999,4.06358385,22.049898149999997,48.82735062
Seychelles,SYC,AFR,High,2000,340.2370300300001,4.610717770000001,82.11167908,17.888319020000004
Seychelles,SYC,AFR,High,2001,390.20773314999997,5.3053288499999995,70.84524536,28.93580627
Seychelles,SYC,AFR,High,2002,382.27920532,4.705967429999999,77.28144072999999,21.973093030000005
Seychelles,SYC,AFR,High,2003,446.6859436000001,5.50939226,75.25137328999999,23.854852680000004
Seychelles,SYC,AFR,High,2004,511.96136475000003,5.377538200000002,70.90280151,26.799055100000004
Seychelles,SYC,AFR,High,2005,537.44683838,5.21991158,69.35324859999999,30.038141250000002
Seychelles,SYC,AFR,High,2006,581.2559814500001,5.16842318,66.62398529000001,32.79404831
Seychelles,SYC,AFR,High,2007,508.9606018100001,4.50416517,67.55986786,31.984987260000004
Seychelles,SYC,AFR,High,2008,478.9061279299999,4.5824837700000005,52.43502426000001,47.19174957
Seychelles,SYC,AFR,High,2009,401.2400817900001,4.4332680700000004,53.84407424999999,45.58841323999999
Seychelles,SYC,AFR,High,2010,546.56799316,5.351682189999999,58.038166049999994,35.97537231
Seychelles,SYC,AFR,High,2011,560.39526367,5.33887625,56.447368620000006,37.32476044
Seychelles,SYC,AFR,High,2012,666.4990234399999,6.262126920000001,64.19833374,31.464706420000006
Seychelles,SYC,AFR,High,2013,646.56634521,4.970117570000001,64.49032593,31.750711439999996
Seychelles,SYC,AFR,High,2014,631.4267578100001,4.76223993,66.85621643,32.443359380000004
Seychelles,SYC,AFR,High,2015,575.6303710899999,4.30914021,72.42550659000001,27.185104369999998
Seychelles,SYC,AFR,High,2016,673.19622803,4.713497160000001,69.14846802,25.30701828
Seychelles,SYC,AFR,High,2017,667.09515381,4.47661018,73.04444121999998,24.59942627
Seychelles,SYC,AFR,High,2018,708.6996459999999,4.5691595099999995,72.78998565999999,25.1419239
Seychelles,SYC,AFR,High,2019,692.0919799799999,4.357294560000001,72.82756805,25.061393740000003
Seychelles,SYC,AFR,High,2020,693.1987915000001,6.03121805,77.30052948,21.04442215
Seychelles,SYC,AFR,High,2021,629.11602783,5.20266438,75.64611053000002,22.862308500000005
Seychelles,SYC,AFR,High,2022,694.75085449,4.2375164000000005,73.86660004,24.40646935
Sierra Leone,SLE,AFR,Low,2000,17.808235169999996,8.48961735,10.504252430000001,85.05291747999999
Sierra Leone,SLE,AFR,Low,2001,19.44268227,8.36564541,12.4444828,77.28430176000002
Sierra Leone,SLE,AFR,Low,2002,23.709499360000002,9.40313911,11.607317919999998,68.63653564
Sierra Leone,SLE,AFR,Low,2003,22.628503799999997,8.4533062,12.13796902,75.80448913999999
Sierra Leone,SLE,AFR,Low,2004,23.454120640000003,8.670614239999999,11.38921261,71.54428863999999
Sierra Leone,SLE,AFR,Low,2005,27.134628299999996,9.043958660000001,10.87024307,67.53406525000001
Sierra Leone,SLE,AFR,Low,2006,30.245948789999993,9.02353287,10.04858017,65.75159453999999
Sierra Leone,SLE,AFR,Low,2007,31.999866489999995,8.52283859,8.28462601,71.99151610999999
Sierra Leone,SLE,AFR,Low,2008,37.45465088000001,8.81158161,8.093904499999999,71.17670440999999
Sierra Leone,SLE,AFR,Low,2009,39.24406815,9.684222219999999,10.11566544,65.43760681
Sierra Leone,SLE,AFR,Low,2010,37.81203461,9.12688351,14.432415959999997,56.258522029999995
Sierra Leone,SLE,AFR,Low,2011,49.60349273999999,10.76753807,10.69332123,60.26411818999999
Sierra Leone,SLE,AFR,Low,2012,51.89955901999999,8.94355106,10.8063612,67.80901337
Sierra Leone,SLE,AFR,Low,2013,84.93772125,11.59017754,6.956029890000001,62.779083250000006
Sierra Leone,SLE,AFR,Low,2014,143.60603332999997,19.690046309999996,6.7925539,35.03469467000001
Sierra Leone,SLE,AFR,Low,2015,118.66024017,19.658163070000004,6.546661380000001,35.597507480000004
Sierra Leone,SLE,AFR,Low,2016,84.63616180000001,15.788506510000001,6.5711951299999996,43.492874150000006
Sierra Leone,SLE,AFR,Low,2017,47.37737273999999,9.399761199999999,9.053017620000002,54.49611281999999
Sierra Leone,SLE,AFR,Low,2018,44.827335360000006,8.289875980000001,9.27250576,60.98888778999999
Sierra Leone,SLE,AFR,Low,2019,48.136199950000005,9.12992668,13.611790660000002,52.88983917
Sierra Leone,SLE,AFR,Low,2020,47.88616179999999,9.325886730000002,14.626785280000002,52.34044266000001
Sierra Leone,SLE,AFR,Low,2021,44.90049362,8.55334377,22.632074359999997,51.40983582
Sierra Leone,SLE,AFR,Low,2022,39.31665801999999,7.947523120000001,19.03634453,52.65649033
South Africa,ZAF,AFR,Upper-middle,2000,236.08114624,7.3366188999999995,36.59454346,14.461517330000001
South Africa,ZAF,AFR,Upper-middle,2001,202.81065369,7.123279090000001,33.73316193,14.12628174
South Africa,ZAF,AFR,Upper-middle,2002,179.51354980000002,6.67774487,34.52814101999999,13.557767870000001
South Africa,ZAF,AFR,Upper-middle,2003,286.01998901,7.04098177,39.63604355,12.32614422
South Africa,ZAF,AFR,Upper-middle,2004,362.28662109000004,6.938415999999999,39.36867523000001,11.845901490000001
South Africa,ZAF,AFR,Upper-middle,2005,400.5355835,6.862161640000002,40.00241851999999,11.312835690000002
South Africa,ZAF,AFR,Upper-middle,2006,417.91174315999996,6.876508709999999,46.97321320000001,10.58286381
South Africa,ZAF,AFR,Upper-middle,2007,455.17498779,6.90510845,47.79261017,9.70289135
South Africa,ZAF,AFR,Upper-middle,2008,442.10626221,7.14832258,47.35287857,8.84287548
South Africa,ZAF,AFR,Upper-middle,2009,487.62774658,7.64941454,49.73912811,8.109771729999999
South Africa,ZAF,AFR,Upper-middle,2010,621.4190673800001,7.7935824400000016,51.32851791,7.99506283
South Africa,ZAF,AFR,Upper-middle,2011,686.8724365200001,7.944344040000002,51.8671875,7.750909329999999
South Africa,ZAF,AFR,Upper-middle,2012,646.4992065399999,8.00428867,51.72668076,7.72201967
South Africa,ZAF,AFR,Upper-middle,2013,593.8015747100001,8.10322285,51.15374756,7.6100473399999995
South Africa,ZAF,AFR,Upper-middle,2014,539.3078002899999,7.871365549999998,55.56298065,5.66398144
South Africa,ZAF,AFR,Upper-middle,2015,491.90652466,8.05304241,57.075626369999995,5.73639154
South Africa,ZAF,AFR,Upper-middle,2016,456.56936646,8.079593659999997,56.59904098999999,5.785513880000001
South Africa,ZAF,AFR,Upper-middle,2017,527.52020264,7.977112289999999,57.23299789,5.834643359999999
South Africa,ZAF,AFR,Upper-middle,2018,558.8013916,8.08196545,57.043487549999995,5.846662520000001
South Africa,ZAF,AFR,Upper-middle,2019,538.8042602500001,8.24652576,58.20709991000001,5.74111605
South Africa,ZAF,AFR,Upper-middle,2020,503.46759033,9.01329231,64.78907776,6.42942715
South Africa,ZAF,AFR,Upper-middle,2021,592.5341796899999,8.674327849999997,63.46336745999999,6.60582685
South Africa,ZAF,AFR,Upper-middle,2022,569.84075928,8.77086639,61.62474060000001,6.711387159999998
South Sudan,SSD,AFR,Low,2017,28.056909559999998,15.957303999999999,8.441995620000002,19.192813869999995
South Sudan,SSD,AFR,Low,2018,31.053022380000005,10.05650043,10.177144049999999,25.75858116
South Sudan,SSD,AFR,Low,2019,35.07043839000001,9.037410740000002,11.16940975,42.32468795999999
South Sudan,SSD,AFR,Low,2020,47.234317780000005,9.317982670000001,7.70781231,39.620056149999996
South Sudan,SSD,AFR,Low,2021,34.53858948,6.25598812,14.851905819999999,31.08550262
South Sudan,SSD,AFR,Low,2022,49.41268158,6.761256220000002,8.583526609999998,34.397998810000004
Togo,TGO,AFR,Low,2000,10.636393549999998,2.7167244,10.710288999999998,79.00323485999999
Togo,TGO,AFR,Low,2001,10.634990690000002,2.8067522000000005,11.580389019999998,77.67759705
Togo,TGO,AFR,Low,2002,12.01032352,2.8240287300000007,12.08118534,76.77102661
Togo,TGO,AFR,Low,2003,14.706640239999999,2.86098099,13.172114370000003,74.95979309
Togo,TGO,AFR,Low,2004,16.09196472,3.00704718,14.769104959999998,72.31853484999999
Togo,TGO,AFR,Low,2005,16.95772171,3.2204518300000005,15.638367650000001,70.53235626
Togo,TGO,AFR,Low,2006,17.750143050000002,3.36328101,16.78297043,68.180336
Togo,TGO,AFR,Low,2007,22.343097690000004,3.6773443200000004,16.179878230000003,67.00376128999999
Togo,TGO,AFR,Low,2008,26.893840790000002,3.74071932,16.04459,66.34605408
Togo,TGO,AFR,Low,2009,28.303571700000003,3.92726755,17.380268100000002,65.38478851
Togo,TGO,AFR,Low,2010,30.54597664,4.332843779999999,25.92962646,62.2700119
Togo,TGO,AFR,Low,2011,34.411396030000006,4.389270779999999,23.51516342,62.14701080000001
Togo,TGO,AFR,Low,2012,35.40290832999999,4.64366484,25.124092100000002,59.248958589999994
Togo,TGO,AFR,Low,2013,39.56414794999999,4.78670263,20.06999588,57.86953354
Togo,TGO,AFR,Low,2014,41.964160920000005,4.90473413,20.35354614,57.30480576
Togo,TGO,AFR,Low,2015,46.69767761,6.217635629999999,14.867224689999997,66.80448913999999
Togo,TGO,AFR,Low,2016,50.64896011,6.555809020000001,14.877713199999999,63.236137389999996
Togo,TGO,AFR,Low,2017,51.5464592,6.50210476,16.142290120000002,61.4656601
Togo,TGO,AFR,Low,2018,52.43610382000001,6.16073656,16.746219640000003,64.66403961
Togo,TGO,AFR,Low,2019,48.85387421,5.9126863499999995,15.077074999999999,66.20977783000001
Togo,TGO,AFR,Low,2020,52.752132419999995,6.1892843200000005,14.742639539999999,64.32513428
Togo,TGO,AFR,Low,2021,52.722370149999996,5.6165967000000006,9.933729170000001,69.00460052000001
Togo,TGO,AFR,Low,2022,54.01099014000001,6.041340829999999,11.01330566,63.193641660000004
Uganda,UGA,AFR,Low,2000,16.425918580000005,5.0827446,24.96013069,43.031555180000005
Uganda,UGA,AFR,Low,2001,15.99569035,5.05204916,26.723146440000004,43.39098739999999
Uganda,UGA,AFR,Low,2002,15.744292259999998,4.771331310000001,30.73048018999999,44.01240921
Uganda,UGA,AFR,Low,2003,14.23364067,4.299158099999998,34.26229095,45.41866302
Uganda,UGA,AFR,Low,2004,18.60707474,4.70022202,29.08423996,38.378017429999986
Uganda,UGA,AFR,Low,2005,25.868192669999996,5.80516291,17.786094669999997,48.59907531999999
Uganda,UGA,AFR,Low,2006,31.60310555,6.463305,15.17276669,54.05342483999999
Uganda,UGA,AFR,Low,2007,36.101264949999994,6.1130900399999994,16.866161350000002,54.483856200000005
Uganda,UGA,AFR,Low,2008,40.04308701000001,5.45474958,17.206640240000002,52.74209213
Uganda,UGA,AFR,Low,2009,44.36705779999999,5.78845549,14.28214169,42.849178310000006
Uganda,UGA,AFR,Low,2010,51.88574982,6.808902259999999,16.113855359999995,37.390666960000004
Uganda,UGA,AFR,Low,2011,55.2076683,6.695909500000001,13.56997776,33.010047910000004
Uganda,UGA,AFR,Low,2012,55.03918457000001,6.1085395799999995,15.140287400000002,37.512268070000005
Uganda,UGA,AFR,Low,2013,52.906353,5.782524110000001,16.84941292,42.517776489999996
Uganda,UGA,AFR,Low,2014,50.95779799999999,5.336530689999998,17.816284179999997,40.14643477999999
Uganda,UGA,AFR,Low,2015,40.09843445,4.99643135,15.153553010000001,39.47085189999999
Uganda,UGA,AFR,Low,2016,39.08125305,5.00792885,15.678623199999999,40.60963821
Uganda,UGA,AFR,Low,2017,31.438180919999997,3.99852037,15.97236347,38.08950424
Uganda,UGA,AFR,Low,2018,32.95156860000001,4.021439079999999,16.774667739999998,35.62893295
Uganda,UGA,AFR,Low,2019,33.36559677,3.7937116600000005,15.116747859999998,38.260284420000005
Uganda,UGA,AFR,Low,2020,44.73381804999999,5.23698568,22.73633385,29.9383831
Uganda,UGA,AFR,Low,2021,51.03484726000001,5.481281279999999,20.95950127,27.355796810000005
Uganda,UGA,AFR,Low,2022,44.14502716,4.39089251,22.26276207,34.09155273000001
United Republic of Tanzania,TZA,AFR,Lower-middle,2000,12.33031845,3.41529942,21.838911059999994,38.47019196
United Republic of Tanzania,TZA,AFR,Lower-middle,2001,15.173991199999998,4.235517020000001,25.713106159999995,40.90833664
United Republic of Tanzania,TZA,AFR,Lower-middle,2002,17.0355854,4.689076419999999,28.409311289999994,42.519554140000004
United Republic of Tanzania,TZA,AFR,Lower-middle,2003,20.394376750000003,5.34231472,27.920206069999995,40.01274109
United Republic of Tanzania,TZA,AFR,Lower-middle,2004,23.449386600000004,5.7373414,34.27978897,37.37134551999999
United Republic of Tanzania,TZA,AFR,Lower-middle,2005,27.71374511999999,6.322825429999999,36.552799220000004,33.71459198000001
United Republic of Tanzania,TZA,AFR,Lower-middle,2006,35.59762955,7.598279,31.322731020000003,25.77189636
United Republic of Tanzania,TZA,AFR,Lower-middle,2007,36.23610306000001,6.88427973,28.195495610000002,28.474226000000005
United Republic of Tanzania,TZA,AFR,Lower-middle,2008,36.261825560000005,5.557047369999999,40.63019562,32.585098269999996
United Republic of Tanzania,TZA,AFR,Lower-middle,2009,33.9993782,5.063063619999999,29.32703399999999,34.64831160999999
United Republic of Tanzania,TZA,AFR,Lower-middle,2010,37.184932710000005,5.2239217799999995,27.75649071,31.89402771
United Republic of Tanzania,TZA,AFR,Lower-middle,2011,37.75179672,5.055984500000001,25.451347350000006,27.95462036
United Republic of Tanzania,TZA,AFR,Lower-middle,2012,41.99654007,5.017793660000001,23.43128014,24.690269469999993
United Republic of Tanzania,TZA,AFR,Lower-middle,2013,43.46931838999999,4.646433829999999,25.507099150000005,24.090467450000006
United Republic of Tanzania,TZA,AFR,Lower-middle,2014,39.85456848,4.01492071,29.87491035,25.98152733
United Republic of Tanzania,TZA,AFR,Lower-middle,2015,33.27184296,3.64969945,34.448345180000004,25.82907295
United Republic of Tanzania,TZA,AFR,Lower-middle,2016,36.65267563,3.96350336,40.6240921,21.89363289
United Republic of Tanzania,TZA,AFR,Lower-middle,2017,39.035606380000004,4.077793120000001,38.69686889999999,21.261323930000003
United Republic of Tanzania,TZA,AFR,Lower-middle,2018,41.28152084,4.3287863699999996,37.57773972,20.811685559999994
United Republic of Tanzania,TZA,AFR,Lower-middle,2019,39.981769560000004,4.02387333,40.54006577,21.829025269999995
United Republic of Tanzania,TZA,AFR,Lower-middle,2020,31.720989229999997,3.05195832,28.23085022,29.07090378
United Republic of Tanzania,TZA,AFR,Lower-middle,2021,37.56311798,3.4725825799999996,27.21255493,25.50231934
United Republic of Tanzania,TZA,AFR,Lower-middle,2022,35.64775848000001,3.1119566,31.57029343,28.693675990000003
Zambia,ZMB,AFR,Lower-middle,2000,15.001344679999999,4.17365646,35.31537628,44.93043518
Zambia,ZMB,AFR,Lower-middle,2001,19.153451920000002,4.829957009999999,39.85603332999999,38.39976501000001
Zambia,ZMB,AFR,Lower-middle,2002,23.192468639999998,5.88845205,32.23574066,28.439867019999998
Zambia,ZMB,AFR,Lower-middle,2003,26.757623669999994,5.995535849999999,24.247518539999994,28.41941071
Zambia,ZMB,AFR,Lower-middle,2004,30.094999310000002,5.48490572,23.9829216,30.96240425
Zambia,ZMB,AFR,Lower-middle,2005,44.99598694,6.330886840000001,19.63957977,26.0978756
Zambia,ZMB,AFR,Lower-middle,2006,58.68175507000002,5.577423099999999,23.820915219999996,25.69581223
Zambia,ZMB,AFR,Lower-middle,2007,51.244281769999986,4.57961416,32.48818207,24.725011830000003
Zambia,ZMB,AFR,Lower-middle,2008,61.45419692999999,4.46690989,35.48861693999999,20.535326
Zambia,ZMB,AFR,Lower-middle,2009,58.61063385,5.15718842,32.33781815,14.884393690000001
Zambia,ZMB,AFR,Lower-middle,2010,57.67263412,3.97471905,39.2430191,14.8048296
Zambia,ZMB,AFR,Lower-middle,2011,64.3181076,3.95913363,39.74438476999999,12.19155598
Zambia,ZMB,AFR,Lower-middle,2012,69.17604828,4.0454173099999995,38.12258911,12.631579399999998
Zambia,ZMB,AFR,Lower-middle,2013,83.29361724999998,4.57390451,28.637968060000002,11.709144590000001
Zambia,ZMB,AFR,Lower-middle,2014,65.39261626999999,3.8292422299999984,49.456840519999986,13.819740299999998
Zambia,ZMB,AFR,Lower-middle,2015,57.38765335000001,4.4297428100000005,47.19329453,12.25534916
Zambia,ZMB,AFR,Lower-middle,2016,55.395320889999994,4.4692316100000005,38.35799026000001,12.139536860000002
Zambia,ZMB,AFR,Lower-middle,2017,70.93283844,4.78156233,52.50148773000001,10.655811309999999
Zambia,ZMB,AFR,Lower-middle,2018,69.82767487000002,4.76996708,43.774124150000006,10.27590275
Zambia,ZMB,AFR,Lower-middle,2019,85.02349853999998,6.75330257,33.440052030000004,7.252382759999998
Zambia,ZMB,AFR,Lower-middle,2020,60.01779938,6.306744099999999,56.98109055,8.11366367
Zambia,ZMB,AFR,Lower-middle,2021,74.83802795,6.639513970000001,42.51919937000001,7.078294279999999
Zambia,ZMB,AFR,Lower-middle,2022,76.05962372,5.25592279,47.697490689999995,9.690764429999998
Zimbabwe,ZWE,AFR,Lower-middle,2010,94.44809722999999,10.475838659999999,26.28292847,34.43103408999999
Zimbabwe,ZWE,AFR,Lower-middle,2011,83.82868194999999,8.08288383,26.227697369999998,37.22082520000001
Zimbabwe,ZWE,AFR,Lower-middle,2012,85.69155121000001,6.917948720000001,28.89102173,34.968517299999995
Zimbabwe,ZWE,AFR,Lower-middle,2013,96.86148834000002,7.109403130000001,28.382957460000007,29.75596428
Zimbabwe,ZWE,AFR,Lower-middle,2014,111.61201477,8.13227272,33.584041600000006,24.83175468
Zimbabwe,ZWE,AFR,Lower-middle,2015,103.31652832000002,7.449827190000001,20.817960740000004,25.786417009999997
Zimbabwe,ZWE,AFR,Lower-middle,2016,105.11625671000002,7.46644735,21.18695641,23.955671309999996
Zimbabwe,ZWE,AFR,Lower-middle,2017,91.87199402000002,6.172785279999999,25.11919403,10.54844856
Zimbabwe,ZWE,AFR,Lower-middle,2018,114.76815033,4.6552710500000005,34.13588333,8.796354290000002
Zimbabwe,ZWE,AFR,Lower-middle,2019,55.10725402999999,3.2326781700000007,14.265299799999998,9.08337116
Zimbabwe,ZWE,AFR,Lower-middle,2020,51.14250564999999,2.9544014899999995,22.092096330000004,10.40830708
Zimbabwe,ZWE,AFR,Lower-middle,2021,63.51144791,2.78571677,32.75635529,10.23992252
Zimbabwe,ZWE,AFR,Lower-middle,2022,70.66313934000001,3.628806590000001,32.48355103,8.15721226
Antigua and Barbuda,ATG,AMR,High,2000,520.12213135,4.715425970000001,57.84612274,22.22428131
Antigua and Barbuda,ATG,AMR,High,2001,572.20776367,5.43839121,59.07860183999999,22.746913909999996
Antigua and Barbuda,ATG,AMR,High,2002,559.08331299,5.28793621,58.437938689999996,22.74011803
Antigua and Barbuda,ATG,AMR,High,2003,613.6511230499999,5.58143282,59.90863037000001,23.217889789999997
Antigua and Barbuda,ATG,AMR,High,2004,597.7490234399999,5.11667967,58.03319931,24.311445240000005
Antigua and Barbuda,ATG,AMR,High,2005,641.3157959,4.990940570000001,55.622612000000004,27.07497978
Antigua and Barbuda,ATG,AMR,High,2006,665.11560059,4.630506520000001,52.95463562,30.316484449999997
Antigua and Barbuda,ATG,AMR,High,2007,714.27496338,4.446095470000001,51.332332609999995,32.52657318
Antigua and Barbuda,ATG,AMR,High,2008,694.03344727,4.2002701799999995,50.76409911999999,31.909147260000005
Antigua and Barbuda,ATG,AMR,High,2009,609.50390625,4.17732763,54.894535059999995,25.277036669999998
Antigua and Barbuda,ATG,AMR,High,2010,724.08880615,5.379070279999999,58.31644821,24.683797839999997
Antigua and Barbuda,ATG,AMR,High,2011,717.2818603499999,5.442572120000001,56.94827652,25.77301407
Antigua and Barbuda,ATG,AMR,High,2012,753.5018310499999,5.479214669999999,56.295261379999985,26.8955822
Antigua and Barbuda,ATG,AMR,High,2013,739.10491943,5.5090923300000005,56.08193587999999,26.763391490000004
Antigua and Barbuda,ATG,AMR,High,2014,826.75598145,5.872699259999999,59.15979003999998,25.343677519999996
Antigua and Barbuda,ATG,AMR,High,2015,789.3097534199999,5.27965546,59.787662510000004,23.53068924
Antigua and Barbuda,ATG,AMR,High,2016,817.88891602,5.12190151,55.849910739999984,27.5195961
Antigua and Barbuda,ATG,AMR,High,2017,791.1232299799999,4.87493944,56.1620903,26.5686245
Antigua and Barbuda,ATG,AMR,High,2018,856.3712768599999,4.85204983,60.074394229999996,23.66021156
Antigua and Barbuda,ATG,AMR,High,2019,808.14996338,4.40662289,58.43976212,24.26510048
Antigua and Barbuda,ATG,AMR,High,2020,883.5001831099999,5.729447840000001,62.283542629999985,21.966228490000002
Antigua and Barbuda,ATG,AMR,High,2021,843.4654541,4.99196768,63.00733948,21.552768710000002
Antigua and Barbuda,ATG,AMR,High,2022,1084.88330078,5.7299942999999995,57.40574645999999,24.807790759999996
Argentina,ARG,AMR,Upper-middle,2000,702.2330932600001,8.220010760000001,54.7317009,29.104331969999997
Argentina,ARG,AMR,Upper-middle,2001,668.7930908199999,8.37179852,54.85204315,29.474399569999996
Argentina,ARG,AMR,Upper-middle,2002,221.80255127,7.393311500000001,54.55613327000001,29.99389839
Argentina,ARG,AMR,Upper-middle,2003,259.99020386,6.894516470000001,54.7124176,28.249893189999995
Argentina,ARG,AMR,Upper-middle,2004,309.04415894,7.22868252,51.79897308000001,27.629631039999992
Argentina,ARG,AMR,Upper-middle,2005,389.3466796899999,7.610788820000001,51.41910553,33.06813431000001
Argentina,ARG,AMR,Upper-middle,2006,451.97616576999997,7.64032793,52.60231018,32.41083908
Argentina,ARG,AMR,Upper-middle,2007,567.28747559,7.8345508599999985,54.30963898,31.286298749999997
Argentina,ARG,AMR,Upper-middle,2008,740.1410522499999,8.1826973,55.098541260000005,30.261913300000003
Argentina,ARG,AMR,Upper-middle,2009,778.51556396,9.45599556,59.96014023,26.187095640000003
Argentina,ARG,AMR,Upper-middle,2010,975.6599121099998,9.445464129999998,58.95255661000001,26.780101780000006
Argentina,ARG,AMR,Upper-middle,2011,1196.5146484400002,9.41819859,60.32122803,26.892959589999997
Argentina,ARG,AMR,Upper-middle,2012,1355.2285156299997,9.82726669,62.426868439999986,26.087459559999996
Argentina,ARG,AMR,Upper-middle,2013,1408.75634766,9.78097916,63.59713364,26.817417139999996
Argentina,ARG,AMR,Upper-middle,2014,1274.66125488,9.67129993,65.42355347,27.042108539999997
Argentina,ARG,AMR,Upper-middle,2015,1517.3378906299997,10.22933674,66.71373749,25.932373050000002
Argentina,ARG,AMR,Upper-middle,2016,1251.65612793,9.85558891,65.39312744,27.00738144
Argentina,ARG,AMR,Upper-middle,2017,1486.92871094,10.23174763,64.46273041,21.28657913
Argentina,ARG,AMR,Upper-middle,2018,1209.5357666,10.29146862,58.59922408999999,25.13258934
Argentina,ARG,AMR,Upper-middle,2019,1011.0801391600002,10.155510900000001,60.56849669999999,23.94149971
Argentina,ARG,AMR,Upper-middle,2020,891.99621582,10.450305940000003,63.984512329999994,21.756790159999998
Argentina,ARG,AMR,Upper-middle,2021,1080.88208008,10.038322449999999,61.12746429,24.938634869999994
Argentina,ARG,AMR,Upper-middle,2022,1370.88464355,9.863053320000002,58.36896896,26.40138435
Bahamas,BHS,AMR,High,2000,948.88244629,3.8048703699999997,39.57865143,27.22701263
Bahamas,BHS,AMR,High,2001,995.7184448200002,3.9244089099999995,39.90871811,28.231691360000003
Bahamas,BHS,AMR,High,2002,1021.0360107399999,3.81251931,39.591480260000004,28.806861880000003
Bahamas,BHS,AMR,High,2003,1062.43786621,4.01998568,40.5092392,28.641513820000007
Bahamas,BHS,AMR,High,2004,1078.3115234400002,4.046281809999999,39.831085210000005,29.60046577
Bahamas,BHS,AMR,High,2005,1153.21594238,4.03196478,39.376724239999994,30.364873889999995
Bahamas,BHS,AMR,High,2006,1257.64587402,4.30935764,38.457580570000005,29.360364910000005
Bahamas,BHS,AMR,High,2007,1351.08203125,4.49598694,40.041332239999996,28.73091125
Bahamas,BHS,AMR,High,2008,1429.23681641,4.86261654,42.868461610000004,27.80749511999999
Bahamas,BHS,AMR,High,2009,1416.9246826200003,5.150014400000002,45.57728958,27.014171599999997
Bahamas,BHS,AMR,High,2010,1444.0065918000003,5.255942339999999,45.0781517,27.598945620000006
Bahamas,BHS,AMR,High,2011,1442.2476806600002,5.32398558,44.609062189999996,27.964359280000004
Bahamas,BHS,AMR,High,2012,1518.6495361299997,5.319091799999999,43.49754715,28.74622917
Bahamas,BHS,AMR,High,2013,1559.34936523,5.6846571,45.62892151,27.93116951
Bahamas,BHS,AMR,High,2014,1619.43212891,5.62925673,44.95012282999999,28.32260703999999
Bahamas,BHS,AMR,High,2015,1588.58288574,5.24419451,44.35180664000001,30.390520100000003
Bahamas,BHS,AMR,High,2016,1729.7143554699996,5.712068079999999,48.60113143999999,28.007114410000003
Bahamas,BHS,AMR,High,2017,2118.6489257800004,6.751269340000002,55.22931289999999,24.33213806
Bahamas,BHS,AMR,High,2018,1941.9576416000004,6.026875020000001,49.63325882,27.678285600000002
Bahamas,BHS,AMR,High,2019,1941.60742188,5.868006229999999,51.90351105,26.72900009
Bahamas,BHS,AMR,High,2020,1871.10473633,7.593030929999999,59.676956180000005,22.409009929999996
Bahamas,BHS,AMR,High,2021,2037.5318603500004,7.0057478,54.09319687000001,25.51211166
Bahamas,BHS,AMR,High,2022,2341.32348633,7.2169203799999995,56.37085342,24.246332169999995
Barbados,BRB,AMR,High,2000,622.47875977,5.331872460000001,51.853477480000016,39.37475585999999
Barbados,BRB,AMR,High,2001,643.1159667999999,5.525291920000001,53.288715360000005,38.05859375
Barbados,BRB,AMR,High,2002,689.30773926,5.86123466,53.51586914000001,36.521736149999995
Barbados,BRB,AMR,High,2003,808.0605468799998,6.691481110000001,56.288887020000004,35.8896904
Barbados,BRB,AMR,High,2004,942.3770141600002,7.312977309999999,59.36916351000001,33.59903336000001
Barbados,BRB,AMR,High,2005,963.07849121,6.775362970000001,57.23897552000001,35.04058456
Barbados,BRB,AMR,High,2006,1028.3928222700001,6.58370161,56.26896667000001,35.37914276
Barbados,BRB,AMR,High,2007,1043.49401855,6.056652070000001,54.46463012999999,36.83722687
Barbados,BRB,AMR,High,2008,1136.53637695,6.477532860000001,55.326744080000005,35.451057430000006
Barbados,BRB,AMR,High,2009,1163.96875,7.145225519999999,54.57361983999998,36.330978390000006
Barbados,BRB,AMR,High,2010,1114.3729248,6.7709474599999995,53.42999268000001,38.09718323
Barbados,BRB,AMR,High,2011,1163.2668457,6.89690495,48.47716522,42.20311737
Barbados,BRB,AMR,High,2012,1294.78674316,7.778199669999999,55.332916260000005,38.606987
Barbados,BRB,AMR,High,2013,1246.16491699,7.3974642799999994,51.424758910000016,40.41992569
Barbados,BRB,AMR,High,2014,1175.44348145,6.96651411,47.129211430000005,43.633911129999994
Barbados,BRB,AMR,High,2015,1154.62719727,6.818275450000002,46.76980209,44.41487503000001
Barbados,BRB,AMR,High,2016,1181.1425781299997,6.83311653,46.03868103,45.05650711
Barbados,BRB,AMR,High,2017,1182.0036621100003,6.64785957,45.053722379999996,45.55510711999999
Barbados,BRB,AMR,High,2018,1169.35559082,6.439438820000001,45.489318850000004,45.89333344
Barbados,BRB,AMR,High,2019,1168.11938477,6.12043858,44.879795070000014,46.693637849999995
Barbados,BRB,AMR,High,2020,1234.30041504,7.27405739,49.38206100000001,42.93118668
Barbados,BRB,AMR,High,2021,1391.49853516,7.938660140000001,54.298110959999995,38.774181369999994
Barbados,BRB,AMR,High,2022,1302.0592041,6.29389191,45.03742981000001,46.7436409
Belize,BLZ,AMR,Upper-middle,2000,138.99145507999998,3.09182477,46.03772736,38.14070510999999
Belize,BLZ,AMR,Upper-middle,2001,163.10200500000002,3.58663416,51.062522890000004,34.010086060000006
Belize,BLZ,AMR,Upper-middle,2002,172.80645752,3.69127417,51.46722411999999,33.933895109999995
Belize,BLZ,AMR,Upper-middle,2003,175.12486267,3.64453149,49.66230011,34.33569335999999
Belize,BLZ,AMR,Upper-middle,2004,176.25566100999998,3.5301611399999993,50.03705597,34.26222229
Belize,BLZ,AMR,Upper-middle,2005,181.23458862,3.553932189999999,51.853336330000005,33.10662079
Belize,BLZ,AMR,Upper-middle,2006,196.11968994000003,3.5643081700000003,55.62244797000001,30.152591710000003
Belize,BLZ,AMR,Upper-middle,2007,233.64939880000003,4.07201815,58.60049820000002,26.12111855
Belize,BLZ,AMR,Upper-middle,2008,257.82690429999997,4.5307498,64.55572509999999,24.229476929999997
Belize,BLZ,AMR,Upper-middle,2009,243.30648804000003,4.523402689999999,64.2509079,24.339588169999995
Belize,BLZ,AMR,Upper-middle,2010,244.02867125999995,4.49390221,66.5559845,24.628021240000002
Belize,BLZ,AMR,Upper-middle,2011,252.73461914,4.547528270000001,65.99859619,24.01806259
Belize,BLZ,AMR,Upper-middle,2012,247.82728577000003,4.363090990000001,66.02671813999999,25.152011869999995
Belize,BLZ,AMR,Upper-middle,2013,262.88650513000005,4.441598889999999,66.21116638,25.317710880000003
Belize,BLZ,AMR,Upper-middle,2014,298.22598266999995,4.89683533,62.37166977,22.725065230000002
Belize,BLZ,AMR,Upper-middle,2015,287.53118896,4.668801310000001,67.88059234999999,23.429601669999997
Belize,BLZ,AMR,Upper-middle,2016,293.82302856,4.7828040099999996,70.03608703999998,22.720998759999993
Belize,BLZ,AMR,Upper-middle,2017,281.39849854,4.63350248,69.40550232,23.279731750000003
Belize,BLZ,AMR,Upper-middle,2018,287.49368286,4.76723623,68.74919127999999,23.10110855
Belize,BLZ,AMR,Upper-middle,2019,299.69824219000003,4.844244959999999,68.77599335,22.72480011
Belize,BLZ,AMR,Upper-middle,2020,280.5263061499999,5.35447645,71.1019516,20.864145280000002
Belize,BLZ,AMR,Upper-middle,2021,310.2124939,5.058421130000001,69.62100982999999,22.07592201
Belize,BLZ,AMR,Upper-middle,2022,297.4163208,4.231739039999999,62.31735992,26.606773380000003
Bolivia (Plurinational State of),BOL,AMR,Lower-middle,2000,42.89028168,4.3955411899999985,55.32917404,33.507301330000004
Bolivia (Plurinational State of),BOL,AMR,Lower-middle,2001,44.88241577,4.82522202,54.17406845000001,33.05337524
Bolivia (Plurinational State of),BOL,AMR,Lower-middle,2002,43.49106216,4.89645052,53.14351653999999,33.920936579999996
Bolivia (Plurinational State of),BOL,AMR,Lower-middle,2003,46.41044998,5.19709635,53.00777054,32.02861404
Bolivia (Plurinational State of),BOL,AMR,Lower-middle,2004,46.35359192,4.86315727,52.13727188,32.59439087
Bolivia (Plurinational State of),BOL,AMR,Lower-middle,2005,51.76200867,5.074081420000001,54.269847870000014,32.00019073
Bolivia (Plurinational State of),BOL,AMR,Lower-middle,2006,56.05701447000001,4.660875320000001,56.02086639,32.265392299999995
Bolivia (Plurinational State of),BOL,AMR,Lower-middle,2007,63.62155914000001,4.696889400000002,59.09320831,30.76193619
Bolivia (Plurinational State of),BOL,AMR,Lower-middle,2008,77.97772979999999,4.6067724199999995,58.65034485000001,30.368228910000006
Bolivia (Plurinational State of),BOL,AMR,Lower-middle,2009,89.57923889000001,5.17444515,61.03663254000001,30.099376679999995
Bolivia (Plurinational State of),BOL,AMR,Lower-middle,2010,100.39356232,5.202305320000001,58.76804351999999,33.27740097
Bolivia (Plurinational State of),BOL,AMR,Lower-middle,2011,119.78379059000004,5.1730680499999995,58.39107895000001,32.50546646
Bolivia (Plurinational State of),BOL,AMR,Lower-middle,2012,135.32060242000003,5.2539444,57.03056334999999,34.358337399999996
Bolivia (Plurinational State of),BOL,AMR,Lower-middle,2013,159.99380493,5.574651240000001,58.522525789999996,34.009166719999996
Bolivia (Plurinational State of),BOL,AMR,Lower-middle,2014,179.32742309999998,5.896136279999999,62.62419127999999,30.904359820000003
Bolivia (Plurinational State of),BOL,AMR,Lower-middle,2015,196.25799560999997,6.550649639999999,65.74084472999998,27.326616289999997
Bolivia (Plurinational State of),BOL,AMR,Lower-middle,2016,207.4511261,6.833330629999999,64.82120514,28.021120070000006
Bolivia (Plurinational State of),BOL,AMR,Lower-middle,2017,214.58572388000002,6.490194799999999,68.52770996000001,25.077846529999995
Bolivia (Plurinational State of),BOL,AMR,Lower-middle,2018,231.18806458,6.603994370000001,72.65296936000001,22.10827065
Bolivia (Plurinational State of),BOL,AMR,Lower-middle,2019,241.34619140999993,6.8879299199999995,71.08983612,23.991598130000003
Bolivia (Plurinational State of),BOL,AMR,Lower-middle,2020,248.69514465000003,8.0225811,72.32567596000001,20.898395540000003
Bolivia (Plurinational State of),BOL,AMR,Lower-middle,2021,276.20880127,8.159729000000002,72.08840179,22.73787498
Bolivia (Plurinational State of),BOL,AMR,Lower-middle,2022,307.13800049,8.431428910000001,69.82245636,21.87678146
Brazil,BRA,AMR,Upper-middle,2000,313.92590332,8.33457184,41.63555527,36.59222031
Brazil,BRA,AMR,Upper-middle,2001,271.56121826,8.54963303,41.08930588000001,37.80702972
Brazil,BRA,AMR,Upper-middle,2002,248.37753296,8.696869849999999,42.38710403,36.40619658999999
Brazil,BRA,AMR,Upper-middle,2003,253.08970642,8.18899441,42.856842040000004,35.47386169
Brazil,BRA,AMR,Upper-middle,2004,297.68243408,8.12491989,42.670272829999995,35.3658371
Brazil,BRA,AMR,Upper-middle,2005,387.93121338,8.03539562,41.631458280000004,35.87643814
Brazil,BRA,AMR,Upper-middle,2006,489.53884887999993,8.24952507,42.92739104999999,34.37126541000001
Brazil,BRA,AMR,Upper-middle,2007,607.73022461,8.201829909999999,42.48596954,33.094120030000006
Brazil,BRA,AMR,Upper-middle,2008,713.67193604,8.01128483,43.74353027,30.884092330000005
Brazil,BRA,AMR,Upper-middle,2009,728.55639648,8.39480495,44.16326523000001,31.210319520000002
Brazil,BRA,AMR,Upper-middle,2010,906.0098877,7.94516611,45.021251680000006,29.385204320000003
Brazil,BRA,AMR,Upper-middle,2011,1043.3548584,7.78819132,44.49915695000001,29.29958534
Brazil,BRA,AMR,Upper-middle,2012,968.7277832000002,7.736377239999999,43.36180878000001,29.682029720000003
Brazil,BRA,AMR,Upper-middle,2013,993.7960815399999,7.9766015999999995,44.519454960000004,28.177068710000004
Brazil,BRA,AMR,Upper-middle,2014,1030.66271973,8.396441459999998,44.05274582,28.180246350000004
Brazil,BRA,AMR,Upper-middle,2015,796.15252686,8.90929985,43.25645828,24.70735931
Brazil,BRA,AMR,Upper-middle,2016,810.2003784199999,9.169016840000001,43.05796051000001,24.420572280000002
Brazil,BRA,AMR,Upper-middle,2017,954.75012207,9.47125053,41.73838425,24.46793365
Brazil,BRA,AMR,Upper-middle,2018,880.2843017600001,9.46475029,41.091823579999996,24.82529449
Brazil,BRA,AMR,Upper-middle,2019,868.17248535,9.61449146,40.740779880000005,24.87984657
Brazil,BRA,AMR,Upper-middle,2020,680.7684326199999,9.62326527,43.35228729000001,26.09086418
Brazil,BRA,AMR,Upper-middle,2021,768.2707519500002,9.63646507,44.69210815,25.267890930000004
Brazil,BRA,AMR,Upper-middle,2022,848.57122803,9.142774580000001,44.89780807,27.36837578
Canada,CAN,AMR,High,2000,1988.15942383,8.24814415,72.85163878999998,16.605209350000003
Canada,CAN,AMR,High,2001,2041.8751220700003,8.62482357,72.80158234,15.92599487
Canada,CAN,AMR,High,2002,2134.8496093800004,8.856704709999999,72.43798828000001,15.908339499999997
Canada,CAN,AMR,High,2003,2534.86474609,9.010901449999999,73.13981627999999,15.2514801
Canada,CAN,AMR,High,2004,2896.19335938,9.06628132,73.06193542000001,15.287869449999999
Canada,CAN,AMR,High,2005,3268.46850586,9.03540611,73.03554535,15.36829376
Canada,CAN,AMR,High,2006,3755.6044921899993,9.32523441,69.50933074999999,15.898451810000001
Canada,CAN,AMR,High,2007,4185.217773439999,9.42872047,69.67121887,15.620432850000004
Canada,CAN,AMR,High,2008,4451.32373047,9.588269230000002,69.83197021000002,15.51378059
Canada,CAN,AMR,High,2009,4354.06298828,10.699680329999998,70.27241516000001,15.17761517
Canada,CAN,AMR,High,2010,5062.48291016,10.70405102,69.93920897999999,15.61018085
Canada,CAN,AMR,High,2011,5401.615234379999,10.408323290000002,70.28756714,15.159510610000002
Canada,CAN,AMR,High,2012,5520.622070309999,10.544606209999998,70.57069397,14.986918450000001
Canada,CAN,AMR,High,2013,5462.15673828,10.439642909999998,70.96649932999999,14.557318690000006
Canada,CAN,AMR,High,2014,5212.008789059999,10.28526115,70.80599212999999,14.70750904
Canada,CAN,AMR,High,2015,4660.79833984,10.768502239999998,70.90012359999999,14.696448330000004
Canada,CAN,AMR,High,2016,4649.12109375,11.060973170000002,69.89869690000002,15.600972180000003
Canada,CAN,AMR,High,2017,4899.25390625,10.934210779999997,69.67433167000002,15.815318109999998
Canada,CAN,AMR,High,2018,5062.38476563,10.94313335,69.66168976000002,15.543314930000003
Canada,CAN,AMR,High,2019,5103.84130859,11.05897045,69.50235747999997,15.46867561
Canada,CAN,AMR,High,2020,5649.169433589999,13.02419472,73.79806519,13.710943219999995
Canada,CAN,AMR,High,2021,6483.376953129999,12.419209480000003,72.96011353,13.94483089
Canada,CAN,AMR,High,2022,6255.02783203,11.23432541,71.21333313,14.85310173
Canada,CAN,AMR,High,2023,6112.01953125,11.22370815,70.49747467,15.303500180000004
Chile,CHL,AMR,High,2000,353.25033569,7.000207420000001,35.794723510000004,42.81496429
Chile,CHL,AMR,High,2001,323.63336182,7.097331049999999,36.364086150000006,42.61517333999999
Chile,CHL,AMR,High,2002,319.53222655999997,7.208337779999999,37.541847229999995,42.484004969999994
Chile,CHL,AMR,High,2003,346.1635437,7.250477790000002,38.24768829,42.763847350000006
Chile,CHL,AMR,High,2004,422.96481323,6.91028595,39.46642303,41.844120030000006
Chile,CHL,AMR,High,2005,495.56002808000005,6.62372065,39.34249496,42.47086716
Chile,CHL,AMR,High,2006,565.8493042,6.0723562200000005,41.34890746999999,40.74998093
Chile,CHL,AMR,High,2007,643.05963135,6.21259642,42.258853910000006,39.18727112
Chile,CHL,AMR,High,2008,719.0750122100001,6.7395448700000005,43.525207519999995,37.430427550000005
Chile,CHL,AMR,High,2009,730.63336182,7.250268459999999,46.86124801999999,34.58893585
Chile,CHL,AMR,High,2010,861.7243652299998,6.81958389,47.10449982,34.467628479999995
Chile,CHL,AMR,High,2011,984.4486084,6.799475190000001,47.157421109999994,34.499259949999995
Chile,CHL,AMR,High,2012,1070.51293945,7.0195126499999985,47.93560791000001,33.407642360000004
Chile,CHL,AMR,High,2013,1171.77038574,7.47552681,47.6493454,33.638309480000004
Chile,CHL,AMR,High,2014,1138.6611328099998,7.841501709999998,47.73588562,34.268730160000004
Chile,CHL,AMR,High,2015,1122.1337890599998,8.351393700000001,48.01672745,34.50925446
Chile,CHL,AMR,High,2016,1167.89306641,8.55767059,49.652862549999995,34.750827789999995
Chile,CHL,AMR,High,2017,1353.6927490200003,9.090518,50.39948273,33.30509567
Chile,CHL,AMR,High,2018,1430.7026367199996,9.150403979999998,51.24023056,32.69705963
Chile,CHL,AMR,High,2019,1348.99401855,9.299198149999999,51.2644577,32.34170532
Chile,CHL,AMR,High,2020,1270.97814941,9.68910599,56.510406489999994,29.04245186
Chile,CHL,AMR,High,2021,1576.69287109,9.685933109999999,53.662681580000005,32.634521480000004
Chile,CHL,AMR,High,2022,1547.28967285,10.06172848,50.42908858999999,35.46334839
Chile,CHL,AMR,High,2023,1714.8927002,10.095326420000001,50.27700424,35.03757476999999
Colombia,COL,AMR,Upper-middle,2000,134.71453857,5.63529348,74.53343964,13.69103241
Colombia,COL,AMR,Upper-middle,2001,138.47569274999998,5.942382810000002,75.05117797999999,13.39813709
Colombia,COL,AMR,Upper-middle,2002,132.18363953,5.732965470000001,76.18750763,11.489589689999999
Colombia,COL,AMR,Upper-middle,2003,129.71965027000002,5.775054450000001,77.37968445,8.60398769
Colombia,COL,AMR,Upper-middle,2004,159.61109924,5.79892111,73.53205109,13.758600229999999
Colombia,COL,AMR,Upper-middle,2005,209.68319702,6.06710577,71.82027434999999,16.407938
Colombia,COL,AMR,Upper-middle,2006,240.10488891999998,6.335466380000001,72.08561707000001,17.933506009999995
Colombia,COL,AMR,Upper-middle,2007,309.61691284,6.491021629999999,70.65239716,19.24854279
Colombia,COL,AMR,Upper-middle,2008,379.16812134,6.84192181,69.36102294999999,20.85275078
Colombia,COL,AMR,Upper-middle,2009,383.91674805,7.311345579999999,72.05204773,18.014549259999995
Colombia,COL,AMR,Upper-middle,2010,452.44281006,7.071301940000001,72.2251358,17.0035553
Colombia,COL,AMR,Upper-middle,2011,501.84420775999996,6.780767920000001,73.49957275,15.315755840000003
Colombia,COL,AMR,Upper-middle,2012,547.0073242200001,6.746016029999998,69.86154175,17.858501429999997
Colombia,COL,AMR,Upper-middle,2013,580.96453857,7.017240520000001,69.85743713000001,17.152898790000002
Colombia,COL,AMR,Upper-middle,2014,588.29449463,7.185532090000001,70.40434265000002,16.27700996
Colombia,COL,AMR,Upper-middle,2015,470.0998229999999,7.523385049999999,70.83104706,15.401050569999999
Colombia,COL,AMR,Upper-middle,2016,448.84588623,7.53117037,70.32949065999999,15.61221027
Colombia,COL,AMR,Upper-middle,2017,497.54016113000006,7.6786432300000005,71.04096222000001,15.363010409999998
Colombia,COL,AMR,Upper-middle,2018,519.82202148,7.625413890000002,71.61445618,15.1307478
Colombia,COL,AMR,Upper-middle,2019,503.53485106999995,7.77954912,69.87634277000002,14.73766041
Colombia,COL,AMR,Upper-middle,2020,464.9777832000001,8.71432114,71.28707886,14.506283760000002
Colombia,COL,AMR,Upper-middle,2021,561.11627197,9.017724040000001,72.59104156000001,13.669645309999998
Colombia,COL,AMR,Upper-middle,2022,505.50805664,7.57361269,70.43899536,14.364748000000002
Colombia,COL,AMR,Upper-middle,2023,534.43713379,7.69168758,70.23509978999999,14.615749359999999
Costa Rica,CRI,AMR,Upper-middle,2000,250.30950928000001,6.56498718,64.92300415000001,31.574872969999994
Costa Rica,CRI,AMR,Upper-middle,2001,258.00057983,6.47409868,65.55662536999999,31.632865910000003
Costa Rica,CRI,AMR,Upper-middle,2002,279.41705322,6.8690877000000015,66.86169434000001,30.690622330000004
Costa Rica,CRI,AMR,Upper-middle,2003,290.83309937,6.9691925,66.37474823,30.765012739999996
Costa Rica,CRI,AMR,Upper-middle,2004,293.77548218000004,6.630060670000001,66.01708984,32.05981445
Costa Rica,CRI,AMR,Upper-middle,2005,313.48355103000006,6.66429663,63.956649779999985,32.77381897
Costa Rica,CRI,AMR,Upper-middle,2006,364.52426146999994,6.935308459999999,66.10926819,31.076955800000007
Costa Rica,CRI,AMR,Upper-middle,2007,429.4189453100001,6.996426109999999,66.21092987,30.912471770000003
Costa Rica,CRI,AMR,Upper-middle,2008,518.1114501999999,7.4685483,67.81954956,29.510948180000003
Costa Rica,CRI,AMR,Upper-middle,2009,537.06317139,7.86019182,70.94270325,26.40225029
Costa Rica,CRI,AMR,Upper-middle,2010,663.69165039,8.029376979999999,72.31500244,25.384313579999997
Costa Rica,CRI,AMR,Upper-middle,2011,753.42633057,8.12197781,70.19308472,25.78322983
Costa Rica,CRI,AMR,Upper-middle,2012,788.5310058599998,7.786422730000001,70.68045807000001,24.5027504
Costa Rica,CRI,AMR,Upper-middle,2013,829.93658447,7.682293419999999,71.00035858,23.22566605
Costa Rica,CRI,AMR,Upper-middle,2014,836.23120117,7.663762090000001,71.02149963000001,24.41330528
Costa Rica,CRI,AMR,Upper-middle,2015,889.3762207000002,7.5919618600000005,72.70618439,22.59923172
Costa Rica,CRI,AMR,Upper-middle,2016,884.7302856400001,7.31724358,73.32389069,22.20295334
Costa Rica,CRI,AMR,Upper-middle,2017,867.7673339799998,7.045229909999999,73.50926971000001,21.255390170000002
Costa Rica,CRI,AMR,Upper-middle,2018,917.31018066,7.28587723,72.39395142,22.416425699999998
Costa Rica,CRI,AMR,Upper-middle,2019,930.4351196299998,7.221249099999999,72.53588103999999,22.32456398
Costa Rica,CRI,AMR,Upper-middle,2020,969.89099121,7.82545757,71.80640411,20.28676224
Costa Rica,CRI,AMR,Upper-middle,2021,977.14831543,7.61130476,70.3404007,20.517045969999998
Costa Rica,CRI,AMR,Upper-middle,2022,978.8415527299998,7.183681959999999,68.95672607,22.43504333
Cuba,CUB,AMR,Upper-middle,2000,181.09315490999998,6.58189821,83.69687652999998,16.22938156
Cuba,CUB,AMR,Upper-middle,2001,198.49874877999997,6.9820981,81.21707916,18.70623779
Cuba,CUB,AMR,Upper-middle,2002,213.81524657999998,7.114816190000001,80.50537871999998,19.3773613
Cuba,CUB,AMR,Upper-middle,2003,227.49208068999997,7.102954390000001,79.5318985,20.325124740000003
Cuba,CUB,AMR,Upper-middle,2004,232.22746277000002,6.831787109999999,80.04374695,19.59809303
Cuba,CUB,AMR,Upper-middle,2005,331.50354004,8.75525475,84.86508179,14.84367657
Cuba,CUB,AMR,Upper-middle,2006,386.82586670000006,8.271905900000002,85.59683989999999,14.26366234
Cuba,CUB,AMR,Upper-middle,2007,569.43585205,10.9674921,90.10673522999998,9.78314972
Cuba,CUB,AMR,Upper-middle,2008,609.27282715,11.314228059999998,90.96945190000002,8.83751297
Cuba,CUB,AMR,Upper-middle,2009,675.5339965800001,12.29053974,91.80177307,8.099641799999999
Cuba,CUB,AMR,Upper-middle,2010,608.5847167999999,10.688082699999999,90.77864837999999,9.181970599999998
Cuba,CUB,AMR,Upper-middle,2011,695.8154296899999,11.312986370000003,88.98712158000001,10.816379550000002
Cuba,CUB,AMR,Upper-middle,2012,601.7495727500001,9.29940987,86.70360565000001,13.130972859999996
Cuba,CUB,AMR,Upper-middle,2013,712.26629639,10.430994990000002,87.60781096999999,12.27119064
Cuba,CUB,AMR,Upper-middle,2014,867.6970214799998,12.14121914,90.25088501,9.63887787
Cuba,CUB,AMR,Upper-middle,2015,991.08496094,12.814043050000004,90.33050537,9.621830940000002
Cuba,CUB,AMR,Upper-middle,2016,990.92346191,12.217696190000002,89.60745239,10.285434720000001
Cuba,CUB,AMR,Upper-middle,2017,987.8103027299998,11.47201538,89.22185515999999,10.70137501
Cuba,CUB,AMR,Upper-middle,2018,981.90283203,11.018424990000002,88.73808289000002,11.17386532
Cuba,CUB,AMR,Upper-middle,2019,1023.3971557600001,11.08501148,89.01757813,10.850162509999999
Cuba,CUB,AMR,Upper-middle,2020,1199.35327148,12.48641968,91.02434540000002,8.92000961
Cuba,CUB,AMR,Upper-middle,2021,,13.787279130000002,91.59377289,8.393724440000003
Cuba,CUB,AMR,Upper-middle,2022,,11.78683186,88.83121489999999,11.134319309999999
Dominica,DMA,AMR,Upper-middle,2000,259.0213623,5.32374382,63.11794662,33.024654389999995
Dominica,DMA,AMR,Upper-middle,2001,231.52333068999997,4.64501858,55.349716189999995,41.14457321
Dominica,DMA,AMR,Upper-middle,2002,226.86923218,4.6531104999999995,52.36088181,41.70457077
Dominica,DMA,AMR,Upper-middle,2003,242.78863525000003,4.846179009999999,55.74952698,40.080253600000006
Dominica,DMA,AMR,Upper-middle,2004,253.70576476999994,4.74520159,54.22105789,40.67153931000001
Dominica,DMA,AMR,Upper-middle,2005,263.66098021999994,4.97772503,56.13697814999999,40.02454376000001
Dominica,DMA,AMR,Upper-middle,2006,271.24331665,4.78092194,56.37023926000002,39.92842484
Dominica,DMA,AMR,Upper-middle,2007,293.30905151,4.79109955,52.60812378000001,42.960269929999995
Dominica,DMA,AMR,Upper-middle,2008,336.00155639999997,5.049687860000001,51.78384017999999,44.350280760000004
Dominica,DMA,AMR,Upper-middle,2009,354.04888915999993,4.983293060000001,53.63093567,42.24050139999999
Dominica,DMA,AMR,Upper-middle,2010,369.75668335,5.157119270000001,57.386608120000005,38.80086898999999
Dominica,DMA,AMR,Upper-middle,2011,387.11709595,5.33450365,59.06954575000001,36.784130100000006
Dominica,DMA,AMR,Upper-middle,2012,407.4205322300001,5.795099259999999,60.06042862,35.47105789
Dominica,DMA,AMR,Upper-middle,2013,382.10519409,5.347498419999999,61.36355209,35.36190413999999
Dominica,DMA,AMR,Upper-middle,2014,389.0534362800001,5.26141691,61.032310489999986,35.74480438
Dominica,DMA,AMR,Upper-middle,2015,396.23742676,5.15941811,63.04369354000001,34.0546875
Dominica,DMA,AMR,Upper-middle,2016,424.15756225999996,5.12308073,65.01004791,32.22554016
Dominica,DMA,AMR,Upper-middle,2017,415.87072754,5.462454319999999,69.00894928,28.55779457
Dominica,DMA,AMR,Upper-middle,2018,503.34179687999995,6.18495989,66.39791870000002,30.913192749999997
Dominica,DMA,AMR,Upper-middle,2019,465.63766479,5.169039249999999,64.46092224,33.85964203
Dominica,DMA,AMR,Upper-middle,2020,457.0191955600001,6.126512049999999,61.950111390000004,29.657751079999997
Dominica,DMA,AMR,Upper-middle,2021,521.8431396499999,6.31661367,63.85919571000001,24.050939559999996
Dominica,DMA,AMR,Upper-middle,2022,574.4174804700001,6.31969738,71.31147766000001,27.465147019999996
Dominican Republic,DOM,AMR,Upper-middle,2000,138.29624939,4.88427496,35.02082062,55.320144649999996
Dominican Republic,DOM,AMR,Upper-middle,2001,143.32540894,4.88183308,34.892860410000004,54.503620149999996
Dominican Republic,DOM,AMR,Upper-middle,2002,152.86595154000003,4.986490250000001,33.68210983,53.45066451999999
Dominican Republic,DOM,AMR,Upper-middle,2003,104.59856415000002,4.38888264,26.428287509999997,61.65138245000001
Dominican Republic,DOM,AMR,Upper-middle,2004,105.12216186999999,4.2877388000000005,26.766382220000004,62.25312042
Dominican Republic,DOM,AMR,Upper-middle,2005,168.85827637000003,4.35391188,31.996267319999998,53.876556400000005
Dominican Republic,DOM,AMR,Upper-middle,2006,161.94844055,3.9936542499999996,35.098663329999994,54.748325349999995
Dominican Republic,DOM,AMR,Upper-middle,2007,190.14048767,4.0893530799999995,41.19946289000001,46.18055725000001
Dominican Republic,DOM,AMR,Upper-middle,2008,229.29747009000002,4.561461929999999,46.49457932,41.57860946999999
Dominican Republic,DOM,AMR,Upper-middle,2009,237.11128235,4.7633762399999995,48.91817474,38.935684200000004
Dominican Republic,DOM,AMR,Upper-middle,2010,270.03961182,4.923554419999999,51.10910797,36.44626998999999
Dominican Republic,DOM,AMR,Upper-middle,2011,293.95123290999993,5.03797865,54.093345639999995,35.27978134
Dominican Republic,DOM,AMR,Upper-middle,2012,304.23754883000004,5.04897833,54.738075259999995,33.398139949999994
Dominican Republic,DOM,AMR,Upper-middle,2013,302.28512573,4.915982249999999,56.51301956,32.208793639999996
Dominican Republic,DOM,AMR,Upper-middle,2014,312.44223021999994,4.79757166,51.294456479999994,31.053649899999993
Dominican Republic,DOM,AMR,Upper-middle,2015,322.04864502,4.72216797,50.145931239999996,29.99302864
Dominican Republic,DOM,AMR,Upper-middle,2016,328.36526489,4.57663107,58.223297120000005,29.477975849999996
Dominican Republic,DOM,AMR,Upper-middle,2017,336.98895264,4.49336958,59.69245911,28.292406079999996
Dominican Republic,DOM,AMR,Upper-middle,2018,327.39859009,4.12601566,61.20718383999999,28.92064285
Dominican Republic,DOM,AMR,Upper-middle,2019,346.12109375,4.23948717,61.144302370000005,27.94108391000001
Dominican Republic,DOM,AMR,Upper-middle,2020,353.79364014,4.9396710399999995,65.65877533,24.65030479
Dominican Republic,DOM,AMR,Upper-middle,2021,416.68310546999993,4.918077470000002,66.83336639000001,23.593177800000003
Dominican Republic,DOM,AMR,Upper-middle,2022,462.26287842,4.57254791,58.42313385,27.573881149999995
Ecuador,ECU,AMR,Upper-middle,2000,48.11405182,3.4825685,28.83564568,63.551437379999996
Ecuador,ECU,AMR,Upper-middle,2001,71.16015625,3.97254419,33.42656708,60.95368576
Ecuador,ECU,AMR,Upper-middle,2002,97.25205231000002,4.722937110000001,31.567371369999996,62.61038208
Ecuador,ECU,AMR,Upper-middle,2003,132.01766967999998,5.701212879999999,30.644950870000002,62.026287079999996
Ecuador,ECU,AMR,Upper-middle,2004,149.75236510999997,5.790411000000001,31.109918589999996,60.84589767
Ecuador,ECU,AMR,Upper-middle,2005,167.79144287,5.767937659999999,30.063859940000004,62.79948044
Ecuador,ECU,AMR,Upper-middle,2006,189.59565735,5.84506655,31.85184288,60.92105865
Ecuador,ECU,AMR,Upper-middle,2007,193.33273315000002,5.557224749999999,39.210266110000006,54.745162959999995
Ecuador,ECU,AMR,Upper-middle,2008,231.62229918999998,5.52174902,39.65284348,54.179485320000005
Ecuador,ECU,AMR,Upper-middle,2009,244.5753479,6.03388453,42.39567946999999,51.54730988
Ecuador,ECU,AMR,Upper-middle,2010,287.00466919,6.34925699,47.031326289999996,46.95374298
Ecuador,ECU,AMR,Upper-middle,2011,340.40786743,6.605096820000002,47.771663669999995,46.08555983999999
Ecuador,ECU,AMR,Upper-middle,2012,387.54577636999994,6.878598209999998,51.28704071000001,42.85883331
Ecuador,ECU,AMR,Upper-middle,2013,414.1268310500001,6.778664109999999,56.95405197000001,37.87577057
Ecuador,ECU,AMR,Upper-middle,2014,433.41845703,6.766018390000001,61.43726349,32.925231929999995
Ecuador,ECU,AMR,Upper-middle,2015,464.22186279,7.76786041,57.713897710000005,35.878238679999995
Ecuador,ECU,AMR,Upper-middle,2016,449.03869629,7.588174820000001,60.69910049,32.70997238
Ecuador,ECU,AMR,Upper-middle,2017,469.04544066999995,7.524841309999999,61.62122726,32.47928619
Ecuador,ECU,AMR,Upper-middle,2018,493.73196411,7.83214045,63.59970093,30.31152916
Ecuador,ECU,AMR,Upper-middle,2019,484.47195435000015,7.807682509999998,62.68743133999999,30.93616295
Ecuador,ECU,AMR,Upper-middle,2020,473.01956177,8.657625199999998,60.731052399999996,31.723684310000003
Ecuador,ECU,AMR,Upper-middle,2021,498.60794066999995,8.206461909999998,63.19903946000001,30.70371056
Ecuador,ECU,AMR,Upper-middle,2022,492.83575439,7.534570220000002,61.03505325,32.47224045
El Salvador,SLV,AMR,Upper-middle,2000,155.52601624000005,7.8434281299999995,50.27327728,45.356056210000006
El Salvador,SLV,AMR,Upper-middle,2001,162.30456543000003,7.886048790000001,48.61013411999999,45.13660812
El Salvador,SLV,AMR,Upper-middle,2002,166.81164551,7.885657309999999,50.766365050000005,44.852855680000005
El Salvador,SLV,AMR,Upper-middle,2003,171.59013367000003,7.771822929999999,50.04221725000001,45.69374847000001
El Salvador,SLV,AMR,Upper-middle,2004,185.83404541000004,8.1302166,49.40224075,44.66817856000001
El Salvador,SLV,AMR,Upper-middle,2005,225.17417908,9.200578690000002,46.17370224,44.02602386
El Salvador,SLV,AMR,Upper-middle,2006,231.73410034000003,8.693388940000002,52.000103,38.75121307
El Salvador,SLV,AMR,Upper-middle,2007,239.99687194999996,8.478363040000001,48.41637801999999,41.63936996
El Salvador,SLV,AMR,Upper-middle,2008,253.45413208,8.49585915,48.12924194,42.00724029999999
El Salvador,SLV,AMR,Upper-middle,2009,257.19317627,8.83749676,46.45065308,38.43320847
El Salvador,SLV,AMR,Upper-middle,2010,270.69418335,8.904162410000001,49.10432816000001,37.808654790000006
El Salvador,SLV,AMR,Upper-middle,2011,295.64242554000003,8.87645435,54.063522339999984,38.14563751000001
El Salvador,SLV,AMR,Upper-middle,2012,301.03710937999995,8.60625362,51.758716579999984,39.042663569999995
El Salvador,SLV,AMR,Upper-middle,2013,324.28027344000003,9.05235958,52.61891555999999,37.39609908999999
El Salvador,SLV,AMR,Upper-middle,2014,315.23168945000003,8.5989418,54.51475142999999,36.57447433
El Salvador,SLV,AMR,Upper-middle,2015,331.96725464,8.758332249999999,54.906394960000014,35.22028351000001
El Salvador,SLV,AMR,Upper-middle,2016,339.97875977,8.714563369999999,55.62371826000001,34.538257599999994
El Salvador,SLV,AMR,Upper-middle,2017,338.60742187999995,8.422868730000001,54.41042709,37.28125
El Salvador,SLV,AMR,Upper-middle,2018,348.18817139,8.322751999999998,54.59584427,37.49291611
El Salvador,SLV,AMR,Upper-middle,2019,380.5338439900001,8.808461190000001,53.52661895999999,37.671070099999994
El Salvador,SLV,AMR,Upper-middle,2020,357.78799438,8.951050760000001,64.75831604000001,27.421277999999994
El Salvador,SLV,AMR,Upper-middle,2021,470.14025879,10.126689910000001,63.39575195,30.508663179999996
El Salvador,SLV,AMR,Upper-middle,2022,501.24411010999995,9.840797419999998,62.203090669999995,31.608972549999997
Grenada,GRD,AMR,Upper-middle,2000,259.33764648000005,5.35886383,34.71628189,59.30252837999999
Grenada,GRD,AMR,Upper-middle,2001,271.03814697,5.62456989,38.215084080000004,56.11627197
Grenada,GRD,AMR,Upper-middle,2002,307.84365845,6.17569733,43.908233640000006,50.98685073999999
Grenada,GRD,AMR,Upper-middle,2003,286.90512085,5.28485727,40.896694180000004,53.707141879999995
Grenada,GRD,AMR,Upper-middle,2004,294.12390137,5.3656845099999995,48.35805893,47.225894929999995
Grenada,GRD,AMR,Upper-middle,2005,326.09225464,5.144602779999999,47.05685425,48.58168029999999
Grenada,GRD,AMR,Upper-middle,2006,324.32067871,5.11352158,39.97494124999999,52.81490326000001
Grenada,GRD,AMR,Upper-middle,2007,359.5350341799999,5.23867893,38.343688959999994,55.369632720000006
Grenada,GRD,AMR,Upper-middle,2008,401.15072632,5.386199,36.44338226000001,55.20097733
Grenada,GRD,AMR,Upper-middle,2009,376.68447876000005,5.434710029999999,39.93026733000001,54.57839584
Grenada,GRD,AMR,Upper-middle,2010,374.46508789,5.418811799999999,37.95495604999999,56.571205140000004
Grenada,GRD,AMR,Upper-middle,2011,403.17129516999995,5.80423355,41.62673187,54.279048919999994
Grenada,GRD,AMR,Upper-middle,2012,413.02658081,5.82235765,40.99620438,54.76435089
Grenada,GRD,AMR,Upper-middle,2013,417.74581909,5.62652922,40.49073792,55.12482071000001
Grenada,GRD,AMR,Upper-middle,2014,381.22598266999995,4.77353573,43.848934170000014,51.89144897
Grenada,GRD,AMR,Upper-middle,2015,404.00680542,4.64675617,41.6405983,53.97851944
Grenada,GRD,AMR,Upper-middle,2016,409.27841187,4.439100270000001,39.77635193,55.74351882999999
Grenada,GRD,AMR,Upper-middle,2017,454.0726623500001,4.657010560000001,40.54024886999999,55.11002731000001
Grenada,GRD,AMR,Upper-middle,2018,462.2394104000001,4.583737370000001,40.6926384,54.91054916
Grenada,GRD,AMR,Upper-middle,2019,515.94726563,4.93189621,41.39058304,54.420955660000004
Grenada,GRD,AMR,Upper-middle,2020,477.34429931999995,5.3228159,42.98586654999999,52.33272171
Grenada,GRD,AMR,Upper-middle,2021,514.3214111300001,5.3443331700000005,40.57250595000001,52.004425049999995
Grenada,GRD,AMR,Upper-middle,2022,521.23730469,4.94846392,40.39123154,53.71971893
Guatemala,GTM,AMR,Upper-middle,2000,83.61930084000002,5.396861080000001,35.44107819,58.98999404999999
Guatemala,GTM,AMR,Upper-middle,2001,100.02039337000002,6.07023716,32.643581389999994,62.31534195000002
Guatemala,GTM,AMR,Upper-middle,2002,107.62042235999998,6.013012890000001,32.3414917,62.11330031999999
Guatemala,GTM,AMR,Upper-middle,2003,113.38285065,6.1530685400000005,33.17713928,61.623294830000006
Guatemala,GTM,AMR,Upper-middle,2004,122.16271972999998,6.261827950000001,32.320178989999995,60.03531647000001
Guatemala,GTM,AMR,Upper-middle,2005,132.41906738,6.14826393,30.596267700000006,62.47688293
Guatemala,GTM,AMR,Upper-middle,2006,149.04266357,6.363622189999999,32.474781039999996,61.51553345000001
Guatemala,GTM,AMR,Upper-middle,2007,158.89395141999998,6.1918334999999995,31.958782199999995,61.62370682000001
Guatemala,GTM,AMR,Upper-middle,2008,175.67254639000004,6.081299779999999,33.77882004,59.048336029999994
Guatemala,GTM,AMR,Upper-middle,2009,169.37559509000002,6.339386459999999,35.6460495,56.923198699999986
Guatemala,GTM,AMR,Upper-middle,2010,175.31318664999998,6.1247797,33.656490330000004,58.949142460000004
Guatemala,GTM,AMR,Upper-middle,2011,191.24732970999997,5.963068959999999,33.43029022,58.879199979999996
Guatemala,GTM,AMR,Upper-middle,2012,200.84880066,6.07316971,33.36420058999999,58.31992339999999
Guatemala,GTM,AMR,Upper-middle,2013,198.79296875,5.771889209999999,38.37311554,54.619480129999985
Guatemala,GTM,AMR,Upper-middle,2014,217.23764038000004,5.888568400000001,38.00521468999999,55.55548096
Guatemala,GTM,AMR,Upper-middle,2015,233.84478759999996,6.006020070000001,37.931961060000006,55.72278976
Guatemala,GTM,AMR,Upper-middle,2016,246.45382690000005,6.070082189999999,37.6868515,56.06058884
Guatemala,GTM,AMR,Upper-middle,2017,265.36593628,6.1356382400000005,35.844768519999995,54.1341095
Guatemala,GTM,AMR,Upper-middle,2018,265.81820679000003,6.10662699,36.00881195000001,57.50035858
Guatemala,GTM,AMR,Upper-middle,2019,278.59024048000003,6.174432749999999,38.4250946,55.989177700000006
Guatemala,GTM,AMR,Upper-middle,2020,289.21640015,6.45951891,38.27503586,56.291587830000005
Guatemala,GTM,AMR,Upper-middle,2021,341.14865112000007,6.97680426,33.76638794,60.97982407000002
Guatemala,GTM,AMR,Upper-middle,2022,396.07998657,7.4409880600000005,32.60611725,58.383697510000005
Guyana,GUY,AMR,High,2000,62.37635422000001,3.1873793600000004,56.10593033,40.24978256
Guyana,GUY,AMR,High,2001,60.09927367999999,3.055067780000001,53.42674254999999,42.25862503000001
Guyana,GUY,AMR,High,2002,65.04125214,3.1935379500000005,54.34016418,40.30484009
Guyana,GUY,AMR,High,2003,68.19880676,3.26884198,52.89592742999999,38.461013789999996
Guyana,GUY,AMR,High,2004,74.69225311,3.4377043199999995,50.60943985,37.14529799999999
Guyana,GUY,AMR,High,2005,85.35713959,3.794097420000001,46.93004989999999,35.11706160999999
Guyana,GUY,AMR,High,2006,98.34314728000001,3.93144464,42.01935196000001,35.29148101999999
Guyana,GUY,AMR,High,2007,125.79258727999999,4.28126192,39.3272934,32.98963165
Guyana,GUY,AMR,High,2008,138.70043945000003,4.20242214,40.33197403,35.32624817
Guyana,GUY,AMR,High,2009,150.21723938,4.3511714900000005,43.21623611,32.84931946
Guyana,GUY,AMR,High,2010,162.70393372,4.218976970000001,43.12285614,34.74687195
Guyana,GUY,AMR,High,2011,186.11392211999998,4.17213488,48.58451461999999,34.81385803
Guyana,GUY,AMR,High,2012,201.88832092,3.7081871,48.46244431,38.89627838
Guyana,GUY,AMR,High,2013,211.2910614,3.8023130900000006,49.65709686,37.95722198
Guyana,GUY,AMR,High,2014,216.03759765999993,3.94755435,55.0999527,35.953639980000005
Guyana,GUY,AMR,High,2015,226.89404296999996,4.02264786,58.58772659,33.71472548999999
Guyana,GUY,AMR,High,2016,235.91662598000002,4.018421170000001,63.00772857999999,29.935466769999998
Guyana,GUY,AMR,High,2017,266.86364746,4.3191123,64.63814545,28.840547559999997
Guyana,GUY,AMR,High,2018,296.66903687,4.90492535,60.17403029999999,33.73039626999999
Guyana,GUY,AMR,High,2019,314.0977478,4.9033150700000006,59.22204971000001,35.02374648999999
Guyana,GUY,AMR,High,2020,367.11260986,5.418072700000001,73.35325622999999,23.08770752
Guyana,GUY,AMR,High,2021,462.59054564999985,4.923699860000001,68.11651610999999,28.238258359999996
Guyana,GUY,AMR,High,2022,531.62786865,3.00636959,71.68786621000001,23.06054115
Haiti,HTI,AMR,Lower-middle,2000,30.35855865,3.9916570200000003,21.820131300000003,44.37343597000001
Haiti,HTI,AMR,Lower-middle,2001,27.393230439999996,3.7502922999999995,19.389768600000004,45.205303189999995
Haiti,HTI,AMR,Lower-middle,2002,22.365861890000005,3.43250132,14.243698119999996,48.17779922
Haiti,HTI,AMR,Lower-middle,2003,18.60943604,3.53695321,14.616498949999999,48.05616379
Haiti,HTI,AMR,Lower-middle,2004,24.040645599999998,3.4292843299999993,17.099634169999995,46.48625946000001
Haiti,HTI,AMR,Lower-middle,2005,25.25854683,3.30554652,17.65004158,46.01602173
Haiti,HTI,AMR,Lower-middle,2006,29.118772510000003,3.4801390200000006,8.321029659999997,43.06276703
Haiti,HTI,AMR,Lower-middle,2007,37.596183780000004,3.6473410100000003,21.72797203,40.12002563
Haiti,HTI,AMR,Lower-middle,2008,40.445961,3.7572205100000007,22.15389252,38.57956314
Haiti,HTI,AMR,Lower-middle,2009,41.398948669999996,3.502773760000001,22.331430440000002,39.274238589999996
Haiti,HTI,AMR,Lower-middle,2010,55.73518753,4.5487103499999995,17.86717796,33.30967331
Haiti,HTI,AMR,Lower-middle,2011,77.12206268,5.91197777,7.132503990000001,26.08627892
Haiti,HTI,AMR,Lower-middle,2012,75.08546448,5.56462336,8.22239304,28.439817429999994
Haiti,HTI,AMR,Lower-middle,2013,59.38277435000001,4.105240350000001,11.582770349999999,36.24164581
Haiti,HTI,AMR,Lower-middle,2014,65.10858917,4.52035809,10.360760690000003,31.0153141
Haiti,HTI,AMR,Lower-middle,2015,68.50547791,5.0751814799999995,11.05177689,33.96487807999999
Haiti,HTI,AMR,Lower-middle,2016,60.06819152999999,4.807605740000001,11.019478800000002,35.290191650000004
Haiti,HTI,AMR,Lower-middle,2017,53.80579757999999,3.8199389000000004,12.175818439999997,45.40202332
Haiti,HTI,AMR,Lower-middle,2018,62.30102539000001,4.31650305,12.198123929999998,38.85435486
Haiti,HTI,AMR,Lower-middle,2019,49.32995987,3.91107917,10.418021199999998,39.03829193
Haiti,HTI,AMR,Lower-middle,2020,44.42719650000001,3.2217109199999996,12.57991219,46.90286636
Haiti,HTI,AMR,Lower-middle,2021,57.62987518,3.442161560000001,11.27165031,43.999977109999996
Haiti,HTI,AMR,Lower-middle,2022,52.29947661999999,3.20848918,10.660676,48.157920839999996
Honduras,HND,AMR,Lower-middle,2000,68.48374938999999,6.268179889999999,48.22546768,45.948818210000006
Honduras,HND,AMR,Lower-middle,2001,67.13735199,5.92998314,42.01053238000001,52.52028275
Honduras,HND,AMR,Lower-middle,2002,70.72001648,6.244575500000001,40.67726517,51.851425170000006
Honduras,HND,AMR,Lower-middle,2003,79.65468597000002,6.89004707,37.92595291000001,48.32307053000001
Honduras,HND,AMR,Lower-middle,2004,83.29620360999999,6.85484362,35.75970458999999,50.05726242000001
Honduras,HND,AMR,Lower-middle,2005,97.86359406,7.50086403,38.925857539999996,49.06471634
Honduras,HND,AMR,Lower-middle,2006,112.11707306000001,7.86318684,41.63787079,49.862487789999996
Honduras,HND,AMR,Lower-middle,2007,127.55919646999999,8.084949490000001,41.23646164,49.79936981000001
Honduras,HND,AMR,Lower-middle,2008,149.05706787,8.60362625,38.57394028,51.41562271
Honduras,HND,AMR,Lower-middle,2009,160.23144531000003,8.99592495,44.10110474,44.90908813
Honduras,HND,AMR,Lower-middle,2010,165.19970702999998,8.725363730000002,42.35993195000001,46.262527469999995
Honduras,HND,AMR,Lower-middle,2011,182.31372070000003,8.791870120000002,44.28755569,45.795608519999995
Honduras,HND,AMR,Lower-middle,2012,184.04154968000003,8.65655136,39.08074951000001,49.86003494
Honduras,HND,AMR,Lower-middle,2013,176.421875,8.47723007,41.21319962,49.25833893000001
Honduras,HND,AMR,Lower-middle,2014,172.52818297999997,7.914557459999999,40.344100950000005,48.68778229000001
Honduras,HND,AMR,Lower-middle,2015,169.97198485999996,7.483790400000001,39.39133835,50.66353989
Honduras,HND,AMR,Lower-middle,2016,177.88351440000002,7.709445,40.1210289,49.76507950000001
Honduras,HND,AMR,Lower-middle,2017,169.07194519000004,7.006688590000001,40.732650760000006,49.70353316999999
Honduras,HND,AMR,Lower-middle,2018,178.14947509999996,7.228206629999998,39.41397476000001,52.14417267
Honduras,HND,AMR,Lower-middle,2019,183.75006104,7.282371520000001,39.44809341000001,52.326351169999995
Honduras,HND,AMR,Lower-middle,2020,212.7419281,9.035098080000001,38.042419429999995,50.04225921999999
Honduras,HND,AMR,Lower-middle,2021,253.63349914999998,9.16101742,37.517841340000004,51.70560073999999
Honduras,HND,AMR,Lower-middle,2022,251.04405211999998,8.282099720000001,40.73670578,51.053882599999994
Jamaica,JAM,AMR,Upper-middle,2000,194.91415405,5.644625189999999,56.46753311,29.62966536999999
Jamaica,JAM,AMR,Upper-middle,2001,180.66116332999997,5.156529429999999,46.55213165,38.41692352
Jamaica,JAM,AMR,Upper-middle,2002,174.66261292000004,4.74544334,58.18743515,26.94148827
Jamaica,JAM,AMR,Upper-middle,2003,149.80267334,4.22014141,48.497764589999996,34.57055664000001
Jamaica,JAM,AMR,Upper-middle,2004,182.92846679999997,4.8043527599999996,51.482475279999996,27.558280939999996
Jamaica,JAM,AMR,Upper-middle,2005,190.21676636,4.54581785,49.135974880000006,29.142507549999998
Jamaica,JAM,AMR,Upper-middle,2006,185.86221313,4.20788145,47.54182816000001,28.935949330000007
Jamaica,JAM,AMR,Upper-middle,2007,250.94419860999997,5.32057667,50.07468414,31.1552906
Jamaica,JAM,AMR,Upper-middle,2008,282.24386597,5.611430640000001,52.59539413,30.176603320000005
Jamaica,JAM,AMR,Upper-middle,2009,227.90843200999998,5.146544929999999,57.27659987999999,22.965000149999998
Jamaica,JAM,AMR,Upper-middle,2010,254.69741820999997,5.295193200000002,57.52955627,23.48727989
Jamaica,JAM,AMR,Upper-middle,2011,274.10949707,5.238453389999999,59.11227797999999,22.045070650000003
Jamaica,JAM,AMR,Upper-middle,2012,260.90640259,4.885128970000001,56.957977289999995,21.75101471
Jamaica,JAM,AMR,Upper-middle,2013,253.87577819999996,4.954434389999999,59.9907074,19.4778862
Jamaica,JAM,AMR,Upper-middle,2014,256.99667358,5.16564465,59.26103972999999,21.41138077
Jamaica,JAM,AMR,Upper-middle,2015,284.7729187,5.62470436,63.271667479999984,18.97229195
Jamaica,JAM,AMR,Upper-middle,2016,285.60949707,5.701022150000002,63.59469985999999,17.93225098
Jamaica,JAM,AMR,Upper-middle,2017,323.37380981,6.148592949999999,66.11666106999999,16.754066469999998
Jamaica,JAM,AMR,Upper-middle,2018,332.90045165999993,5.967988490000001,65.16104126,16.77745247
Jamaica,JAM,AMR,Upper-middle,2019,341.90777588,6.0976099999999995,65.24877167000001,16.43945885
Jamaica,JAM,AMR,Upper-middle,2020,323.30215454,6.62580395,68.25802612000001,14.74550629
Jamaica,JAM,AMR,Upper-middle,2021,371.14056396,7.185212140000002,71.19547271999998,13.07991982
Jamaica,JAM,AMR,Upper-middle,2022,468.34671021,7.7770633700000005,76.21920776,11.089627270000001
Mexico,MEX,AMR,Upper-middle,2000,319.34719849,4.244365220000001,45.21740723,52.223644260000015
Mexico,MEX,AMR,Upper-middle,2001,364.39672852,4.58201361,43.757621769999986,53.42838669
Mexico,MEX,AMR,Upper-middle,2002,385.61471558000005,4.8304281200000005,42.68946838000001,54.35933304
Mexico,MEX,AMR,Upper-middle,2003,411.83197020999995,5.53978777,41.50918961000001,55.663650510000004
Mexico,MEX,AMR,Upper-middle,2004,446.13604735999996,5.6835022,43.45798110999999,53.69269942999999
Mexico,MEX,AMR,Upper-middle,2005,483.9797058100001,5.58110142,42.236545559999996,54.589553829999986
Mexico,MEX,AMR,Upper-middle,2006,514.29864502,5.406478880000001,42.827087399999996,53.76394653
Mexico,MEX,AMR,Upper-middle,2007,558.0653076199999,5.506680490000001,43.81832123000001,52.497154239999986
Mexico,MEX,AMR,Upper-middle,2008,573.11114502,5.445873740000001,45.91357803000001,48.59585571000001
Mexico,MEX,AMR,Upper-middle,2009,492.5988769500001,5.84786463,46.66847229000001,47.35383986999999
Mexico,MEX,AMR,Upper-middle,2010,534.08520508,5.4897336999999995,50.218746190000005,43.50876617
Mexico,MEX,AMR,Upper-middle,2011,565.3173828100001,5.300930020000002,52.803882599999994,40.73421097
Mexico,MEX,AMR,Upper-middle,2012,582.48297119,5.421404839999999,53.08212279999999,40.64141083
Mexico,MEX,AMR,Upper-middle,2013,625.59765625,5.5773263,53.75115966999999,39.87906647
Mexico,MEX,AMR,Upper-middle,2014,609.82232666,5.353367810000001,52.08169937,40.87202454
Mexico,MEX,AMR,Upper-middle,2015,553.9125976600001,5.52738619,52.20096588,41.043773650000006
Mexico,MEX,AMR,Upper-middle,2016,489.92230225000003,5.3849902200000015,51.279716489999984,41.3722229
Mexico,MEX,AMR,Upper-middle,2017,512.54974365,5.3117938,50.53536606000001,41.78836441
Mexico,MEX,AMR,Upper-middle,2018,528.26306152,5.238214020000002,49.62833023,42.309398650000006
Mexico,MEX,AMR,Upper-middle,2019,549.72601318,5.29685831,49.16729355,42.28219223
Mexico,MEX,AMR,Upper-middle,2020,535.1166992200001,6.053740500000002,52.88224792000001,38.761341089999995
Mexico,MEX,AMR,Upper-middle,2021,606.13415527,5.89244318,50.09624481000001,41.37071991
Mexico,MEX,AMR,Upper-middle,2022,650.9707031300001,5.72145176,51.89233017,39.08966446
Nicaragua,NIC,AMR,Lower-middle,2000,53.295326230000015,5.238836770000001,49.00287246999999,43.882968899999995
Nicaragua,NIC,AMR,Lower-middle,2001,57.69081879,5.484597679999999,44.83742142,40.38275528
Nicaragua,NIC,AMR,Lower-middle,2002,58.15333939,5.7331585899999995,42.939800260000005,45.29000092
Nicaragua,NIC,AMR,Lower-middle,2003,62.13036346,6.083176139999999,42.03562164,38.6891098
Nicaragua,NIC,AMR,Lower-middle,2004,66.54763794,6.05740356,37.537338260000006,41.55657196
Nicaragua,NIC,AMR,Lower-middle,2005,73.65701294,6.224689479999999,40.2927475,39.16899109
Nicaragua,NIC,AMR,Lower-middle,2006,79.35363770000001,6.357564450000001,45.02325439,41.984313959999994
Nicaragua,NIC,AMR,Lower-middle,2007,93.93821716,6.95643044,45.325954440000004,41.9446907
Nicaragua,NIC,AMR,Lower-middle,2008,109.20231627999999,7.16700697,44.5170784,40.90857697
Nicaragua,NIC,AMR,Lower-middle,2009,112.75749207000001,7.685843940000001,49.61494827,38.31826782
Nicaragua,NIC,AMR,Lower-middle,2010,117.70147705000002,7.71019173,46.10338593,37.48913193
Nicaragua,NIC,AMR,Lower-middle,2011,125.13540649000001,7.4498200400000005,47.3896904,37.83097457999999
Nicaragua,NIC,AMR,Lower-middle,2012,133.64489745999998,7.488368990000001,50.06705093000001,37.636226650000005
Nicaragua,NIC,AMR,Lower-middle,2013,140.20372009000002,7.63869238,50.648571010000005,36.89557648
Nicaragua,NIC,AMR,Lower-middle,2014,156.22232056,7.977161409999999,52.12518311,35.33010483
Nicaragua,NIC,AMR,Lower-middle,2015,165.18948364000002,7.963032720000001,56.082405089999995,35.39279175
Nicaragua,NIC,AMR,Lower-middle,2016,171.5748291,8.048775670000001,57.787971500000005,35.01575470000001
Nicaragua,NIC,AMR,Lower-middle,2017,181.75810242000003,8.32754421,58.32678604,33.84358214999999
Nicaragua,NIC,AMR,Lower-middle,2018,172.97604369999996,8.4993515,60.91954041,33.15946198
Nicaragua,NIC,AMR,Lower-middle,2019,166.49009705000003,8.50037098,61.56835937999999,33.21761322
Nicaragua,NIC,AMR,Lower-middle,2020,165.88038634999998,8.589961050000003,61.838104249999994,32.272018429999996
Nicaragua,NIC,AMR,Lower-middle,2021,204.21273804000003,9.59249973,63.39963150000001,30.81681633
Nicaragua,NIC,AMR,Lower-middle,2022,208.47544860999997,8.953648570000002,57.62175368999999,35.656188959999994
Panama,PAN,AMR,High,2000,300.66052246,6.984866140000001,64.54045868,30.71383095
Panama,PAN,AMR,High,2001,296.75146484000004,6.91849852,63.43083954,31.89500046
Panama,PAN,AMR,High,2002,308.58657837,7.056438449999999,62.68090057000002,32.603397369999996
Panama,PAN,AMR,High,2003,303.45755005,6.71176672,62.00148392000001,33.06431961
Panama,PAN,AMR,High,2004,344.40798950000004,7.08192825,63.274936679999996,32.35309219
Panama,PAN,AMR,High,2005,323.05139160000004,6.20666599,59.34191132000002,35.80376053000001
Panama,PAN,AMR,High,2006,370.62973021999994,6.5460486399999995,62.074649810000004,33.34238815
Panama,PAN,AMR,High,2007,472.08703613000006,7.3522763300000005,66.02394104000001,29.960401540000003
Panama,PAN,AMR,High,2008,506.78494262999993,6.8045253799999985,67.00431061,29.216571810000005
Panama,PAN,AMR,High,2009,550.80755615,6.9857955,66.55333710000001,29.72088814
Panama,PAN,AMR,High,2010,607.42242432,7.223325729999999,64.42053985999999,31.440284730000002
Panama,PAN,AMR,High,2011,664.97564697,6.831962590000001,61.99818419999999,34.16368103
Panama,PAN,AMR,High,2012,725.01544189,6.50450659,60.028343199999995,34.78495407
Panama,PAN,AMR,High,2013,805.7898559600001,6.522104260000001,62.525108339999996,32.27741623000001
Panama,PAN,AMR,High,2014,919.2946166999998,6.91532087,61.2506485,31.79924011
Panama,PAN,AMR,High,2015,982.06530762,6.936985020000002,60.76750946000001,33.03644562
Panama,PAN,AMR,High,2016,1056.68481445,7.093780990000002,61.06046295,32.69819641
Panama,PAN,AMR,High,2017,1126.96154785,7.16492653,61.60212707999999,31.915960310000003
Panama,PAN,AMR,High,2018,1227.30554199,7.601329329999999,58.00348282000001,35.70438766
Panama,PAN,AMR,High,2019,1339.4515380899998,8.13541794,56.74044037000001,37.61917496
Panama,PAN,AMR,High,2020,1358.4498291,10.21630001,54.25771332000001,39.59865570000001
Panama,PAN,AMR,High,2021,1417.1541748,9.13571072,55.55649948,37.33168793
Panama,PAN,AMR,High,2022,1472.0463867199996,8.46561432,56.20063782,37.1328392
Paraguay,PRY,AMR,Upper-middle,2000,104.49077606,6.018652439999999,38.628105160000004,49.09693145999999
Paraguay,PRY,AMR,Upper-middle,2001,91.84413909999999,5.60815811,34.729156489999994,52.38962936
Paraguay,PRY,AMR,Upper-middle,2002,65.0742569,4.75770569,30.839571000000007,56.072463989999996
Paraguay,PRY,AMR,Upper-middle,2003,70.85758209000002,4.90703917,33.21828079000001,54.62833786000001
Paraguay,PRY,AMR,Upper-middle,2004,88.10053253,4.93224335,32.39444351,56.95936584
Paraguay,PRY,AMR,Upper-middle,2005,95.18059540000002,4.82934713,32.83646393,57.924659729999995
Paraguay,PRY,AMR,Upper-middle,2006,122.45078278000001,5.019275670000001,35.108844760000004,56.72241974
Paraguay,PRY,AMR,Upper-middle,2007,161.25285338999998,5.020427229999999,34.57382202,57.95808029
Paraguay,PRY,AMR,Upper-middle,2008,220.90351868000008,5.037760260000001,32.168117519999996,60.46802139000001
Paraguay,PRY,AMR,Upper-middle,2009,217.78584289999998,5.52496862,38.403266910000006,55.44544601
Paraguay,PRY,AMR,Upper-middle,2010,258.43127440999996,5.465939520000001,38.989715579999995,53.92941666
Paraguay,PRY,AMR,Upper-middle,2011,337.81317139,5.82225847,42.27583694,50.00536728
Paraguay,PRY,AMR,Upper-middle,2012,368.78680420000006,6.531445979999999,46.435409549999996,46.33087158
Paraguay,PRY,AMR,Upper-middle,2013,391.80084229,6.064284799999999,43.74411773999999,47.50415039000001
Paraguay,PRY,AMR,Upper-middle,2014,440.85821533,6.6271905900000005,47.70785522,44.386432649999996
Paraguay,PRY,AMR,Upper-middle,2015,393.42440795999994,6.69165802,47.17183685000001,43.80717086999999
Paraguay,PRY,AMR,Upper-middle,2016,385.52297974000004,6.67556572,47.15675354000001,42.92160797
Paraguay,PRY,AMR,Upper-middle,2017,406.60488891999995,6.60902548,45.796886439999994,43.77459717
Paraguay,PRY,AMR,Upper-middle,2018,422.13101195999997,6.744976519999999,44.91922379,43.87631607
Paraguay,PRY,AMR,Upper-middle,2019,416.84432983000005,7.160819050000001,46.347465519999986,41.96775436
Paraguay,PRY,AMR,Upper-middle,2020,411.8176574699999,7.67533064,53.85021210000001,37.875827789999995
Paraguay,PRY,AMR,Upper-middle,2021,480.11322021000007,8.03277016,55.59852600000001,35.93767929
Paraguay,PRY,AMR,Upper-middle,2022,480.19396973000005,7.738042350000001,52.78511810000001,38.90990067
Peru,PER,AMR,Upper-middle,2000,83.63842773,4.41482639,53.02311325000001,40.28141403
Peru,PER,AMR,Upper-middle,2001,89.36621857,4.7216100700000005,52.436832429999995,40.65113448999999
Peru,PER,AMR,Upper-middle,2002,97.66050720000001,4.939025879999999,51.07707214,39.940845489999994
Peru,PER,AMR,Upper-middle,2003,97.35221099999998,4.58703804,50.92121123999999,37.488323210000004
Peru,PER,AMR,Upper-middle,2004,105.16587067,4.42972279,52.002895360000004,36.69293594
Peru,PER,AMR,Upper-middle,2005,123.25354004000003,4.66598511,54.98956679999999,34.02098083
Peru,PER,AMR,Upper-middle,2006,136.14295959,4.409585,50.25803757,40.32910538
Peru,PER,AMR,Upper-middle,2007,158.55148315000002,4.42611313,48.67213439999999,42.54182816000001
Peru,PER,AMR,Upper-middle,2008,191.42611693999999,4.531545639999999,48.091121670000014,43.35043335
Peru,PER,AMR,Upper-middle,2009,209.19738769999998,4.96264839,50.36197661999999,40.27733994
Peru,PER,AMR,Upper-middle,2010,241.43280029000002,4.71338701,51.89738464,39.51519012
Peru,PER,AMR,Upper-middle,2011,264.46487427,4.53380108,50.958732600000005,40.34396362
Peru,PER,AMR,Upper-middle,2012,309.31439209000007,4.7344017,52.48008347,38.87478256
Peru,PER,AMR,Upper-middle,2013,320.96490479,4.723461150000001,56.080062870000006,35.27772903
Peru,PER,AMR,Upper-middle,2014,332.18841553,4.931034089999999,59.86446381,31.771921160000005
Peru,PER,AMR,Upper-middle,2015,310.60983276,4.92147398,61.22732924999999,30.148101810000004
Peru,PER,AMR,Upper-middle,2016,311.33517456,4.9114217799999995,62.12892531999999,29.596683500000005
Peru,PER,AMR,Upper-middle,2017,332.54321289,4.82783127,62.73608397999999,28.947328570000003
Peru,PER,AMR,Upper-middle,2018,362.75994873,5.0998144100000005,62.03506087999999,29.745929720000003
Peru,PER,AMR,Upper-middle,2019,367.98739623999995,5.1381588,63.24930572999999,28.347988130000005
Peru,PER,AMR,Upper-middle,2020,399.59625244000006,6.36273861,68.53755951000001,22.47286987
Peru,PER,AMR,Upper-middle,2021,455.6983642600001,6.67921352,66.88330078000001,25.076871869999998
Peru,PER,AMR,Upper-middle,2022,445.85757445999997,6.0930872,64.18916321,26.991521839999997
Saint Kitts and Nevis,KNA,AMR,High,2000,446.6665954600001,4.7993378600000005,41.92200470000001,52.638793950000014
Saint Kitts and Nevis,KNA,AMR,High,2001,440.21563721,4.396937370000001,43.65345000999999,51.069507599999994
Saint Kitts and Nevis,KNA,AMR,High,2002,465.07720946999996,4.45210552,43.34912108999999,51.345333100000005
Saint Kitts and Nevis,KNA,AMR,High,2003,482.87136841,4.75159693,44.12151718,50.64527893
Saint Kitts and Nevis,KNA,AMR,High,2004,491.62530518000005,4.49067402,48.11813735999999,46.12797928000001
Saint Kitts and Nevis,KNA,AMR,High,2005,556.97229004,4.7280383100000005,46.98352814,47.98293304
Saint Kitts and Nevis,KNA,AMR,High,2006,689.44549561,4.98203421,44.77465056999999,50.0489769
Saint Kitts and Nevis,KNA,AMR,High,2007,707.96960449,4.79733467,43.423419949999996,51.09035492000001
Saint Kitts and Nevis,KNA,AMR,High,2008,881.0984497100001,5.30566025,33.888923649999995,56.861511229999984
Saint Kitts and Nevis,KNA,AMR,High,2009,872.67474365,5.28673744,37.321945189999994,54.68263245000001
Saint Kitts and Nevis,KNA,AMR,High,2010,866.84997559,5.2136941,37.58870316000001,55.21491622999999
Saint Kitts and Nevis,KNA,AMR,High,2011,920.4958496099998,5.162887100000001,36.99466705,55.53620529
Saint Kitts and Nevis,KNA,AMR,High,2012,880.17578125,5.014478679999999,39.16942596,55.407081600000005
Saint Kitts and Nevis,KNA,AMR,High,2013,938.3161621099998,5.048565860000001,38.04808807,56.482669830000006
Saint Kitts and Nevis,KNA,AMR,High,2014,961.7302856400001,4.7503762200000015,40.918293,53.73818207000001
Saint Kitts and Nevis,KNA,AMR,High,2015,1041.8225097700001,5.1259059900000015,37.83431624999999,57.089496610000005
Saint Kitts and Nevis,KNA,AMR,High,2016,1161.87097168,5.42923307,40.13845444,54.896270750000006
Saint Kitts and Nevis,KNA,AMR,High,2017,1185.9017334,5.27126026,41.571651460000005,53.389106749999996
Saint Kitts and Nevis,KNA,AMR,High,2018,1120.8330078099998,4.895369529999999,45.95744323999999,49.381572719999994
Saint Kitts and Nevis,KNA,AMR,High,2019,1223.83544922,5.190513610000001,49.25549316,46.36796951
Saint Kitts and Nevis,KNA,AMR,High,2020,1067.96020508,5.661889080000001,53.81437683,42.202270510000005
Saint Kitts and Nevis,KNA,AMR,High,2021,1134.47509766,6.179419520000001,57.485080720000006,38.84815598
Saint Kitts and Nevis,KNA,AMR,High,2022,1160.26428223,5.568017010000001,52.626632689999994,43.28757858
Saint Lucia,LCA,AMR,Upper-middle,2000,285.84280395999997,4.865499020000001,34.41186904999999,58.86487961
Saint Lucia,LCA,AMR,Upper-middle,2001,285.04898070999997,5.121394629999999,34.90360641,56.87899398999999
Saint Lucia,LCA,AMR,Upper-middle,2002,299.7996521,5.388870239999998,33.95426558999999,56.90605164
Saint Lucia,LCA,AMR,Upper-middle,2003,317.27593994000006,5.240696430000001,31.346158980000002,59.63883591
Saint Lucia,LCA,AMR,Upper-middle,2004,309.42208861999995,4.76760817,32.919666289999995,57.44703674
Saint Lucia,LCA,AMR,Upper-middle,2005,333.37374878,4.86039829,32.983047490000004,55.96851349
Saint Lucia,LCA,AMR,Upper-middle,2006,389.9459533699999,5.127017499999999,30.429964069999993,58.68156815
Saint Lucia,LCA,AMR,Upper-middle,2007,439.59280396,5.541666029999999,28.112722399999996,63.93407058999999
Saint Lucia,LCA,AMR,Upper-middle,2008,430.23074341,5.090619560000001,31.53466606,59.58971405
Saint Lucia,LCA,AMR,Upper-middle,2009,432.0876770000001,5.2441077200000015,34.6420784,57.42234802
Saint Lucia,LCA,AMR,Upper-middle,2010,438.2392883300001,5.1209025399999994,35.93708801000001,54.76262665
Saint Lucia,LCA,AMR,Upper-middle,2011,463.79498291,5.078781600000001,35.757274630000005,54.83355712999999
Saint Lucia,LCA,AMR,Upper-middle,2012,455.9762268100001,4.924158099999998,41.41144179999999,51.08925246999999
Saint Lucia,LCA,AMR,Upper-middle,2013,483.6133728,5.05080271,41.0923233,51.556388850000005
Saint Lucia,LCA,AMR,Upper-middle,2014,464.51150512999993,4.62322617,41.40476608,51.96446608999999
Saint Lucia,LCA,AMR,Upper-middle,2015,466.48291016000013,4.514198779999999,44.134605410000006,48.76869583
Saint Lucia,LCA,AMR,Upper-middle,2016,472.43051146999994,4.44097996,44.12839507999999,46.14039612
Saint Lucia,LCA,AMR,Upper-middle,2017,495.1260070800001,4.368002410000001,46.63689423000001,47.032802579999995
Saint Lucia,LCA,AMR,Upper-middle,2018,486.53726195999997,4.179340359999999,47.424175260000005,46.11191176999999
Saint Lucia,LCA,AMR,Upper-middle,2019,493.95703125,4.17375898,49.65974808000001,42.85055542
Saint Lucia,LCA,AMR,Upper-middle,2020,577.55700684,6.759837150000001,44.1080513,35.660079960000004
Saint Lucia,LCA,AMR,Upper-middle,2021,588.3696289100001,5.67880821,42.3945961,37.220531460000004
Saint Lucia,LCA,AMR,Upper-middle,2022,644.80279541,5.019382950000001,42.49580002,38.72670364
Saint Vincent and the Grenadines,VCT,AMR,Upper-middle,2000,149.92257690000002,3.9793927700000005,69.88700103999999,27.279367450000002
Saint Vincent and the Grenadines,VCT,AMR,Upper-middle,2001,162.93431091,4.000934120000001,68.41692352000001,28.611108780000002
Saint Vincent and the Grenadines,VCT,AMR,Upper-middle,2002,175.48046875,4.07769632,68.58496094,28.458881379999998
Saint Vincent and the Grenadines,VCT,AMR,Upper-middle,2003,178.1368866,3.95764542,66.40290832999999,30.435607910000005
Saint Vincent and the Grenadines,VCT,AMR,Upper-middle,2004,188.43644714,3.8658421000000005,63.84764481,32.7504158
Saint Vincent and the Grenadines,VCT,AMR,Upper-middle,2005,197.63206482,3.83165979,62.75797272000001,33.55260849
Saint Vincent and the Grenadines,VCT,AMR,Upper-middle,2006,209.83639525999996,3.6535670799999997,59.48319626,34.94708633
Saint Vincent and the Grenadines,VCT,AMR,Upper-middle,2007,244.32910156000003,3.8181660200000005,55.86814879999999,35.81621552
Saint Vincent and the Grenadines,VCT,AMR,Upper-middle,2008,256.13983154000005,3.88194203,59.46895981,34.43722916
Saint Vincent and the Grenadines,VCT,AMR,Upper-middle,2009,264.61596679999997,4.09299564,61.087856290000005,33.37075806000001
Saint Vincent and the Grenadines,VCT,AMR,Upper-middle,2010,281.91867064999997,4.30325222,59.22710799999999,32.234642029999996
Saint Vincent and the Grenadines,VCT,AMR,Upper-middle,2011,276.15722655999997,4.231080529999999,56.644363399999996,32.65782547
Saint Vincent and the Grenadines,VCT,AMR,Upper-middle,2012,298.78082275,4.4504227599999995,62.021766660000004,31.857246399999998
Saint Vincent and the Grenadines,VCT,AMR,Upper-middle,2013,300.01953125,4.241910460000001,63.073726650000005,32.12154007
Saint Vincent and the Grenadines,VCT,AMR,Upper-middle,2014,299.33129883000004,4.1763191200000005,60.646965030000004,34.01258087
Saint Vincent and the Grenadines,VCT,AMR,Upper-middle,2015,302.58422852,4.114120010000001,61.383663179999985,33.55331801999999
Saint Vincent and the Grenadines,VCT,AMR,Upper-middle,2016,313.66229248,4.095737929999999,63.136367799999995,32.95585251000001
Saint Vincent and the Grenadines,VCT,AMR,Upper-middle,2017,337.89614868,4.22985649,63.62914658,31.84617996
Saint Vincent and the Grenadines,VCT,AMR,Upper-middle,2018,358.53372191999995,4.2534623100000015,65.82598114,30.61053658
Saint Vincent and the Grenadines,VCT,AMR,Upper-middle,2019,372.05615234000004,4.25543451,67.42266846,28.089900969999995
Saint Vincent and the Grenadines,VCT,AMR,Upper-middle,2020,406.35711670000006,4.8395834,67.3024826,26.89971542
Saint Vincent and the Grenadines,VCT,AMR,Upper-middle,2021,454.8098754899999,5.36252117,67.71557617,26.193307880000003
Saint Vincent and the Grenadines,VCT,AMR,Upper-middle,2022,434.86938477,4.68767738,69.04458617999998,27.62330246
Suriname,SUR,AMR,Upper-middle,2000,166.90083313,5.870921610000001,48.385620120000006,15.39642048
Suriname,SUR,AMR,Upper-middle,2001,91.73781586000001,3.82474971,48.61003494,27.32730865
Suriname,SUR,AMR,Upper-middle,2002,158.21212769,5.329915520000001,46.13042068,23.008617399999995
Suriname,SUR,AMR,Upper-middle,2003,166.88664245999996,4.88878393,43.72706985000001,23.549322130000004
Suriname,SUR,AMR,Upper-middle,2004,212.50817870999998,5.4608077999999995,44.50475311,20.698219300000005
Suriname,SUR,AMR,Upper-middle,2005,241.68415833,5.243964200000001,45.05426788000001,20.86314391999999
Suriname,SUR,AMR,Upper-middle,2006,313.68301391999995,5.85598755,46.40096663999999,18.083660130000005
Suriname,SUR,AMR,Upper-middle,2007,309.17565918,5.221486090000001,49.49171066000001,19.49966431
Suriname,SUR,AMR,Upper-middle,2008,334.24771118,4.74699593,44.192504879999994,24.28281212
Suriname,SUR,AMR,Upper-middle,2009,380.04019165,4.978103160000001,45.95678710999999,21.96848106
Suriname,SUR,AMR,Upper-middle,2010,399.59710693000005,4.697856900000001,42.374137880000006,23.58067322
Suriname,SUR,AMR,Upper-middle,2011,375.34957886,4.409321780000001,40.63019562,27.201492310000003
Suriname,SUR,AMR,Upper-middle,2012,406.05526733000005,4.28435707,40.99839020000001,28.274696350000006
Suriname,SUR,AMR,Upper-middle,2013,434.50332642,4.487380979999999,42.10774994,27.872447969999996
Suriname,SUR,AMR,Upper-middle,2014,440.95263672,4.52127838,41.50100327,28.982749939999998
Suriname,SUR,AMR,Upper-middle,2015,511.91244507,5.808081629999999,54.47964859,21.99853134
Suriname,SUR,AMR,Upper-middle,2016,338.24822998,5.992837430000001,61.90745544,21.82023811
Suriname,SUR,AMR,Upper-middle,2017,322.00415038999995,5.32285929,58.2266655,26.379590990000008
Suriname,SUR,AMR,Upper-middle,2018,445.90789795,6.6894693400000005,68.21572112999999,18.44023705
Suriname,SUR,AMR,Upper-middle,2019,599.07025146,8.529213910000001,71.4434433,16.59336281
Suriname,SUR,AMR,Upper-middle,2020,453.4461975100001,6.67584229,64.9444809,20.23723793
Suriname,SUR,AMR,Upper-middle,2021,294.25476074,5.460093979999999,59.074329379999995,24.40632057
Suriname,SUR,AMR,Upper-middle,2022,343.85302734000004,5.917609689999999,65.50084686,23.09218407
Trinidad and Tobago,TTO,AMR,High,2000,266.16275024000004,4.23492479,37.001754760000004,57.34558867999998
Trinidad and Tobago,TTO,AMR,High,2001,272.72851562999995,4.0346489000000005,43.19249344,51.31262207000001
Trinidad and Tobago,TTO,AMR,High,2002,324.36880493,4.72302485,41.62577438,52.286029819999996
Trinidad and Tobago,TTO,AMR,High,2003,358.5950012199999,4.18767118,45.47566604999999,48.58372498000001
Trinidad and Tobago,TTO,AMR,High,2004,431.37268065999996,4.30805206,43.11848450000001,52.94176101999999
Trinidad and Tobago,TTO,AMR,High,2005,530.35229492,4.43451166,48.39988327,46.24819565
Trinidad and Tobago,TTO,AMR,High,2006,568.72583008,4.15431976,44.87060547,49.32506561
Trinidad and Tobago,TTO,AMR,High,2007,667.35321045,4.153602600000001,46.181503299999996,49.28312301999999
Trinidad and Tobago,TTO,AMR,High,2008,751.5460815399999,3.6575706000000006,47.78621292000001,46.72016143999999
Trinidad and Tobago,TTO,AMR,High,2009,776.6224365200001,5.486764430000001,47.59867858999999,47.511199950000005
Trinidad and Tobago,TTO,AMR,High,2010,825.16088867,5.08042908,48.160022739999995,46.56803513000001
Trinidad and Tobago,TTO,AMR,High,2011,872.9639892600001,4.72197914,49.871231079999994,44.81612395999999
Trinidad and Tobago,TTO,AMR,High,2012,895.0802612299998,4.59683371,48.80482864,44.685729980000005
Trinidad and Tobago,TTO,AMR,High,2013,970.90222168,4.77727127,51.51268768,43.17301941000001
Trinidad and Tobago,TTO,AMR,High,2014,1010.8276977500002,4.83714819,50.27154541000001,42.83146667000001
Trinidad and Tobago,TTO,AMR,High,2015,1061.58666992,5.61370945,51.4764328,41.306022639999995
Trinidad and Tobago,TTO,AMR,High,2016,1064.4177246099998,6.44781113,50.116992950000004,43.11694717
Trinidad and Tobago,TTO,AMR,High,2017,1083.37609863,6.51309872,52.29129028,40.80586242999999
Trinidad and Tobago,TTO,AMR,High,2018,1080.45397949,6.466742520000001,48.43599319,44.8896904
Trinidad and Tobago,TTO,AMR,High,2019,1097.20556641,6.852510929999999,45.978622439999995,46.91285706000001
Trinidad and Tobago,TTO,AMR,High,2020,1051.83642578,7.48661852,46.42720794999999,46.0721817
Trinidad and Tobago,TTO,AMR,High,2021,1173.39306641,7.12624598,46.55833817,46.85574341
Trinidad and Tobago,TTO,AMR,High,2022,1292.01806641,6.4310636500000005,44.558074950000005,49.23382567999999
United States of America,USA,AMR,High,2000,4548.5546875,12.49002552,44.37749099999999,15.117374419999999
United States of America,USA,AMR,High,2001,4901.67529297,13.168169979999998,45.32390976000001,14.415950780000003
United States of America,USA,AMR,High,2002,5327.93701172,13.995347020000002,45.20086669999999,14.327176089999998
United States of America,USA,AMR,High,2003,5732.243652339999,14.505584719999998,44.97462082,14.150059700000003
United States of America,USA,AMR,High,2004,6071.84423828,14.551234249999998,45.422542570000005,13.973526000000001
United States of America,USA,AMR,High,2005,6428.60205078,14.579459190000003,45.47619629,13.912674900000003
United States of America,USA,AMR,High,2006,6802.475097660002,14.708784099999997,46.30744171,13.67793274
United States of America,USA,AMR,High,2007,7153.73144531,14.918326380000002,46.340190889999995,13.59674549
United States of America,USA,AMR,High,2008,7364.93847656,15.207240100000002,47.49167632999999,13.359359739999999
United States of America,USA,AMR,High,2009,7614.82421875,16.20067787,48.59148026000001,12.64764786
United States of America,USA,AMR,High,2010,7836.088378910002,16.19723129,48.96047974,12.36788559
United States of America,USA,AMR,High,2011,8015.780761719999,16.14000893,49.13611983999999,12.32011223
United States of America,USA,AMR,High,2012,8262.291015629999,16.11974716,48.84739304,12.335327150000001
United States of America,USA,AMR,High,2013,8411.42871094,15.986215589999997,49.52059937,12.283101080000002
United States of America,USA,AMR,High,2014,8796.18261719,16.19414139,50.78931426999999,11.976499559999997
United States of America,USA,AMR,High,2015,9200.85839844,16.48159981,51.39220428000001,11.75443649
United States of America,USA,AMR,High,2016,9536.20605469,16.791143419999997,51.22367477,11.614961619999999
United States of America,USA,AMR,High,2017,9822.37890625,16.7530098,51.20405196999999,11.340531350000001
United States of America,USA,AMR,High,2018,10182.255859380002,16.615308759999998,51.49744415,11.30616665
United States of America,USA,AMR,High,2019,10546.013671880002,16.661252979999997,51.868999480000014,11.294092179999998
United States of America,USA,AMR,High,2020,11672.77050781,18.8132534,57.04175567999998,10.05207443
United States of America,USA,AMR,High,2021,11999.09082031,17.5063858,55.33708954,10.83278561
United States of America,USA,AMR,High,2022,12434.43359375,16.496139530000004,55.17435455000001,11.099166870000001
Uruguay,URY,AMR,High,2000,699.2049560499999,9.17182446,41.54630279999999,25.166706089999998
Uruguay,URY,AMR,High,2001,679.4229126,9.75702,44.90390777999999,24.063068389999998
Uruguay,URY,AMR,High,2002,436.44049071999996,9.64023018,47.93470764,21.69647217
Uruguay,URY,AMR,High,2003,383.55554199,9.576673510000001,52.36624527,21.358518600000004
Uruguay,URY,AMR,High,2004,375.9388122599999,8.266181950000002,52.310375210000004,24.295665739999997
Uruguay,URY,AMR,High,2005,445.2820129399999,7.723905090000001,45.17630768000001,25.941869740000005
Uruguay,URY,AMR,High,2006,500.65515136999994,7.709989070000001,47.687187189999996,23.768964769999997
Uruguay,URY,AMR,High,2007,578.3445434600001,7.461672309999999,48.53245926000001,23.36310577
Uruguay,URY,AMR,High,2008,811.7020874,8.09081745,56.31472397,21.29285431
Uruguay,URY,AMR,High,2009,826.0568237299998,7.9161138499999995,59.332546230000005,20.75167656
Uruguay,URY,AMR,High,2010,1043.2600097700001,7.877573010000001,60.00210953,20.47283554
Uruguay,URY,AMR,High,2011,1244.93884277,7.915213580000001,61.49155045,19.430454250000004
Uruguay,URY,AMR,High,2012,1347.0286865200003,8.03330803,64.22066498000001,18.46465111
Uruguay,URY,AMR,High,2013,1516.8066406299997,8.0844841,66.44005585000001,17.693695069999997
Uruguay,URY,AMR,High,2014,1495.59777832,8.038908000000001,68.12014008,17.09544182
Uruguay,URY,AMR,High,2015,1424.8939209,8.257037159999998,68.40409851000001,16.92112732
Uruguay,URY,AMR,High,2016,1469.38964844,8.63850975,69.52642059000001,16.43923569
Uruguay,URY,AMR,High,2017,1672.3314209,8.71701717,69.29585266000001,16.49806786
Uruguay,URY,AMR,High,2018,1713.2661132800004,8.90014267,69.11999512,16.24662781
Uruguay,URY,AMR,High,2019,1692.50195313,9.24069118,66.60055542,15.46145821
Uruguay,URY,AMR,High,2020,1432.00463867,9.06924915,71.58508301000002,16.74065208
Uruguay,URY,AMR,High,2021,1594.98059082,8.916662220000003,73.42716217,15.814179419999997
Uruguay,URY,AMR,High,2022,1850.80737305,8.945322040000004,70.66775512999999,16.326976780000003
Venezuela (Bolivarian Republic of),VEN,AMR,Upper-middle,2018,164.68154907000002,2.41691327,51.53811264000001,36.90224456999999
Venezuela (Bolivarian Republic of),VEN,AMR,Upper-middle,2019,112.76110839999998,2.18563724,37.140338899999996,34.12151718
Venezuela (Bolivarian Republic of),VEN,AMR,Upper-middle,2020,153.24269104,4.1161522900000005,37.28844833,28.952875139999996
Venezuela (Bolivarian Republic of),VEN,AMR,Upper-middle,2021,162.50117493000002,4.10222006,33.52462386999999,28.055236819999998
Venezuela (Bolivarian Republic of),VEN,AMR,Upper-middle,2022,208.56968689000004,4.55047369,45.38237,24.887836460000003
Afghanistan,AFG,EMR,Low,2002,16.70697403,9.44339085,0.89142376,85.37560271999999
Afghanistan,AFG,EMR,Low,2003,17.746025090000003,8.941258430000001,7.28044462,86.06919097999999
Afghanistan,AFG,EMR,Low,2004,21.423004150000004,9.80847359,5.5352716399999995,84.52758789000002
Afghanistan,AFG,EMR,Low,2005,25.11388779,9.948288920000001,5.319347860000001,78.97008514000001
Afghanistan,AFG,EMR,Low,2006,28.941263199999998,10.62276554,4.6865387,76.82497406
Afghanistan,AFG,EMR,Low,2007,32.70893097,9.90467453,5.653366570000001,78.16998290999999
Afghanistan,AFG,EMR,Low,2008,39.88624954000001,10.256495480000002,6.120996950000001,75.40338897999999
Afghanistan,AFG,EMR,Low,2009,43.13351822,9.81848717,5.417366979999999,72.77924347000001
Afghanistan,AFG,EMR,Low,2010,46.42438889,8.56967163,5.474624630000001,78.9966507
Afghanistan,AFG,EMR,Low,2011,52.18721770999999,8.561907770000001,5.606225489999999,73.25517273
Afghanistan,AFG,EMR,Low,2012,52.45247268999999,7.897168640000001,4.3418946300000005,74.48620604999999
Afghanistan,AFG,EMR,Low,2013,56.16043472,8.805964470000001,5.0347619099999985,72.04785919
Afghanistan,AFG,EMR,Low,2014,60.04951096,9.528878209999998,4.9602580099999996,73.05592346
Afghanistan,AFG,EMR,Low,2015,59.919605260000004,10.10534763,5.172239299999999,78.38229370000002
Afghanistan,AFG,EMR,Low,2016,61.37234496999999,11.818590160000001,5.077845099999999,75.97433472
Afghanistan,AFG,EMR,Low,2017,66.82388305999999,12.62081718,5.095818520000001,75.48258209000002
Afghanistan,AFG,EMR,Low,2018,71.22509003000002,14.208418849999997,3.88780427,76.22302246000001
Afghanistan,AFG,EMR,Low,2019,74.0642395,14.831319809999997,3.3513946499999996,76.818367
Afghanistan,AFG,EMR,Low,2020,80.08923339999998,15.533614160000003,7.636423110000001,74.81396484
Afghanistan,AFG,EMR,Low,2021,81.52112578999999,21.508461000000004,3.3027212600000007,77.21405029
Afghanistan,AFG,EMR,Low,2022,80.65160370000001,23.088169100000005,0.7859893400000002,77.94615172999998
Bahrain,BHR,EMR,High,2000,451.5025329600001,3.33542562,71.09094238,27.53905296
Bahrain,BHR,EMR,High,2001,457.59741211,3.485730170000001,71.68608856,26.7744503
Bahrain,BHR,EMR,High,2002,469.15478516000013,3.67866111,71.25164032,26.954696660000003
Bahrain,BHR,EMR,High,2003,530.5446167,3.8865807099999996,65.96888733,32.319511410000004
Bahrain,BHR,EMR,High,2004,527.82989502,3.4981772899999997,67.33620453,30.681718830000005
Bahrain,BHR,EMR,High,2005,557.9574584999999,3.25870824,69.87419127999999,27.473661419999996
Bahrain,BHR,EMR,High,2006,578.2970581100001,3.10821271,69.40020752000001,26.69632721
Bahrain,BHR,EMR,High,2007,677.1629028300001,3.29534078,64.25352477999999,30.23593139999999
Bahrain,BHR,EMR,High,2008,734.9951171899999,3.2038722,65.20483397999999,27.9108448
Bahrain,BHR,EMR,High,2009,838.5288085899999,4.326669220000001,66.15504456,26.580005649999997
Bahrain,BHR,EMR,High,2010,866.67224121,4.08934975,65.20017242,26.74535942
Bahrain,BHR,EMR,High,2011,921.7206420899998,3.8651762000000005,65.33170319000001,26.315118789999996
Bahrain,BHR,EMR,High,2012,1038.1661377,4.106421469999999,65.34840392999999,26.803833010000005
Bahrain,BHR,EMR,High,2013,1115.16906738,4.30853891,65.18132782,26.91797447
Bahrain,BHR,EMR,High,2014,1122.1604003899997,4.41240263,64.98168182000002,26.142873759999993
Bahrain,BHR,EMR,High,2015,1128.24291992,4.97671938,65.0187912,25.893754960000003
Bahrain,BHR,EMR,High,2016,1095.92541504,4.860511779999999,61.36575698999999,27.98857307
Bahrain,BHR,EMR,High,2017,1080.08898926,4.512356759999999,56.88352966,31.994981770000003
Bahrain,BHR,EMR,High,2018,1041.8560791,4.12745667,58.83235168,30.003576280000004
Bahrain,BHR,EMR,High,2019,1030.26379395,3.9598033399999997,58.27348709,29.97935486
Bahrain,BHR,EMR,High,2020,1101.79211426,4.7196188,62.92515945,26.288217539999994
Bahrain,BHR,EMR,High,2021,1175.28198242,4.49223804,63.83311081000001,25.662977220000005
Bahrain,BHR,EMR,High,2022,1110.67590332,3.837453129999999,64.91062927,23.47058868
Djibouti,DJI,EMR,Lower-middle,2000,35.489547730000005,3.3964185700000002,41.50927733999999,44.38518523999999
Djibouti,DJI,EMR,Lower-middle,2001,33.61427689,3.1960845,39.137016300000006,48.033020019999995
Djibouti,DJI,EMR,Lower-middle,2002,39.49966431000001,3.7524378300000003,34.26072693,40.90150833
Djibouti,DJI,EMR,Lower-middle,2003,46.275218960000004,4.27048731,35.19461441,34.37653351000001
Djibouti,DJI,EMR,Lower-middle,2004,40.049514769999995,3.5354468799999994,40.66967392,38.80529785
Djibouti,DJI,EMR,Lower-middle,2005,45.125514980000005,3.80321956,36.7196846,35.31047058
Djibouti,DJI,EMR,Lower-middle,2006,53.26344299,4.21972466,40.87779236,31.15603065
Djibouti,DJI,EMR,Lower-middle,2007,55.18254471,4.0526275599999995,42.79135895000001,30.180765149999996
Djibouti,DJI,EMR,Lower-middle,2008,55.90976714999999,3.6125772000000005,50.6607666,27.901847839999995
Djibouti,DJI,EMR,Lower-middle,2009,56.921325679999995,3.63905573,52.31084060999999,26.627925870000002
Djibouti,DJI,EMR,Lower-middle,2010,55.704448699999986,3.3569970099999997,55.29401398,26.46213531
Djibouti,DJI,EMR,Lower-middle,2011,61.89852523999999,3.3738787200000004,63.493118290000005,24.228805540000003
Djibouti,DJI,EMR,Lower-middle,2012,64.85369110000002,3.2973098799999994,57.279018400000005,22.947965619999998
Djibouti,DJI,EMR,Lower-middle,2013,60.57233047,2.91782117,61.89267348999999,24.058082580000004
Djibouti,DJI,EMR,Lower-middle,2014,65.53726196,2.95930099,59.482967380000005,22.659526820000004
Djibouti,DJI,EMR,Lower-middle,2015,79.54257965,3.3475770999999996,51.01298141000001,19.037427899999997
Djibouti,DJI,EMR,Lower-middle,2016,68.82740021000001,2.7416593999999996,48.48146439,23.17864609
Djibouti,DJI,EMR,Lower-middle,2017,64.65093994,2.4685747600000005,46.43390273999999,26.15771675
Djibouti,DJI,EMR,Lower-middle,2018,68.46080017,2.5187151399999994,53.00343704000001,27.036197660000006
Djibouti,DJI,EMR,Lower-middle,2019,68.27401733,2.40641236,53.28685379000001,28.243909839999997
Djibouti,DJI,EMR,Lower-middle,2020,66.92816925000001,2.3222844599999997,46.26971436,31.747413639999998
Djibouti,DJI,EMR,Lower-middle,2021,87.16930389000001,2.8866951500000004,26.562097549999997,27.25154686
Djibouti,DJI,EMR,Lower-middle,2022,81.80969238,2.49675012,41.360061650000006,30.98972321
Egypt,EGY,EMR,Lower-middle,2000,69.37174988,4.922442909999999,35.18718338,62.48934937000001
Egypt,EGY,EMR,Lower-middle,2001,68.67334746999998,5.4003033600000006,34.22034454,63.82560729999999
Egypt,EGY,EMR,Lower-middle,2002,63.99928665,5.5107379000000005,34.46139907999999,63.766796109999994
Egypt,EGY,EMR,Lower-middle,2003,50.34780884,5.224252699999999,31.92203712,65.40507507
Egypt,EGY,EMR,Lower-middle,2004,50.33084488000001,4.85732365,32.51028824,64.55256653
Egypt,EGY,EMR,Lower-middle,2005,59.46838759999999,4.92229176,32.28804016,64.58325957999999
Egypt,EGY,EMR,Lower-middle,2006,66.32707214,4.841900830000001,36.024547580000004,60.41719817999999
Egypt,EGY,EMR,Lower-middle,2007,73.29454041,4.4449324599999995,35.288711549999995,60.32749176
Egypt,EGY,EMR,Lower-middle,2008,90.15769958000001,4.466348169999999,34.39305496,61.82380295
Egypt,EGY,EMR,Lower-middle,2009,98.90396881000002,4.3787093200000005,35.04710007,60.43681334999999
Egypt,EGY,EMR,Lower-middle,2010,105.07817841,4.15319157,32.93099593999999,62.628101349999994
Egypt,EGY,EMR,Lower-middle,2011,116.22949218999997,4.35707569,33.843826289999996,60.495105739999985
Egypt,EGY,EMR,Lower-middle,2012,139.81625365999997,4.45891809,28.709711069999997,60.88405991
Egypt,EGY,EMR,Lower-middle,2013,139.67245483000002,4.6710043,29.264894489999996,57.93513488999999
Egypt,EGY,EMR,Lower-middle,2014,155.06480408,4.7741532300000005,29.542253489999997,55.12137222
Egypt,EGY,EMR,Lower-middle,2015,170.25532531999997,5.0615320200000005,31.243453980000005,58.829967499999995
Egypt,EGY,EMR,Lower-middle,2016,142.61845398,5.07462406,30.86659813,58.99694823999998
Egypt,EGY,EMR,Lower-middle,2017,106.00288391,5.346619129999999,30.971971510000003,56.39825058
Egypt,EGY,EMR,Lower-middle,2018,118.01481627999999,4.748929979999999,28.46597481,62.610431670000004
Egypt,EGY,EMR,Lower-middle,2019,142.69670105,4.5994668,28.20387077,62.50646591000001
Egypt,EGY,EMR,Lower-middle,2020,148.35269165,4.15384626,31.926334380000004,59.31352997000001
Egypt,EGY,EMR,Lower-middle,2021,176.93664551,4.60955143,37.67822266,54.90198134999999
Egypt,EGY,EMR,Lower-middle,2022,170.97909545999997,4.704383850000001,37.89929581,53.82896805
Iran (Islamic Republic of),IRN,EMR,Lower-middle,2000,79.89089203,4.7225084299999995,37.70975113000001,59.600162510000004
Iran (Islamic Republic of),IRN,EMR,Lower-middle,2001,93.23036957000001,5.160873410000001,38.25937271,59.23665619
Iran (Islamic Republic of),IRN,EMR,Lower-middle,2002,104.64105987999999,4.65182209,39.263847350000006,54.74597549
Iran (Islamic Republic of),IRN,EMR,Lower-middle,2003,115.51907349000001,4.95589161,39.406360629999995,54.068851470000006
Iran (Islamic Republic of),IRN,EMR,Lower-middle,2004,139.75932312,5.128014089999999,36.43323898000001,56.55964279
Iran (Islamic Republic of),IRN,EMR,Lower-middle,2005,169.81457519999998,5.299961570000001,36.86399078000001,56.09494400000001
Iran (Islamic Republic of),IRN,EMR,Lower-middle,2006,192.07597350999998,5.1599087699999995,41.67243957999999,51.68798828
Iran (Islamic Republic of),IRN,EMR,Lower-middle,2007,237.51042175000003,4.91188192,39.82310104,53.21485901
Iran (Islamic Republic of),IRN,EMR,Lower-middle,2008,288.85775757,5.03990459,37.07612227999999,55.47851181
Iran (Islamic Republic of),IRN,EMR,Lower-middle,2009,354.25738525,6.11493444,36.65011978,56.02760696
Iran (Islamic Republic of),IRN,EMR,Lower-middle,2010,424.60494995,6.29153061,32.35562897,59.39722061
Iran (Islamic Republic of),IRN,EMR,Lower-middle,2011,505.33276366999996,6.09787989,33.35521317,57.52153397000001
Iran (Islamic Republic of),IRN,EMR,Lower-middle,2012,500.21826172,6.12235117,34.30874634,54.961475369999995
Iran (Islamic Republic of),IRN,EMR,Lower-middle,2013,398.3994751000001,5.547220229999999,38.49046707,51.06695174999999
Iran (Islamic Republic of),IRN,EMR,Lower-middle,2014,368.1918335,6.35239553,50.37070847,42.19446945000001
Iran (Islamic Republic of),IRN,EMR,Lower-middle,2015,380.4064331100001,7.533118249999999,48.967475889999996,44.209266660000004
Iran (Islamic Republic of),IRN,EMR,Lower-middle,2016,444.43972778000006,7.992026330000002,44.92891693,41.398315430000004
Iran (Islamic Republic of),IRN,EMR,Lower-middle,2017,464.12908936,7.834546090000001,46.04753494,40.19929123000001
Iran (Islamic Republic of),IRN,EMR,Lower-middle,2018,284.95181274000004,7.739151950000002,44.42048645000001,35.958461760000006
Iran (Islamic Republic of),IRN,EMR,Lower-middle,2019,225.23252868999998,6.273988720000001,44.46880341,38.887596130000006
Iran (Islamic Republic of),IRN,EMR,Lower-middle,2020,201.4589386,5.40149546,51.421772,37.300697330000006
Iran (Islamic Republic of),IRN,EMR,Lower-middle,2021,233.74671936,5.77013779,55.23709869,34.514606480000005
Iran (Islamic Republic of),IRN,EMR,Lower-middle,2022,237.82546997,5.348891740000001,49.16778183,39.076446530000005
Iraq,IRQ,EMR,Upper-middle,2003,26.98399925,2.99693584,45.25849151999999,54.54956817999998
Iraq,IRQ,EMR,Upper-middle,2004,51.815181730000006,3.9012863600000003,69.86952972000002,28.616321560000006
Iraq,IRQ,EMR,Upper-middle,2005,53.055179599999995,3.01704645,66.96305084,29.04392815
Iraq,IRQ,EMR,Upper-middle,2006,56.76464462,2.49370432,61.485271450000006,32.587291719999996
Iraq,IRQ,EMR,Upper-middle,2007,100.59433746,3.2148056000000005,63.38371277,29.548231120000004
Iraq,IRQ,EMR,Upper-middle,2008,139.28845214999998,3.06604242,77.38848877000001,21.315526959999996
Iraq,IRQ,EMR,Upper-middle,2009,140.1234436,3.7720398899999994,76.67063141000001,22.368463519999995
Iraq,IRQ,EMR,Upper-middle,2010,144.54083252,3.2395534500000003,73.49710846,26.031850809999998
Iraq,IRQ,EMR,Upper-middle,2011,161.89790344,2.80316377,74.24197387999999,25.02887917
Iraq,IRQ,EMR,Upper-middle,2012,174.48312377999997,2.69365859,37.45703125,61.66325377999999
Iraq,IRQ,EMR,Upper-middle,2013,186.78742980999996,2.8086845899999995,40.814277649999994,58.57234192
Iraq,IRQ,EMR,Upper-middle,2014,178.98071289000004,2.7878665899999997,37.21397781,62.02973557
Iraq,IRQ,EMR,Upper-middle,2015,149.07951355,3.15587044,23.155040739999997,76.19068909
Iraq,IRQ,EMR,Upper-middle,2016,199.88551331000002,4.589491840000001,55.455856319999995,44.25168991
Iraq,IRQ,EMR,Upper-middle,2017,197.23654175,4.040649889999999,41.57748413,58.04656601000001
Iraq,IRQ,EMR,Upper-middle,2018,232.86825562000004,4.129893780000001,49.10013198999999,50.39333344
Iraq,IRQ,EMR,Upper-middle,2019,241.73873900999996,4.28182745,49.37045669999999,50.09696198
Iraq,IRQ,EMR,Upper-middle,2020,248.04725646999995,5.764732839999999,45.03430557,54.66120911
Iraq,IRQ,EMR,Upper-middle,2021,251.59538269000004,5.25095701,49.34173965,49.90874099999999
Iraq,IRQ,EMR,Upper-middle,2022,254.62432860999996,4.293324950000001,50.89138031,47.834362029999994
Jordan,JOR,EMR,Lower-middle,2000,151.33486938,9.34367943,44.982700349999995,39.10034560999999
Jordan,JOR,EMR,Lower-middle,2001,161.33900452000003,9.572363849999999,45.62797928000001,38.473766330000004
Jordan,JOR,EMR,Lower-middle,2002,164.75001526,9.278641699999998,47.40853499999999,39.481708530000006
Jordan,JOR,EMR,Lower-middle,2003,161.87841797000002,8.78901005,46.58573531999999,42.033382419999995
Jordan,JOR,EMR,Lower-middle,2004,175.04393005000003,8.746705059999998,39.315067289999995,40.684932710000005
Jordan,JOR,EMR,Lower-middle,2005,185.03021240000004,8.494416240000001,51.70669937,40.075855260000004
Jordan,JOR,EMR,Lower-middle,2006,188.72041320999998,7.67925692,51.27906799,39.1860466
Jordan,JOR,EMR,Lower-middle,2007,208.03627014000003,7.90982628,56.70307921999999,36.04766464000001
Jordan,JOR,EMR,Lower-middle,2008,275.17532349,8.488805769999999,60.512821200000005,31.941390989999995
Jordan,JOR,EMR,Lower-middle,2009,316.92221069,9.223969459999998,67.08152007999999,22.71313095
Jordan,JOR,EMR,Lower-middle,2010,303.8081665,8.17025661,66.70902251999999,21.855146409999996
Jordan,JOR,EMR,Lower-middle,2011,321.59057616999996,8.14807701,67.44730377000002,20.901639940000003
Jordan,JOR,EMR,Lower-middle,2012,325.97836304000003,7.817995549999999,64.40774536,21.583143229999997
Jordan,JOR,EMR,Lower-middle,2013,308.94308472,7.165924069999998,61.5516243,22.13348579
Jordan,JOR,EMR,Lower-middle,2014,302.14120483000005,7.20892906,64.47508239999999,20.890773770000003
Jordan,JOR,EMR,Lower-middle,2015,301.63067627,7.4609561000000015,53.54001617,29.334350589999996
Jordan,JOR,EMR,Lower-middle,2016,278.13378905999997,6.976441380000002,45.77644348,32.947475430000004
Jordan,JOR,EMR,Lower-middle,2017,289.04656981999995,7.10953665,44.80283356000001,33.99718094
Jordan,JOR,EMR,Lower-middle,2018,289.47106934000004,6.98295021,42.96430968999999,35.31081389999999
Jordan,JOR,EMR,Lower-middle,2019,294.9278564499999,7.07244635,42.947818760000004,36.0000267
Jordan,JOR,EMR,Lower-middle,2020,286.19711304000003,7.1157822600000005,39.04485321,37.531261439999994
Jordan,JOR,EMR,Lower-middle,2021,301.28631592,7.20182657,35.579753880000005,37.45389557
Jordan,JOR,EMR,Lower-middle,2022,295.13876343000004,6.82820034,36.498821260000014,40.21434021
Kuwait,KWT,EMR,High,2000,425.20968628,2.2036299699999993,72.54471588,25.49419594
Kuwait,KWT,EMR,High,2001,553.75134277,3.1871962500000004,78.88748932000001,19.64636612
Kuwait,KWT,EMR,High,2002,578.41534424,3.12441754,76.80326843,21.53982161999999
Kuwait,KWT,EMR,High,2003,626.35095215,2.7604260399999996,76.89358521,20.821166990000005
Kuwait,KWT,EMR,High,2004,649.42504883,2.35702467,76.26428985999999,21.555900570000002
Kuwait,KWT,EMR,High,2005,727.2536621099998,2.013309,76.21052551,21.47368431
Kuwait,KWT,EMR,High,2006,782.20379639,1.8213098000000003,76.52494812,21.239334109999998
Kuwait,KWT,EMR,High,2007,880.71105957,1.9267364699999998,76.42373657,21.34607697
Kuwait,KWT,EMR,High,2008,1069.46472168,1.9240030100000005,78.0923233,19.80873489
Kuwait,KWT,EMR,High,2009,1025.90490723,2.70638776,81.58335113999999,16.72038269
Kuwait,KWT,EMR,High,2010,1050.41589355,2.6787991499999997,84.20078278000001,14.332144739999999
Kuwait,KWT,EMR,High,2011,1147.15539551,2.3330354699999996,84.47299194000001,14.014639849999998
Kuwait,KWT,EMR,High,2012,1216.8684082,2.3331143899999995,83.46147918999999,14.95504665
Kuwait,KWT,EMR,High,2013,1235.2932128899997,2.48789287,83.96836090000001,14.48544121
Kuwait,KWT,EMR,High,2014,1293.8326416,2.9159987000000003,84.58882904,13.929330830000001
Kuwait,KWT,EMR,High,2015,1259.55786133,4.21497965,84.85922241,13.695519449999997
Kuwait,KWT,EMR,High,2016,1292.71984863,4.730963229999999,85.31620789000002,13.282156939999998
Kuwait,KWT,EMR,High,2017,1351.7238769499997,4.65326786,85.70923615,12.926642420000002
Kuwait,KWT,EMR,High,2018,1658.6037597700001,5.18862629,88.22940826000001,10.647035599999999
Kuwait,KWT,EMR,High,2019,1643.16491699,5.262730599999999,88.14811707000001,10.7205658
Kuwait,KWT,EMR,High,2020,1523.4276123,6.23488235,89.62411499,9.385457989999999
Kuwait,KWT,EMR,High,2021,1788.7756347700001,5.50187826,90.95422363,8.182314869999999
Kuwait,KWT,EMR,High,2022,1700.31958008,4.26875782,87.23694610999999,11.54475975
Lebanon,LBN,EMR,Lower-middle,2000,425.7009582500001,10.829513549999998,29.819431299999998,57.790882110000005
Lebanon,LBN,EMR,Lower-middle,2001,416.5748596199999,10.56254768,32.68748093,54.84230804
Lebanon,LBN,EMR,Lower-middle,2002,391.74139404000005,9.282337190000002,32.856422419999994,54.115432739999996
Lebanon,LBN,EMR,Lower-middle,2003,373.35971069,8.671098709999999,33.900737760000005,52.48448943999999
Lebanon,LBN,EMR,Lower-middle,2004,368.01425170999994,7.999230859999999,37.12298583999999,48.881656650000004
Lebanon,LBN,EMR,Lower-middle,2005,347.4025268600001,7.54867649,38.413249969999995,47.32339478
Lebanon,LBN,EMR,Lower-middle,2006,401.43670654000005,8.660578730000001,41.0092659,44.68946075000001
Lebanon,LBN,EMR,Lower-middle,2007,438.71112061,8.55984211,41.041629789999995,44.07956314
Lebanon,LBN,EMR,Lower-middle,2008,462.17767334,7.817517279999999,39.34031295999999,44.859523769999996
Lebanon,LBN,EMR,Lower-middle,2009,496.88284302,7.007357600000001,38.199329379999995,44.56974029999999
Lebanon,LBN,EMR,Lower-middle,2010,567.25506592,7.438644890000001,40.309471130000006,43.58500671
Lebanon,LBN,EMR,Lower-middle,2011,640.69805908,8.17744446,43.71420669999999,40.18660736
Lebanon,LBN,EMR,Lower-middle,2012,588.83917236,7.004200940000001,43.50121689000001,37.33576583999999
Lebanon,LBN,EMR,Lower-middle,2013,576.87176514,7.067421909999998,44.15641022,36.94981384
Lebanon,LBN,EMR,Lower-middle,2014,569.9793701199999,7.521810050000001,47.485511779999996,35.56375885
Lebanon,LBN,EMR,Lower-middle,2015,572.07220459,7.415966510000001,45.5106163,32.697441100000006
Lebanon,LBN,EMR,Lower-middle,2016,640.9656372100001,7.923860549999999,47.00899886999999,31.974815369999998
Lebanon,LBN,EMR,Lower-middle,2017,671.7799682600001,7.80396605,47.11582947,33.066123960000006
Lebanon,LBN,EMR,Lower-middle,2018,740.46942139,8.070923809999998,46.72896957,35.300647739999995
Lebanon,LBN,EMR,Lower-middle,2019,779.6077880899999,8.6936779,49.292972559999995,30.71131897
Lebanon,LBN,EMR,Lower-middle,2020,518.296875,7.576508049999999,44.43261719,30.31226349
Lebanon,LBN,EMR,Lower-middle,2021,311.84085083,4.856346610000001,28.856096270000002,34.715793610000006
Lebanon,LBN,EMR,Lower-middle,2022,392.38327025999996,5.73500204,34.25782776,33.42271805
Libya,LBY,EMR,Upper-middle,2000,247.11344909999997,3.3190851199999996,48.70888901,51.29111098999999
Libya,LBY,EMR,Upper-middle,2001,255.77108765000003,3.9257161600000003,54.47205733999998,45.52794266000001
Libya,LBY,EMR,Upper-middle,2002,181.7310791,4.73818302,66.91075897,33.08924103
Libya,LBY,EMR,Upper-middle,2003,189.72729492000002,3.97301245,66.24486542000001,33.755134579999996
Libya,LBY,EMR,Upper-middle,2004,200.83604431000003,3.3832819499999993,65.78649139000001,34.213508610000005
Libya,LBY,EMR,Upper-middle,2005,209.87847900000003,2.51707149,64.65328217,35.346717829999996
Libya,LBY,EMR,Upper-middle,2006,231.11968994000003,2.2999644300000006,65.3585968,34.62698746
Libya,LBY,EMR,Upper-middle,2007,269.63085937999995,2.4192962600000003,66.52918242999998,33.44186401
Libya,LBY,EMR,Upper-middle,2008,312.11196899000004,2.24441886,67.65815734999998,32.26567841000001
Libya,LBY,EMR,Upper-middle,2009,342.20449829000006,3.5828805000000004,68.7928009,31.10063171
Libya,LBY,EMR,Upper-middle,2010,380.58596802,3.2806444200000002,69.93810271999999,29.973636629999998
Libya,LBY,EMR,Upper-middle,2011,305.20037842,4.01902008,63.29393004999999,36.66828537
Libya,LBY,EMR,Upper-middle,2012,592.46356201,3.9561209699999997,73.78441620000001,26.105134960000004
Libya,LBY,EMR,Upper-middle,2013,594.65338135,4.975486279999999,73.39673615,26.54751015
Libya,LBY,EMR,Upper-middle,2014,462.1921691899999,5.17777824,66.22792816,33.62598038
Libya,LBY,EMR,Upper-middle,2015,433.06808471999994,5.806386470000001,69.26644135000001,30.7180233
Libya,LBY,EMR,Upper-middle,2016,464.47531128,6.1717867900000005,67.48332214,32.494701389999996
Libya,LBY,EMR,Upper-middle,2017,466.08538818000005,4.67685318,66.18409729000001,33.781406399999995
Libya,LBY,EMR,Upper-middle,2018,544.88079834,4.8664841700000006,71.54103851000002,28.241064070000004
Libya,LBY,EMR,Upper-middle,2019,552.7316894500001,5.54773426,71.29649353,28.01715851
Libya,LBY,EMR,Upper-middle,2020,472.62240601,7.10674047,78.61562347000002,21.1413517
Libya,LBY,EMR,Upper-middle,2021,306.70458984000004,6.213842870000001,71.97093201,26.329090119999996
Libya,LBY,EMR,Upper-middle,2022,278.38211060000003,4.650058270000001,67.70845795,30.46777153
Morocco,MAR,EMR,Lower-middle,2000,54.63968277,3.69304585,25.357587810000002,53.86581421000001
Morocco,MAR,EMR,Lower-middle,2001,56.55395889000001,3.8160119099999994,26.27703476,53.254425049999995
Morocco,MAR,EMR,Lower-middle,2002,63.57953643999999,4.061175350000001,26.62359238,53.84698104999999
Morocco,MAR,EMR,Lower-middle,2003,77.74629211000001,4.08037519,24.456222529999998,56.20530701
Morocco,MAR,EMR,Lower-middle,2004,91.17259978999998,4.23211098,23.885438920000002,57.375583649999996
Morocco,MAR,EMR,Lower-middle,2005,97.19748688,4.37350655,25.209323880000003,59.65603256000001
Morocco,MAR,EMR,Lower-middle,2006,110.22368621999999,4.565866470000001,28.512918469999995,58.74881363000001
Morocco,MAR,EMR,Lower-middle,2007,131.86448669,4.80759001,29.45763968999999,57.18305206
Morocco,MAR,EMR,Lower-middle,2008,153.23677063,4.83789158,31.036666869999998,56.41322708
Morocco,MAR,EMR,Lower-middle,2009,165.50694274999998,5.273121829999999,32.636051179999995,54.49833298
Morocco,MAR,EMR,Lower-middle,2010,168.36595154000003,5.41861057,32.13038635,55.612731929999995
Morocco,MAR,EMR,Lower-middle,2011,179.00019835999998,5.370193959999999,33.68819046,54.24003983
Morocco,MAR,EMR,Lower-middle,2012,172.04353332999995,5.39619017,34.34552383,52.74585342
Morocco,MAR,EMR,Lower-middle,2013,179.81974792000005,5.25540543,34.77407074,51.66726685
Morocco,MAR,EMR,Lower-middle,2014,188.64158630000003,5.41626596,38.732440950000004,49.15629196
Morocco,MAR,EMR,Lower-middle,2015,162.85198975,5.10435581,38.83265686,48.95444107
Morocco,MAR,EMR,Lower-middle,2016,162.21507263,5.09203386,39.37893295,48.84678649999999
Morocco,MAR,EMR,Lower-middle,2017,166.8500061,4.98920393,39.70824814000001,47.965675350000005
Morocco,MAR,EMR,Lower-middle,2018,175.70518494,4.94516659,40.19128035999999,46.98527527
Morocco,MAR,EMR,Lower-middle,2019,177.84625244000003,4.9953145999999995,40.506378170000005,46.18149566999999
Morocco,MAR,EMR,Lower-middle,2020,185.45245360999996,5.59079361,44.09963226000001,41.28748322
Morocco,MAR,EMR,Lower-middle,2021,211.94190979000004,5.522717,40.902404790000006,42.26218795999999
Morocco,MAR,EMR,Lower-middle,2022,199.21412659000003,5.68049145,40.91056442,43.01153183
"occupied Palestinian territory, including east Jerusalem",PSE,EMR,Upper-middle,2000,129.54533385999997,9.465412140000002,28.761470789999997,38.5
"occupied Palestinian territory, including east Jerusalem",PSE,EMR,Upper-middle,2001,127.37930297999999,10.315458300000003,24.81854248,40.0
"occupied Palestinian territory, including east Jerusalem",PSE,EMR,Upper-middle,2002,118.22906493999999,11.04674053,28.429792399999997,36.0
"occupied Palestinian territory, including east Jerusalem",PSE,EMR,Upper-middle,2003,111.62216186999999,9.558971410000002,32.19182968,40.29999924
"occupied Palestinian territory, including east Jerusalem",PSE,EMR,Upper-middle,2004,150.72610474,11.379287720000002,31.68868637,36.20000076
"occupied Palestinian territory, including east Jerusalem",PSE,EMR,Upper-middle,2005,158.43028259000002,10.99557114,36.038150789999996,37.0
"occupied Palestinian territory, including east Jerusalem",PSE,EMR,Upper-middle,2006,154.09745789000004,10.502402309999999,31.13947296,41.29999924
"occupied Palestinian territory, including east Jerusalem",PSE,EMR,Upper-middle,2007,149.22294617000003,9.58784008,35.787364960000005,37.29999924
"occupied Palestinian territory, including east Jerusalem",PSE,EMR,Upper-middle,2008,200.96418762000005,10.526100160000002,34.885795589999994,35.79999924
"occupied Palestinian territory, including east Jerusalem",PSE,EMR,Upper-middle,2009,221.97026061999995,10.764683719999997,33.98893738,39.20000076
"occupied Palestinian territory, including east Jerusalem",PSE,EMR,Upper-middle,2010,219.44699096999997,9.10499382,36.14625931000001,36.0
"occupied Palestinian territory, including east Jerusalem",PSE,EMR,Upper-middle,2011,308.36453247,11.346224779999996,28.96015167,44.59999847000001
"occupied Palestinian territory, including east Jerusalem",PSE,EMR,Upper-middle,2012,298.34082030999997,10.30110455,28.734758380000006,43.79999924
"occupied Palestinian territory, including east Jerusalem",PSE,EMR,Upper-middle,2013,327.25717163,10.44874382,30.872972489999995,42.70000076
"occupied Palestinian territory, including east Jerusalem",PSE,EMR,Upper-middle,2014,314.27474975999996,9.920155529999999,31.77269745,44.40000152999999
"occupied Palestinian territory, including east Jerusalem",PSE,EMR,Upper-middle,2015,286.91394043,9.284732820000002,33.59162902999999,44.79999924
"occupied Palestinian territory, including east Jerusalem",PSE,EMR,Upper-middle,2016,299.4125061,9.003985400000001,29.568279269999998,42.70000076
"occupied Palestinian territory, including east Jerusalem",PSE,EMR,Upper-middle,2017,310.2114563,9.122352600000001,34.98143005000001,41.73205948000001
"occupied Palestinian territory, including east Jerusalem",PSE,EMR,Upper-middle,2018,324.02166748,9.65617657,29.513433459999998,39.495082860000004
"occupied Palestinian territory, including east Jerusalem",PSE,EMR,Upper-middle,2019,317.45007324,9.185769080000004,39.86502075,38.69657516
"occupied Palestinian territory, including east Jerusalem",PSE,EMR,Upper-middle,2020,314.82254028,10.276102070000002,37.50418472,38.391960139999995
"occupied Palestinian territory, including east Jerusalem",PSE,EMR,Upper-middle,2021,364.4173583999999,10.4347353,40.89227676,33.392730709999995
"occupied Palestinian territory, including east Jerusalem",PSE,EMR,Upper-middle,2022,350.63812255999994,9.73336029,40.345550540000005,33.55230331
Oman,OMN,EMR,High,2000,261.88265991,2.68485427,81.7517395,11.749516490000001
Oman,OMN,EMR,High,2001,259.59085083,2.7007372399999996,82.02848816,11.267132759999999
Oman,OMN,EMR,High,2002,274.11166382,2.77737164,83.46998596,10.149189949999997
Oman,OMN,EMR,High,2003,290.38589478000006,2.77524447,82.8730011,10.577152250000001
Oman,OMN,EMR,High,2004,306.42941284,2.5966010100000005,81.91400909,11.15068245
Oman,OMN,EMR,High,2005,326.909729,2.26479053,82.34389496000001,10.546916959999999
Oman,OMN,EMR,High,2006,341.97601318000005,2.0198512099999997,80.68894957999998,11.47766304
Oman,OMN,EMR,High,2007,397.21173095999995,2.1137111200000005,81.14011382999999,11.269730569999998
Oman,OMN,EMR,High,2008,466.60375977,1.75567567,78.83358002000003,12.449211120000003
Oman,OMN,EMR,High,2009,510.0869140600001,2.4694580999999998,81.29703521999998,11.497238160000002
Oman,OMN,EMR,High,2010,583.5707397499999,2.47588587,82.71356201,10.4072876
Oman,OMN,EMR,High,2011,563.2363281300001,2.2361140300000004,81.82298279,10.839274410000003
Oman,OMN,EMR,High,2012,561.1171875,2.2770283200000003,82.73907471,10.244284629999997
Oman,OMN,EMR,High,2013,587.7107543899999,2.5054008999999997,87.54677582000001,6.97031879
Oman,OMN,EMR,High,2014,726.6466064500001,3.1374013399999994,89.93782042999999,5.684079650000001
Oman,OMN,EMR,High,2015,767.0445556600001,4.078262329999999,90.21833801,5.301488879999999
Oman,OMN,EMR,High,2016,714.48864746,4.17580843,89.86612701000001,5.5604977600000005
Oman,OMN,EMR,High,2017,704.6295165999999,3.9541866799999994,89.19998169,5.936874869999999
Oman,OMN,EMR,High,2018,639.7808227500001,3.21469474,86.43023682,6.4967432
Oman,OMN,EMR,High,2019,730.0832519500002,3.80648994,87.54851532000002,5.9613471
Oman,OMN,EMR,High,2020,859.2496948200002,5.11922884,89.12307739,5.207502839999999
Oman,OMN,EMR,High,2021,856.4214477500002,4.37028217,87.19075012,6.13263321
Oman,OMN,EMR,High,2022,706.92224121,2.9162158999999996,84.38129425000001,7.4777064300000005
Pakistan,PAK,EMR,Lower-middle,2000,15.367556569999996,2.4807932399999997,34.872432710000005,57.3422699
Pakistan,PAK,EMR,Lower-middle,2001,13.41587162,2.3395972300000003,34.904407500000005,55.79309845
Pakistan,PAK,EMR,Lower-middle,2002,14.983322140000002,2.4221990100000004,37.16256332,50.964855189999994
Pakistan,PAK,EMR,Lower-middle,2003,14.348515510000002,2.1039919899999995,24.317245480000004,60.46445464999999
Pakistan,PAK,EMR,Lower-middle,2004,15.535423280000003,2.03666282,26.845983510000003,60.75031281000001
Pakistan,PAK,EMR,Lower-middle,2005,19.58962631,2.37323904,21.711700440000005,65.86717224
Pakistan,PAK,EMR,Lower-middle,2006,24.436470030000002,2.73132491,16.99740982,72.83744048999999
Pakistan,PAK,EMR,Lower-middle,2007,26.141986850000002,2.6237072899999996,17.331674579999998,71.69874573
Pakistan,PAK,EMR,Lower-middle,2008,24.342727659999998,2.56806731,15.61409664,69.98925781
Pakistan,PAK,EMR,Lower-middle,2009,23.146432880000003,2.4999587500000002,20.506116869999996,67.87589264
Pakistan,PAK,EMR,Lower-middle,2010,23.628461839999993,2.42967653,21.784181589999996,67.75833893000001
Pakistan,PAK,EMR,Lower-middle,2011,25.02491379,2.23121333,20.428749080000003,65.34801483
Pakistan,PAK,EMR,Lower-middle,2012,25.597429280000007,2.22185278,27.7246418,61.156578059999994
Pakistan,PAK,EMR,Lower-middle,2013,28.20998955,2.4164784,26.22901154,62.744388580000006
Pakistan,PAK,EMR,Lower-middle,2014,32.11787415,2.488990780000001,24.299526210000003,65.50695038
Pakistan,PAK,EMR,Lower-middle,2015,33.99359894,2.49493265,27.521503449999994,64.43975067
Pakistan,PAK,EMR,Lower-middle,2016,36.469341279999995,2.57026362,27.29105186,62.127994539999996
Pakistan,PAK,EMR,Lower-middle,2017,42.07228851000001,2.7863008999999996,32.759220119999995,57.842426300000014
Pakistan,PAK,EMR,Lower-middle,2018,40.09578323,2.8284494899999997,33.08931732,56.24115752999999
Pakistan,PAK,EMR,Lower-middle,2019,36.01374817,2.8473694299999996,33.11872482,56.08301163
Pakistan,PAK,EMR,Lower-middle,2020,36.909130100000006,2.9527301800000005,35.20631408999999,55.23900604000001
Pakistan,PAK,EMR,Lower-middle,2021,42.79639816000001,2.99015832,37.173545839999996,50.67523956
Pakistan,PAK,EMR,Lower-middle,2022,38.76602173,2.904340510000001,38.15026854999999,47.36522674999999
Qatar,QAT,EMR,High,2000,553.0860595699999,1.97258496,59.515396120000005,30.034349439999993
Qatar,QAT,EMR,High,2001,598.73602295,2.3197093000000004,63.045494080000005,27.41547394
Qatar,QAT,EMR,High,2002,668.85986328,2.46044064,62.91417693999999,27.512893679999998
Qatar,QAT,EMR,High,2003,1115.4533691399997,3.50257182,75.02135467999999,18.53093338
Qatar,QAT,EMR,High,2004,1261.61999512,3.183117389999999,74.98792267,18.55573273
Qatar,QAT,EMR,High,2005,1386.015625,2.5630004399999997,74.91226959000002,18.611860280000002
Qatar,QAT,EMR,High,2006,1378.9296875,2.288064,74.83645629999998,18.66810036
Qatar,QAT,EMR,High,2007,1301.49682617,2.07008052,74.76049805,18.724452969999998
Qatar,QAT,EMR,High,2008,1292.60046387,1.6377534899999997,74.68438721,18.780918119999995
Qatar,QAT,EMR,High,2009,1325.43005371,2.38356304,71.01411438,19.3805542
Qatar,QAT,EMR,High,2010,1309.7927246100003,1.87017763,70.99030304,18.7262249
Qatar,QAT,EMR,High,2011,1482.28308105,1.5999619999999999,73.54415894,16.8867054
Qatar,QAT,EMR,High,2012,1712.67089844,1.74822152,79.14241790999998,10.88382721
Qatar,QAT,EMR,High,2013,2029.8659668,2.07620168,84.17029572000001,6.909432409999999
Qatar,QAT,EMR,High,2014,2252.4140625,2.42293572,86.74364471000001,5.647692199999999
Qatar,QAT,EMR,High,2015,2422.64453125,3.63581347,87.8764267,5.316105370000001
Qatar,QAT,EMR,High,2016,2072.06103516,3.5497143299999996,85.80706787,6.27973223
Qatar,QAT,EMR,High,2017,1911.9536132800004,3.2123708699999995,84.43958282000001,6.8813767399999985
Qatar,QAT,EMR,High,2018,1966.55712891,2.96176219,84.66618346999999,6.738062859999999
Qatar,QAT,EMR,High,2019,2007.5152587900004,3.18468714,85.47602081000001,6.390301700000001
Qatar,QAT,EMR,High,2020,1967.1519775400004,3.8187220100000006,86.67664337000002,5.898595810000001
Qatar,QAT,EMR,High,2021,1847.0023193400004,2.8927927,85.02615356,6.557579520000002
Qatar,QAT,EMR,High,2022,1781.5603027299999,2.1811232600000006,82.19091796999999,7.733138080000001
Saudi Arabia,SAU,EMR,High,2000,493.36984253,4.2116060300000004,72.05238342,18.462463380000003
Saudi Arabia,SAU,EMR,High,2001,482.1044616699999,4.4617486,72.5404892,18.03369141
Saudi Arabia,SAU,EMR,High,2002,449.84130858999987,4.24939442,72.31415557999999,18.45171165
Saudi Arabia,SAU,EMR,High,2003,457.08770752,3.97910738,72.37438964999998,17.94919586
Saudi Arabia,SAU,EMR,High,2004,471.45797729,3.5840206100000005,71.47950745,18.150970460000003
Saudi Arabia,SAU,EMR,High,2005,545.73571777,3.4186811399999995,72.49501038,16.491586690000002
Saudi Arabia,SAU,EMR,High,2006,634.81872559,3.61922765,72.98228455,15.393951419999999
Saudi Arabia,SAU,EMR,High,2007,662.0079345699999,3.5622985399999996,70.38717651,16.73869896
Saudi Arabia,SAU,EMR,High,2008,663.1433105499998,2.9710116399999995,63.59476471000001,19.36904335
Saudi Arabia,SAU,EMR,High,2009,760.19476318,4.29043579,64.98739624,18.35076332
Saudi Arabia,SAU,EMR,High,2010,765.9168090800001,3.6478669600000004,61.932571410000016,18.94513893
Saudi Arabia,SAU,EMR,High,2011,954.3887329100002,3.68218112,67.06874847000002,15.62115383
Saudi Arabia,SAU,EMR,High,2012,1093.15588379,3.98779416,68.28318786999999,15.156213759999996
Saudi Arabia,SAU,EMR,High,2013,1189.67932129,4.422934529999999,69.59436035000002,14.35986423
Saudi Arabia,SAU,EMR,High,2014,1363.59155273,5.15801096,71.36855315999999,13.13586998
Saudi Arabia,SAU,EMR,High,2015,1309.2714843799997,5.862027169999999,68.47387695,14.38336658
Saudi Arabia,SAU,EMR,High,2016,1353.21813965,6.24142838,69.59158325,14.451419830000003
Saudi Arabia,SAU,EMR,High,2017,1400.9035644499997,6.031260489999999,71.84702301,14.323530199999999
Saudi Arabia,SAU,EMR,High,2018,1488.9753418000003,5.34062767,70.29850006000001,15.89835358
Saudi Arabia,SAU,EMR,High,2019,1504.55249023,5.467436789999999,73.78594971,11.404073720000001
Saudi Arabia,SAU,EMR,High,2020,1574.70068359,6.64630127,78.29054260000001,10.081580160000001
Saudi Arabia,SAU,EMR,High,2021,1654.7435302700003,5.93034029,76.9837265,10.156294820000001
Saudi Arabia,SAU,EMR,High,2022,1593.3714599599998,4.6246237799999985,78.23951721,11.016180040000004
Somalia,SOM,EMR,Low,2013,12.85289001,2.81839299,3.9125952700000006,38.328014370000005
Somalia,SOM,EMR,Low,2014,13.116464609999998,2.71561337,3.3043861399999996,39.70158768
Somalia,SOM,EMR,Low,2015,14.085945130000002,2.84291959,3.2204277500000003,37.602153779999995
Somalia,SOM,EMR,Low,2016,11.720211029999998,2.2753384100000003,4.38450003,45.16386414
Somalia,SOM,EMR,Low,2017,13.462927819999999,2.4336102,5.2587475800000005,39.846050260000005
Somalia,SOM,EMR,Low,2018,12.705347059999998,2.3716983799999998,5.04016495,43.46372223
Somalia,SOM,EMR,Low,2019,12.872213359999998,2.19059515,5.4451704,45.40616226
Somalia,SOM,EMR,Low,2020,12.423131940000001,2.2475004199999997,6.6625247000000005,48.494422910000004
Somalia,SOM,EMR,Low,2021,14.63377476,2.5688204800000003,10.40244293,42.594768519999995
Somalia,SOM,EMR,Low,2022,15.346391680000002,2.6218318899999997,6.58533812,42.14455031999999
Sudan,SDN,EMR,Low,2000,13.994407650000003,3.6066448700000002,33.825942989999994,61.82265854
Sudan,SDN,EMR,Low,2001,15.183794019999999,3.3645687099999995,33.333332060000004,62.280700679999995
Sudan,SDN,EMR,Low,2002,16.706882479999997,3.30010891,34.20050812,61.42131805
Sudan,SDN,EMR,Low,2003,22.58514786,3.8918793199999997,32.46046829,62.56050873
Sudan,SDN,EMR,Low,2004,29.303794860000004,4.155934810000001,37.85013961999999,57.17787169999999
Sudan,SDN,EMR,Low,2005,37.074504850000004,4.09418154,39.070961,54.63094711
Sudan,SDN,EMR,Low,2006,55.32654952999999,4.88544321,36.380676269999995,55.78925323
Sudan,SDN,EMR,Low,2007,81.79000854,5.6626915900000006,36.19216156,58.001770020000016
Sudan,SDN,EMR,Low,2008,82.84203339,5.42313576,31.936317440000003,62.403049470000006
Sudan,SDN,EMR,Low,2009,80.00381470000002,6.394963259999999,41.116161350000006,52.475822449999995
Sudan,SDN,EMR,Low,2010,73.60456847999998,5.05810165,32.547115330000004,61.313446039999995
Sudan,SDN,EMR,Low,2011,80.37183379999999,5.615795609999999,22.84302902,65.93135070999999
Sudan,SDN,EMR,Low,2012,75.40813446,5.68827009,26.253503799999997,65.45468902999998
Sudan,SDN,EMR,Low,2013,97.49275970000001,6.964874740000002,16.53942871,74.83428192000001
Sudan,SDN,EMR,Low,2014,88.78570557,5.67619705,25.272836690000002,67.03178406
Sudan,SDN,EMR,Low,2015,93.69758605999999,5.81112576,14.194442749999999,79.40106964
Sudan,SDN,EMR,Low,2016,89.39611052999999,5.684384820000001,22.69012833,71.18589019999999
Sudan,SDN,EMR,Low,2017,67.75525665,5.91767406,18.02452278,72.54642487000002
Sudan,SDN,EMR,Low,2018,33.73799133000001,4.46358299,23.28133202,66.95339965999999
Sudan,SDN,EMR,Low,2019,33.70681,4.57118368,22.702112199999995,67.37359619
Sudan,SDN,EMR,Low,2020,22.172468190000004,3.0096538099999997,34.176277160000005,52.963607790000005
Sudan,SDN,EMR,Low,2021,20.4981575,2.83127832,27.04865837,56.85788345000001
Sudan,SDN,EMR,Low,2022,31.577270510000005,4.61874437,25.745832439999997,51.418956760000015
Syrian Arab Republic,SYR,EMR,Low,2000,53.47885895,4.554007049999999,35.53107833999999,64.32570648000001
Syrian Arab Republic,SYR,EMR,Low,2001,57.497348790000004,4.6971879,41.41358566000001,58.37926865000001
Syrian Arab Republic,SYR,EMR,Low,2002,62.53231429999998,4.94717073,45.3978157,54.17683411
Syrian Arab Republic,SYR,EMR,Low,2003,59.669841770000005,5.117816929999999,47.926658630000006,51.73560332999999
Syrian Arab Republic,SYR,EMR,Low,2004,59.960792539999986,4.47935343,47.69179916,52.02073668999999
Syrian Arab Republic,SYR,EMR,Low,2005,62.02973557,4.1097006799999996,50.34679031,49.495937350000005
Syrian Arab Republic,SYR,EMR,Low,2006,63.69380568999999,3.7777147299999996,46.967029569999994,51.46001053000001
Syrian Arab Republic,SYR,EMR,Low,2007,71.78123474,3.72242856,47.33362961000001,51.91991424999999
Syrian Arab Republic,SYR,EMR,Low,2008,82.53261565999999,3.397627589999999,46.14907073999999,53.01201629999999
Syrian Arab Republic,SYR,EMR,Low,2009,87.32125853999999,3.5464703999999996,44.867927550000005,54.0
Syrian Arab Republic,SYR,EMR,Low,2010,88.11807251,3.2270414799999996,44.79367065,54.0
Syrian Arab Republic,SYR,EMR,Low,2011,74.37712859999999,2.52865362,45.19852448,53.36600494
Syrian Arab Republic,SYR,EMR,Low,2012,62.70924759,3.0471952,45.286636349999995,53.689861300000004
Syrian Arab Republic,SYR,EMR,Low,2013,44.37207794,3.5586290399999996,51.13475418,47.45888138
Syrian Arab Republic,SYR,EMR,Low,2014,46.44654465,4.018122670000001,49.38505173,49.417091369999994
Syrian Arab Republic,SYR,EMR,Low,2015,36.14657973999999,3.4790532599999993,50.5887413,47.14176941000001
Syrian Arab Republic,SYR,EMR,Low,2016,25.932147980000003,3.7384927299999995,49.806362150000005,46.86003876000001
Syrian Arab Republic,SYR,EMR,Low,2017,33.63182448999999,3.8152549299999996,51.71847534,44.88306808
Syrian Arab Republic,SYR,EMR,Low,2018,43.593349460000006,3.8661296400000005,51.025672910000004,43.799743649999996
Syrian Arab Republic,SYR,EMR,Low,2019,50.259532930000006,3.9400014899999993,53.27646255,41.80766678000001
Syrian Arab Republic,SYR,EMR,Low,2020,30.635469439999998,3.7155597200000003,43.25139617999999,47.762237549999995
Syrian Arab Republic,SYR,EMR,Low,2021,25.79880524,4.706135270000001,36.67641068,48.297893519999995
Syrian Arab Republic,SYR,EMR,Low,2022,34.36484528,4.150987149999999,33.86805725,45.730659480000014
Tunisia,TUN,EMR,Lower-middle,2000,111.01378632000001,4.812719349999999,52.6692276,38.62985992
Tunisia,TUN,EMR,Lower-middle,2001,114.00454712000001,4.86132765,52.18519592,39.447738650000005
Tunisia,TUN,EMR,Lower-middle,2002,124.64620972,5.120364189999999,51.7647171,40.20476531999999
Tunisia,TUN,EMR,Lower-middle,2003,148.93447876,5.208885189999998,51.41102600000001,40.89640045
Tunisia,TUN,EMR,Lower-middle,2004,167.27586365000002,5.198907849999999,51.12685013,41.51860428000001
Tunisia,TUN,EMR,Lower-middle,2005,169.84550475999998,5.14555788,50.8209343,42.11570358
Tunisia,TUN,EMR,Lower-middle,2006,178.82592772999996,5.131099220000001,52.26226424999999,42.674743649999996
Tunisia,TUN,EMR,Lower-middle,2007,202.32022095,5.1754283899999995,53.381717679999994,42.868133539999995
Tunisia,TUN,EMR,Lower-middle,2008,230.50152588000006,5.1644063000000004,54.27530289,42.79279326999999
Tunisia,TUN,EMR,Lower-middle,2009,231.3591156,5.40595293,55.03387070000001,42.521301269999995
Tunisia,TUN,EMR,Lower-middle,2010,240.75447083,5.609507559999999,55.75389099,42.10583114999999
Tunisia,TUN,EMR,Lower-middle,2011,270.67507935000003,6.12299299,56.413471220000005,41.58300018
Tunisia,TUN,EMR,Lower-middle,2012,270.29055786,6.2898473699999995,56.964557649999996,40.97820663
Tunisia,TUN,EMR,Lower-middle,2013,284.64538574,6.513949869999999,59.09120560000001,39.06398773000001
Tunisia,TUN,EMR,Lower-middle,2014,287.60955810999997,6.450060840000001,58.13360596,38.004711150000006
Tunisia,TUN,EMR,Lower-middle,2015,249.46418762,6.213399409999999,53.79585648,39.67178345000001
Tunisia,TUN,EMR,Lower-middle,2016,240.40258789,6.24778175,54.5089798,39.75572586
Tunisia,TUN,EMR,Lower-middle,2017,223.85903931000001,6.18557453,53.688797,40.51967239
Tunisia,TUN,EMR,Lower-middle,2018,215.41839599999997,5.937518600000001,52.095451350000005,41.91517639
Tunisia,TUN,EMR,Lower-middle,2019,212.60031127999997,6.0246124299999995,59.20934677,35.576507570000004
Tunisia,TUN,EMR,Lower-middle,2020,250.46203612999997,7.050222870000001,61.134136199999986,33.43321228
Tunisia,TUN,EMR,Lower-middle,2021,270.34024048000003,6.97669458,59.15893555,33.777835849999995
Tunisia,TUN,EMR,Lower-middle,2022,265.85464478000006,6.963801859999999,56.62446594000001,33.865463260000006
United Arab Emirates,ARE,EMR,High,2000,706.0311279300001,2.39504457,68.83045959,22.083435060000003
United Arab Emirates,ARE,EMR,High,2001,689.29278564,2.48436403,77.01039886000001,15.08593273
United Arab Emirates,ARE,EMR,High,2002,754.26220703,2.71770859,61.22885132000001,28.04150772
United Arab Emirates,ARE,EMR,High,2003,784.8934326199999,2.64634395,61.27508163,27.456930160000002
United Arab Emirates,ARE,EMR,High,2004,821.7492065399998,2.4622564300000005,57.107311249999995,30.408380509999994
United Arab Emirates,ARE,EMR,High,2005,898.3648071299998,2.3202107,56.84106064,30.139190669999998
United Arab Emirates,ARE,EMR,High,2006,1031.14904785,2.3254137,57.30421829000001,29.709606169999994
United Arab Emirates,ARE,EMR,High,2007,1176.49328613,2.5660269300000005,58.67370223999999,28.87625122
United Arab Emirates,ARE,EMR,High,2008,1465.8244628899997,2.92857623,63.910388950000005,25.136518480000003
United Arab Emirates,ARE,EMR,High,2009,1531.0220947299997,4.05000162,73.68283844,16.1003685
United Arab Emirates,ARE,EMR,High,2010,1619.9886474599998,3.744331360000001,70.85415649,17.94574356
United Arab Emirates,ARE,EMR,High,2011,1787.5999755900004,3.566663979999999,72.42097472999998,16.88403702
United Arab Emirates,ARE,EMR,High,2012,1711.38525391,3.3359637300000005,72.54479217999999,16.73880386
United Arab Emirates,ARE,EMR,High,2013,1789.6857910200001,3.5022218200000004,71.97173309000001,17.155794140000005
United Arab Emirates,ARE,EMR,High,2014,1776.7310791000004,3.53405499,70.97638702000002,17.807826999999996
United Arab Emirates,ARE,EMR,High,2015,1479.4974365200003,3.4660935400000006,71.25105286,17.789649960000002
United Arab Emirates,ARE,EMR,High,2016,1592.9190673799997,3.89580107,76.27639771,15.991594309999996
United Arab Emirates,ARE,EMR,High,2017,1695.203125,4.00854969,54.81138992000001,11.416618350000002
United Arab Emirates,ARE,EMR,High,2018,1872.5842285200001,4.098542210000001,51.57845688,12.696112629999998
United Arab Emirates,ARE,EMR,High,2019,1962.46728516,4.40291262,51.17391205,12.231620790000003
United Arab Emirates,ARE,EMR,High,2020,2154.41113281,5.824770450000001,60.98609543,11.210544590000001
United Arab Emirates,ARE,EMR,High,2021,2249.96313477,5.304943079999999,64.10680389000001,10.46759415
United Arab Emirates,ARE,EMR,High,2022,2314.74511719,4.67550945,59.230636600000004,12.288393970000001
Yemen,YEM,EMR,Low,2000,22.912448880000003,4.666065689999999,50.83430861999999,43.49330139
Yemen,YEM,EMR,Low,2001,24.09247589,4.94514799,50.10915756000001,44.62617873999999
Yemen,YEM,EMR,Low,2002,24.801424030000003,4.83237982,48.23685073999999,46.67703246999999
Yemen,YEM,EMR,Low,2003,31.604286190000003,5.75758314,41.75507736000001,54.26419066999999
Yemen,YEM,EMR,Low,2004,34.62483978,5.514404299999999,35.41623306,60.45806122000001
Yemen,YEM,EMR,Low,2005,38.27000809,5.20585251,31.791826250000003,64.78065491
Yemen,YEM,EMR,Low,2006,44.815124510000004,5.52930164,29.402593610000004,65.89186858999999
Yemen,YEM,EMR,Low,2007,51.83703613,5.82077599,26.868413930000003,69.15579987000002
Yemen,YEM,EMR,Low,2008,61.74676514,5.76191616,27.817321780000007,68.61846161
Yemen,YEM,EMR,Low,2009,58.02085113999999,5.986199860000001,21.86180878,74.21583557000001
Yemen,YEM,EMR,Low,2010,59.60072327,5.159328939999999,22.525617600000004,74.01689911
Yemen,YEM,EMR,Low,2011,56.589305880000005,4.7695321999999996,22.897808070000004,72.48513031
Yemen,YEM,EMR,Low,2012,64.67756653,5.19593525,23.890106199999998,71.61329651
Yemen,YEM,EMR,Low,2013,68.39746857,4.960831639999999,19.74684525,74.58348082999998
Yemen,YEM,EMR,Low,2014,69.24575805999999,4.8418045,16.181663510000003,76.41697692999999
Yemen,YEM,EMR,Low,2015,57.9312973,4.2528567299999995,10.18220329,80.95723724000001
Yemen,YEM,EMR,Low,2016,47.25681305,4.84506655,8.572303770000001,77.87443542000001
Yemen,YEM,EMR,Low,2017,51.94430542,4.84769869,5.0913252799999995,82.77057647999997
Yemen,YEM,EMR,Low,2018,83.34048462000001,5.2720179599999994,8.92029953,75.94067383
Yemen,YEM,EMR,Low,2019,43.06481551999999,5.838126180000001,8.26417923,73.29613495000001
Yemen,YEM,EMR,Low,2020,32.30203629,5.77270842,6.735232830000001,69.91931152000002
Yemen,YEM,EMR,Low,2021,32.01807785,6.17542744,4.8624548899999995,72.10394287
Yemen,YEM,EMR,Low,2022,38.11569214,6.18666697,4.936698439999999,70.20210266000001
Albania,ALB,EUR,Upper-middle,2000,65.47674561,5.9441976499999996,46.53004456000001,51.81419754000001
Albania,ALB,EUR,Upper-middle,2001,73.92171478000002,5.92584515,46.46232604999999,49.1281929
Albania,ALB,EUR,Upper-middle,2002,78.72909546000001,5.664644720000001,45.69914626999999,50.85527039
Albania,ALB,EUR,Upper-middle,2003,105.43667602999999,5.91140795,45.17244338999999,49.91648483
Albania,ALB,EUR,Upper-middle,2004,136.50724792000003,5.8936486200000004,47.862197880000004,48.342041019999996
Albania,ALB,EUR,Upper-middle,2005,149.97515869,5.72954512,46.90119171,49.311012270000006
Albania,ALB,EUR,Upper-middle,2006,164.22090149000002,5.63177013,46.82563400000001,49.04850388000001
Albania,ALB,EUR,Upper-middle,2007,209.31910706000002,5.926091189999999,46.37696075000001,49.40164948
Albania,ALB,EUR,Upper-middle,2008,237.10340881000002,5.50900269,41.75899886999999,56.23107147
Albania,ALB,EUR,Upper-middle,2009,236.94244384999996,5.8260393100000005,40.48228073000001,56.53381729
Albania,ALB,EUR,Upper-middle,2010,253.98246765,6.23667669,38.14058685,59.96680832
Albania,ALB,EUR,Upper-middle,2011,273.75292969000003,6.182976720000001,38.78395081,59.84096909000001
Albania,ALB,EUR,Upper-middle,2012,260.68319701999997,6.157462120000001,39.87333298,58.21257782
Albania,ALB,EUR,Upper-middle,2013,276.0765686,6.282862660000001,41.02802276999999,57.72882462
Albania,ALB,EUR,Upper-middle,2014,293.12673950000004,6.434511179999999,40.30805968999999,59.18069077000001
Albania,ALB,EUR,Upper-middle,2015,253.93347168,6.464118959999999,41.88941573999999,57.34070206
Albania,ALB,EUR,Upper-middle,2016,275.43676758000004,6.7293272,42.82014847000001,56.517478939999975
Albania,ALB,EUR,Upper-middle,2017,295.52346802,6.578487870000001,42.17532349,57.18074036
Albania,ALB,EUR,Upper-middle,2018,349.21127319,6.66844559,43.106689450000005,56.41461562999999
Albania,ALB,EUR,Upper-middle,2019,366.34014893,6.86214113,42.680248260000006,56.41222382000002
Albania,ALB,EUR,Upper-middle,2020,396.17477417,7.50389433,39.84601212,59.39613342
Albania,ALB,EUR,Upper-middle,2021,465.5704345700001,7.399131769999999,39.687198640000005,59.70423507999999
Albania,ALB,EUR,Upper-middle,2022,414.35025024000004,6.1936807599999995,45.191173549999995,51.26052093999999
Andorra,AND,EUR,High,2000,1295.08508301,5.952764029999999,65.41166687,15.401141169999999
Andorra,AND,EUR,High,2001,1376.1442871100003,5.858237270000001,65.20613861,15.558507919999997
Andorra,AND,EUR,High,2002,1583.2111816399997,5.996211529999998,66.31050110000001,15.04981899
Andorra,AND,EUR,High,2003,1885.5274658200003,5.54771519,64.02556610000002,16.05670166
Andorra,AND,EUR,High,2004,2059.91821289,5.288469310000002,62.02460097999999,16.936902999999997
Andorra,AND,EUR,High,2005,2283.44287109,5.59476948,64.18534087999998,15.96540737
Andorra,AND,EUR,High,2006,2156.3442382799994,4.9653000800000004,59.83185959,17.891496659999998
Andorra,AND,EUR,High,2007,2376.66162109,4.923472879999999,59.84716034,18.00020981
Andorra,AND,EUR,High,2008,2774.92602539,5.6706638300000005,65.16940308000001,15.58165741
Andorra,AND,EUR,High,2009,2663.37402344,6.080941679999999,67.84007263,14.396502490000003
Andorra,AND,EUR,High,2010,3277.78515625,7.675377369999998,73.99111176000001,11.63836575
Andorra,AND,EUR,High,2011,3550.90820313,7.6206083300000005,73.58311462,11.800860400000001
Andorra,AND,EUR,High,2012,2785.18896484,6.71083689,69.50762177000001,13.639510150000001
Andorra,AND,EUR,High,2013,2887.02587891,6.799642090000001,70.14200592,13.333333020000001
Andorra,AND,EUR,High,2014,3001.1960449199996,6.773080349999999,71.04855347,12.76978397
Andorra,AND,EUR,High,2015,2672.26464844,6.91586447,71.92554473999999,13.110982890000002
Andorra,AND,EUR,High,2016,2769.1528320299994,6.90521765,72.09360503999999,12.56225777
Andorra,AND,EUR,High,2017,2876.1787109399993,7.071426390000001,71.93775940000002,12.087327
Andorra,AND,EUR,High,2018,3158.13647461,7.375417230000001,70.75121307000002,12.338308330000002
Andorra,AND,EUR,High,2019,3021.4326171899993,7.323245999999999,71.31783295,12.74224854
Andorra,AND,EUR,High,2020,3282.8173828100007,8.786739350000001,72.60459137000001,11.151079180000002
Andorra,AND,EUR,High,2021,3535.98974609,8.33450699,74.00547791,11.73808575
Andorra,AND,EUR,High,2022,3192.3156738300004,7.5367884599999995,73.46606445,8.844646449999997
Andorra,AND,EUR,High,2023,3654.07470703,7.928211209999999,71.12071228,10.98071861
Armenia,ARM,EUR,Upper-middle,2000,25.660636899999997,4.19581175,22.7532177,62.01095200000001
Armenia,ARM,EUR,Upper-middle,2001,31.907258989999995,4.6456389399999996,28.82457352,50.87960052
Armenia,ARM,EUR,Upper-middle,2002,59.20983887,7.61358786,15.391437530000001,75.23449707000002
Armenia,ARM,EUR,Upper-middle,2003,66.31577301,7.17936182,16.80312729,76.42555237
Armenia,ARM,EUR,Upper-middle,2004,71.65074158,6.05510139,21.37230873,71.58870697
Armenia,ARM,EUR,Upper-middle,2005,95.55095673,5.8618803,25.220764160000005,62.93592072000001
Armenia,ARM,EUR,Upper-middle,2006,124.89895629999998,5.850070949999999,27.117750170000004,61.17357254000001
Armenia,ARM,EUR,Upper-middle,2007,170.15332031000003,5.49814034,29.35340118,58.22918701000001
Armenia,ARM,EUR,Upper-middle,2008,261.59963989,6.63976622,22.41243935,71.43701171999999
Armenia,ARM,EUR,Upper-middle,2009,247.90641784999997,8.44377708,21.455928800000002,73.63291931
Armenia,ARM,EUR,Upper-middle,2010,291.77758788999995,9.23538303,18.258996959999998,77.62413025
Armenia,ARM,EUR,Upper-middle,2011,325.29086304000003,9.37588882,17.84222031,78.41966247999999
Armenia,ARM,EUR,Upper-middle,2012,331.91378784,9.134550090000001,17.276929860000003,78.58730315999999
Armenia,ARM,EUR,Upper-middle,2013,392.8525390600001,10.323450090000001,13.32556534,82.87557220000001
Armenia,ARM,EUR,Upper-middle,2014,404.33874511999994,10.17827892,14.791106219999998,82.48136902000002
Armenia,ARM,EUR,Upper-middle,2015,365.51950073,10.11762714,15.91488075,81.62987518
Armenia,ARM,EUR,Upper-middle,2016,359.58227539,9.951949120000002,16.452575680000002,80.64695739999999
Armenia,ARM,EUR,Upper-middle,2017,409.80145264000004,10.36270332,13.244708059999999,84.34803009
Armenia,ARM,EUR,Upper-middle,2018,428.34570312999995,10.005434040000003,12.34010696,84.27638245
Armenia,ARM,EUR,Upper-middle,2019,533.6995239299999,11.379800800000002,12.405081750000003,84.79430389000001
Armenia,ARM,EUR,Upper-middle,2020,535.2723999,12.240562440000001,19.253503799999997,77.84781646999998
Armenia,ARM,EUR,Upper-middle,2021,595.8354492200001,12.322685240000002,17.7613945,78.65647888
Armenia,ARM,EUR,Upper-middle,2022,674.78619385,9.96212864,17.218795780000004,79.0908432
Austria,AUT,EUR,High,2000,2269.12646484,9.20371342,74.16340637,17.822219850000003
Austria,AUT,EUR,High,2001,2282.515625,9.269429209999998,73.64528656,18.462957380000002
Austria,AUT,EUR,High,2002,2497.8659668,9.3947649,73.43814087000001,18.613286969999997
Austria,AUT,EUR,High,2003,3091.24023438,9.547239300000001,73.13826752000003,18.888368609999997
Austria,AUT,EUR,High,2004,3594.65039063,9.709399220000002,72.05495453,19.30190468
Austria,AUT,EUR,High,2005,3710.39794922,9.627029420000001,72.65168762,19.183259960000004
Austria,AUT,EUR,High,2006,3882.98193359,9.531132699999997,72.8501358,18.806278230000004
Austria,AUT,EUR,High,2007,4478.768554690001,9.53209686,72.79901122999999,18.80613899
Austria,AUT,EUR,High,2008,5057.760742190001,9.725646020000001,73.78759766,18.24393272
Austria,AUT,EUR,High,2009,4928.98779297,10.225825309999998,72.84671021,18.051284789999997
Austria,AUT,EUR,High,2010,4800.79345703,10.22101879,72.39570618,18.601627350000005
Austria,AUT,EUR,High,2011,5167.81787109,10.02613258,72.68902588,18.73956299
Austria,AUT,EUR,High,2012,4966.09570313,10.199155809999999,72.87378692999998,18.67409134
Austria,AUT,EUR,High,2013,5235.34130859,10.285748479999999,72.16905974999999,19.1712513
Austria,AUT,EUR,High,2014,5393.60205078,10.368091580000002,72.51708984,19.098175050000002
Austria,AUT,EUR,High,2015,4612.82373047,10.367466929999997,72.45600891000001,19.09111214
Austria,AUT,EUR,High,2016,4709.875976559999,10.352262500000002,72.35966492000001,19.24335289
Austria,AUT,EUR,High,2017,4938.92041016,10.384025570000002,73.80551147,19.15275955
Austria,AUT,EUR,High,2018,5337.21826172,10.348855969999999,74.47270966,18.42534828
Austria,AUT,EUR,High,2019,5263.390625,10.487536429999997,74.88420868,17.915197369999998
Austria,AUT,EUR,High,2020,5531.0234375,11.31641102,76.85112,16.471933359999998
Austria,AUT,EUR,High,2021,6520.490722660001,12.152285580000001,78.11663055,15.734798430000001
Austria,AUT,EUR,High,2022,5851.962402339999,11.15729332,77.46796417,15.99057865
Austria,AUT,EUR,High,2023,6208.64453125,10.877799029999998,,16.136234280000004
Azerbaijan,AZE,EUR,Upper-middle,2000,18.640165330000006,2.8900749699999997,29.396984099999997,70.00448608
Azerbaijan,AZE,EUR,Upper-middle,2001,19.19010162,2.7741940000000005,29.021642680000003,69.62220764000001
Azerbaijan,AZE,EUR,Upper-middle,2002,20.45606041,2.7309730100000005,27.056589130000003,72.33946991
Azerbaijan,AZE,EUR,Upper-middle,2003,23.622449869999997,2.72699213,28.373796460000005,69.0607605
Azerbaijan,AZE,EUR,Upper-middle,2004,27.190639500000003,2.65944242,32.29571532999999,65.92002106000002
Azerbaijan,AZE,EUR,Upper-middle,2005,34.352046969999996,2.22960997,39.94744492,59.33625793
Azerbaijan,AZE,EUR,Upper-middle,2006,49.87102126999999,2.07059145,41.912319180000004,56.28426742999998
Azerbaijan,AZE,EUR,Upper-middle,2007,74.65649413999999,1.9942226399999998,45.623989110000004,52.6079216
Azerbaijan,AZE,EUR,Upper-middle,2008,111.88427734000001,2.0481445799999998,42.242923739999995,56.54062271
Azerbaijan,AZE,EUR,Upper-middle,2009,135.40127563,2.76541352,40.98781967000001,57.89490891000001
Azerbaijan,AZE,EUR,Upper-middle,2010,153.0665741,2.6463484799999994,38.29708481,60.27914047
Azerbaijan,AZE,EUR,Upper-middle,2011,184.93493652000004,2.595471860000001,36.60181046,62.14058304
Azerbaijan,AZE,EUR,Upper-middle,2012,234.60324096999997,3.1568214899999996,35.34202193999999,62.97990417000001
Azerbaijan,AZE,EUR,Upper-middle,2013,251.67863464,3.2255108399999997,33.056838989999996,66.2504425
Azerbaijan,AZE,EUR,Upper-middle,2014,280.22314453000007,3.5870304100000006,31.5067234,67.54847717
Azerbaijan,AZE,EUR,Upper-middle,2015,236.25979614,4.34131384,30.06647682,69.12871552000001
Azerbaijan,AZE,EUR,Upper-middle,2016,169.69596862999995,4.422419549999999,26.35346794,70.02903747999999
Azerbaijan,AZE,EUR,Upper-middle,2017,167.01565552,4.073965070000001,24.655267719999998,71.84921265
Azerbaijan,AZE,EUR,Upper-middle,2018,180.03610229,3.8366134200000004,23.162481309999997,73.38605499
Azerbaijan,AZE,EUR,Upper-middle,2019,199.25746155000002,4.181887629999999,25.568614960000005,71.34140777999998
Azerbaijan,AZE,EUR,Upper-middle,2020,245.21949768,5.848176959999999,39.81031418,57.828125
Azerbaijan,AZE,EUR,Upper-middle,2021,250.98870849999997,4.685266970000001,31.61755943,66.03176879999998
Azerbaijan,AZE,EUR,Upper-middle,2022,304.20162964,3.9784064299999997,30.330741879999994,64.46770477
Belarus,BLR,EUR,Upper-middle,2000,57.02944183000001,5.280880450000001,78.66545105,16.013731
Belarus,BLR,EUR,Upper-middle,2001,73.3659668,5.7064805,74.61546326,20.720870969999996
Belarus,BLR,EUR,Upper-middle,2002,85.97066498000001,5.62404203,72.53397369000001,23.023611069999998
Belarus,BLR,EUR,Upper-middle,2003,108.51013947000001,5.771031860000001,75.9923172,20.16473579
Belarus,BLR,EUR,Upper-middle,2004,140.99655151,5.736506459999999,76.69067383,19.22298622
Belarus,BLR,EUR,Upper-middle,2005,196.13806152000004,6.070363039999999,74.49913025,21.783041000000004
Belarus,BLR,EUR,Upper-middle,2006,221.70170593000003,5.573663229999999,71.50663757,24.388736719999997
Belarus,BLR,EUR,Upper-middle,2007,278.63424683000005,5.6917243,70.18518065999999,25.79533768
Belarus,BLR,EUR,Upper-middle,2008,348.92633056999995,5.294488910000001,65.78203583,29.839452739999995
Belarus,BLR,EUR,Upper-middle,2009,288.44775390999996,5.3906498,64.56335448999998,30.918169019999993
Belarus,BLR,EUR,Upper-middle,2010,341.13800048999997,5.656943320000001,68.04415894,29.165052410000005
Belarus,BLR,EUR,Upper-middle,2011,317.82492064999997,4.8745274499999995,63.35824965999999,33.58686446999999
Belarus,BLR,EUR,Upper-middle,2012,364.09957886,5.24538946,65.65190125,30.773614880000004
Belarus,BLR,EUR,Upper-middle,2013,454.51959228999993,5.695631029999999,62.656478879999995,33.792121890000004
Belarus,BLR,EUR,Upper-middle,2014,448.27426146999994,5.387921810000002,62.60076523,34.894397739999995
Belarus,BLR,EUR,Upper-middle,2015,360.91937255999994,6.06528044,60.78436279,36.20293045
Belarus,BLR,EUR,Upper-middle,2016,296.94720459000007,5.910541529999999,70.94084167000001,26.714183809999998
Belarus,BLR,EUR,Upper-middle,2017,331.94082641999995,5.759748460000001,69.10973358,27.057556149999993
Belarus,BLR,EUR,Upper-middle,2018,349.99176025,5.526994710000001,70.56275940000002,25.445594789999994
Belarus,BLR,EUR,Upper-middle,2019,400.1162109399999,5.86133814,70.38101959000002,25.690031049999998
Belarus,BLR,EUR,Upper-middle,2020,420.43655396,6.406072139999999,70.88408661,24.76618576
Belarus,BLR,EUR,Upper-middle,2021,484.03930664,6.565499779999998,74.22771454,21.926998140000006
Belarus,BLR,EUR,Upper-middle,2022,529.0187377899999,6.65919876,67.55369567999999,27.618536
Belgium,BEL,EUR,High,2000,1849.91601563,7.999176029999999,74.53091430999999,20.204311369999996
Belgium,BEL,EUR,High,2001,1879.93457031,8.149888989999999,75.33212279999998,19.56598473
Belgium,BEL,EUR,High,2002,2084.7199707,8.3182106,73.72327422999999,20.847337720000002
Belgium,BEL,EUR,High,2003,2814.88037109,9.164434429999998,74.08820343,20.743995669999997
Belgium,BEL,EUR,High,2004,3312.7416992200006,9.32808685,74.96881865999998,19.938501360000004
Belgium,BEL,EUR,High,2005,3405.3017578100007,9.22216892,74.77109527999998,20.007852550000003
Belgium,BEL,EUR,High,2006,3545.2424316400006,9.127864839999997,74.55923462000001,20.207298280000003
Belgium,BEL,EUR,High,2007,4064.07568359,9.134487150000002,74.15681457999999,20.56515503
Belgium,BEL,EUR,High,2008,4652.545898440001,9.593158720000002,75.72202301,19.90612221
Belgium,BEL,EUR,High,2009,4637.450195309999,10.318978309999997,76.27316284000001,19.673250200000002
Belgium,BEL,EUR,High,2010,4530.05810547,10.200097079999999,76.22052002000001,19.724960330000002
Belgium,BEL,EUR,High,2011,4929.19873047,10.361398699999999,76.15605927000001,19.597391130000002
Belgium,BEL,EUR,High,2012,4704.67578125,10.50250053,76.44509124999999,19.444410320000003
Belgium,BEL,EUR,High,2013,4953.98193359,10.574600220000002,75.96309662,19.7401123
Belgium,BEL,EUR,High,2014,5079.825195309999,10.6084671,76.10592651,19.530395509999995
Belgium,BEL,EUR,High,2015,4442.13037109,10.796792030000002,76.36655426,19.01653671
Belgium,BEL,EUR,High,2016,4542.66162109,10.793230059999999,76.75968932999999,18.45969009
Belgium,BEL,EUR,High,2017,4783.80664063,10.801175120000002,76.72293853999999,18.385339740000003
Belgium,BEL,EUR,High,2018,5176.85498047,10.86121368,76.58866119000001,18.48899078
Belgium,BEL,EUR,High,2019,5033.16601563,10.75969219,75.25445557000002,19.742982859999998
Belgium,BEL,EUR,High,2020,5144.981445309999,11.264819149999997,78.12389374,17.18937492
Belgium,BEL,EUR,High,2021,5743.62109375,11.04724503,76.70115661999999,18.77902412
Belgium,BEL,EUR,High,2022,5404.624023440001,10.76192474,75.18476104999999,20.04573441
Bosnia and Herzegovina,BIH,EUR,Upper-middle,2000,106.57869720000001,7.982654570000001,51.16267014,41.988651280000006
Bosnia and Herzegovina,BIH,EUR,Upper-middle,2001,105.10999297999999,7.595615390000001,57.108062739999994,41.35205459999999
Bosnia and Herzegovina,BIH,EUR,Upper-middle,2002,118.87058258000002,7.418444159999998,59.76089478,38.456348420000005
Bosnia and Herzegovina,BIH,EUR,Upper-middle,2003,168.42216492000003,8.30198193,66.16155243,32.549388889999996
Bosnia and Herzegovina,BIH,EUR,Upper-middle,2004,222.27758789,9.062702179999999,56.95884323,42.70067978
Bosnia and Herzegovina,BIH,EUR,Upper-middle,2005,241.64047240999997,9.05223751,54.57805252000001,45.200057980000004
Bosnia and Herzegovina,BIH,EUR,Upper-middle,2006,281.26403809000004,9.17218685,54.562904360000005,44.99708557
Bosnia and Herzegovina,BIH,EUR,Upper-middle,2007,363.8622436499999,9.5306015,55.33281708,44.270668029999996
Bosnia and Herzegovina,BIH,EUR,Upper-middle,2008,459.2917480499999,9.68943882,55.68477249,43.91299438
Bosnia and Herzegovina,BIH,EUR,Upper-middle,2009,409.29098511,9.02212143,68.03462981999999,30.618316650000004
Bosnia and Herzegovina,BIH,EUR,Upper-middle,2010,406.13046264999997,9.01888275,68.0668335,30.07586288
Bosnia and Herzegovina,BIH,EUR,Upper-middle,2011,456.96905518000005,9.178560260000001,67.67098999,29.468484880000005
Bosnia and Herzegovina,BIH,EUR,Upper-middle,2012,444.93655396,9.490015029999999,68.64822387999999,29.212570189999997
Bosnia and Herzegovina,BIH,EUR,Upper-middle,2013,475.0740966799999,9.448864940000004,69.71353149,29.06751633
Bosnia and Herzegovina,BIH,EUR,Upper-middle,2014,493.0733337399999,9.490111350000001,70.36660767,28.92234421
Bosnia and Herzegovina,BIH,EUR,Upper-middle,2015,430.83413695999997,9.240865709999998,69.2173233,28.802711489999997
Bosnia and Herzegovina,BIH,EUR,Upper-middle,2016,450.4415588399999,9.13943481,70.89726257,28.613727570000002
Bosnia and Herzegovina,BIH,EUR,Upper-middle,2017,471.32647705,8.817973140000001,70.12524413999999,29.119092939999994
Bosnia and Herzegovina,BIH,EUR,Upper-middle,2018,529.85546875,8.761004449999998,69.86696624999999,29.31168938
Bosnia and Herzegovina,BIH,EUR,Upper-middle,2019,546.4508667,8.92544365,68.72327422999999,29.352811810000002
Bosnia and Herzegovina,BIH,EUR,Upper-middle,2020,594.8225708,9.70311832,69.60146332000002,28.864459989999993
Bosnia and Herzegovina,BIH,EUR,Upper-middle,2021,697.07427979,9.555143359999999,68.30247497999999,30.714509960000004
Bosnia and Herzegovina,BIH,EUR,Upper-middle,2022,667.29681396,8.716447830000002,65.78981018,30.883108139999997
Bulgaria,BGR,EUR,Upper-middle,2000,94.51976013,5.829709530000001,59.55728912000001,40.3757019
Bulgaria,BGR,EUR,Upper-middle,2001,119.82997894000002,6.85958815,56.073513029999994,43.70613098
Bulgaria,BGR,EUR,Upper-middle,2002,148.14791869999996,7.080986500000002,59.337612150000005,39.79439545
Bulgaria,BGR,EUR,Upper-middle,2003,195.74369811999998,7.19987392,60.716781620000006,38.060829160000004
Bulgaria,BGR,EUR,Upper-middle,2004,233.11332703,6.890908720000001,59.42908096000001,39.203258510000005
Bulgaria,BGR,EUR,Upper-middle,2005,267.74139404000005,6.890114779999999,59.572052000000006,38.86741257
Bulgaria,BGR,EUR,Upper-middle,2006,294.10891724,6.52544546,55.672767640000004,42.647407529999995
Bulgaria,BGR,EUR,Upper-middle,2007,361.2349853500001,6.15651751,55.74913024999999,42.59270096
Bulgaria,BGR,EUR,Upper-middle,2008,455.54058838000003,6.28281593,55.39443970000001,42.62918854000001
Bulgaria,BGR,EUR,Upper-middle,2009,459.30020142,6.59577608,53.80401229999999,44.367343899999995
Bulgaria,BGR,EUR,Upper-middle,2010,484.75228882,7.0947794900000005,55.24332808999999,43.14134216000001
Bulgaria,BGR,EUR,Upper-middle,2011,555.86419678,7.102505679999998,54.134357449999996,44.46372604
Bulgaria,BGR,EUR,Upper-middle,2012,558.6479492200001,7.539036750000001,50.79977798,47.7468071
Bulgaria,BGR,EUR,Upper-middle,2013,547.45483398,7.1416745200000005,56.56290816999999,41.86244583
Bulgaria,BGR,EUR,Upper-middle,2014,605.2589111300001,7.683062080000001,58.23860168,40.240940089999995
Bulgaria,BGR,EUR,Upper-middle,2015,521.4190673800001,7.39363575,55.89729691000001,42.509937289999996
Bulgaria,BGR,EUR,Upper-middle,2016,562.3408203100001,7.45975018,55.13334655999999,43.254714969999995
Bulgaria,BGR,EUR,Upper-middle,2017,624.55499268,7.496244909999999,54.934188840000004,42.19384384
Bulgaria,BGR,EUR,Upper-middle,2018,689.90539551,7.331920149999999,57.63652420000001,39.328437810000004
Bulgaria,BGR,EUR,Upper-middle,2019,697.8961792,7.092376709999999,59.1558342,37.795539860000005
Bulgaria,BGR,EUR,Upper-middle,2020,856.7044067399999,8.482358929999998,59.84018707000001,35.525287629999994
Bulgaria,BGR,EUR,Upper-middle,2021,1047.45739746,8.618927959999997,64.38867187999999,33.72874832
Bulgaria,BGR,EUR,Upper-middle,2022,1011.09472656,7.663575169999999,62.54858397999999,35.07592392
Croatia,HRV,EUR,High,2000,371.06213379,7.652918820000001,85.02520752000001,13.861251830000004
Croatia,HRV,EUR,High,2001,388.32489014,7.171288970000002,82.19972992,14.38989353
Croatia,HRV,EUR,High,2002,386.4440918,6.14294004,79.01168823,18.63236427
Croatia,HRV,EUR,High,2003,512.1521606399999,6.295905589999999,81.33018494,16.642763140000003
Croatia,HRV,EUR,High,2004,634.62036133,6.503860470000001,79.81884003000002,18.121597289999997
Croatia,HRV,EUR,High,2005,727.1310424799999,6.83877182,84.98887633999999,13.390596390000002
Croatia,HRV,EUR,High,2006,816.0170288100002,6.90203142,84.65945434999998,13.314658160000002
Croatia,HRV,EUR,High,2007,1041.03442383,7.38673019,86.43177032000001,12.39423656
Croatia,HRV,EUR,High,2008,1258.87243652,7.631140709999997,83.83042908,14.513908390000001
Croatia,HRV,EUR,High,2009,1187.54528809,8.0626564,82.83022308,13.746627810000001
Croatia,HRV,EUR,High,2010,1126.37365723,7.968719009999998,83.40901947,13.956777569999996
Croatia,HRV,EUR,High,2011,1132.49890137,7.64100933,81.97130585,12.052276609999996
Croatia,HRV,EUR,High,2012,1029.97119141,7.652837279999997,82.65220642,11.47270298
Croatia,HRV,EUR,High,2013,889.94458008,6.4009738,85.05268096999998,8.83127689
Croatia,HRV,EUR,High,2014,909.37164307,6.579618450000001,84.03981780999999,11.275282859999997
Croatia,HRV,EUR,High,2015,795.50836182,6.654698850000001,83.11493682999999,10.945432660000002
Croatia,HRV,EUR,High,2016,840.9012451199999,6.680874350000001,82.84736632999999,10.974081989999998
Croatia,HRV,EUR,High,2017,902.6251831099999,6.611998079999999,82.85182190000002,10.966595649999999
Croatia,HRV,EUR,High,2018,1024.62414551,6.692674639999998,82.45063782000001,11.387254709999999
Croatia,HRV,EUR,High,2019,1040.0856933599998,6.7431674,81.54312896999998,11.4647665
Croatia,HRV,EUR,High,2020,1094.53283691,7.649491790000002,81.77725982999999,10.448821070000001
Croatia,HRV,EUR,High,2021,1384.1191406299997,8.013519290000001,84.10275269,9.39887428
Croatia,HRV,EUR,High,2022,1344.1900634799997,7.21545315,84.46141052,9.1891737
Cyprus,CYP,EUR,High,2000,750.5167236300001,5.308000560000002,41.07523346,55.901912689999996
Cyprus,CYP,EUR,High,2001,782.1616210899999,5.33940458,41.83108902,55.21612929999999
Cyprus,CYP,EUR,High,2002,890.48297119,5.61565971,44.37968063,52.77162169999999
Cyprus,CYP,EUR,High,2003,1145.05847168,5.63568783,43.953319549999996,47.654647829999995
Cyprus,CYP,EUR,High,2004,1286.97155762,5.40558147,41.287109380000004,49.88217926000001
Cyprus,CYP,EUR,High,2005,1366.01708984,5.43580961,41.47130966000001,49.83219910000001
Cyprus,CYP,EUR,High,2006,1474.0206298799997,5.4635748899999985,42.83105469,48.32824707000001
Cyprus,CYP,EUR,High,2007,1694.2718505899998,5.357448580000001,43.162822719999994,48.797611239999995
Cyprus,CYP,EUR,High,2008,2155.2465820299994,6.01427698,41.612037660000006,51.40008163
Cyprus,CYP,EUR,High,2009,2105.4777832,6.465315339999999,42.52925873000001,49.92380523999999
Cyprus,CYP,EUR,High,2010,2045.2923583999996,6.500557419999998,45.74547958,43.10596848
Cyprus,CYP,EUR,High,2011,2114.66894531,6.431390760000001,47.403148650000006,41.374713899999996
Cyprus,CYP,EUR,High,2012,1899.37255859,6.53638792,45.91551971,42.37166595000001
Cyprus,CYP,EUR,High,2013,1916.3226318400004,6.927745340000001,45.556095119999995,42.59913254
Cyprus,CYP,EUR,High,2014,1873.89135742,6.931372640000002,42.51802826000001,45.11090088000001
Cyprus,CYP,EUR,High,2015,1596.2052002,6.79382181,42.05354308999999,43.62483214999999
Cyprus,CYP,EUR,High,2016,1649.4124755899998,6.65254688,42.02684784,44.607013699999996
Cyprus,CYP,EUR,High,2017,1773.41162109,6.62192535,41.47436523000001,44.75834656000001
Cyprus,CYP,EUR,High,2018,2020.73339844,6.82599831,42.026470180000004,44.360958100000005
Cyprus,CYP,EUR,High,2019,2093.0612793,7.06576538,54.16415787000001,33.72646713
Cyprus,CYP,EUR,High,2020,2483.06005859,8.76033878,71.84690857,21.36680603
Cyprus,CYP,EUR,High,2021,3118.2426757799994,9.475521089999997,81.09810637999998,13.753820419999997
Cyprus,CYP,EUR,High,2022,2864.15649414,8.870605470000001,80.12823485999999,14.55644226
Czechia,CZE,EUR,High,2000,342.92108154000005,5.7010302500000005,88.70406341999998,10.1975069
Czechia,CZE,EUR,High,2001,388.54403687,5.862954139999999,87.44812012,10.643266680000002
Czechia,CZE,EUR,High,2002,497.7420349100001,6.177361490000001,88.07415771000002,10.001703260000001
Czechia,CZE,EUR,High,2003,640.66040039,6.52412462,87.48166656,10.36722469
Czechia,CZE,EUR,High,2004,746.3289184600001,6.350710390000001,87.60249329000001,10.70501423
Czechia,CZE,EUR,High,2005,852.65246582,6.340867040000001,85.22625732,11.09285259
Czechia,CZE,EUR,High,2006,942.1180419899999,6.16380167,85.50295258,11.646024700000002
Czechia,CZE,EUR,High,2007,1110.17663574,5.9857840499999995,83.79242706000001,13.631025310000002
Czechia,CZE,EUR,High,2008,1449.33679199,6.330249310000001,80.99499512,16.13297081
Czechia,CZE,EUR,High,2009,1442.24279785,7.248806479999999,82.88338470000001,15.050539020000002
Czechia,CZE,EUR,High,2010,1509.4472656299997,7.553438659999999,84.88095856000002,13.854821209999997
Czechia,CZE,EUR,High,2011,1649.1590576200003,7.5335784000000015,84.51079559000001,14.211621280000003
Czechia,CZE,EUR,High,2012,1509.77526855,7.594098090000001,84.60860442999999,14.216014860000001
Czechia,CZE,EUR,High,2013,1508.79907227,7.49541759,84.45998383,14.331721309999997
Czechia,CZE,EUR,High,2014,1512.5932617199996,7.595101359999998,83.96590423999999,14.458653450000003
Czechia,CZE,EUR,High,2015,1308.8013916,7.3351512,84.34929657000002,14.513741490000001
Czechia,CZE,EUR,High,2016,1374.9005127,7.3930459,84.50603484999999,14.28510857
Czechia,CZE,EUR,High,2017,1516.75012207,7.339114190000001,84.52111816,14.136327739999999
Czechia,CZE,EUR,High,2018,1750.8118896499996,7.46030998,84.65405272999999,14.15549374
Czechia,CZE,EUR,High,2019,1805.44030762,7.6134295499999975,84.55741882,14.309021000000001
Czechia,CZE,EUR,High,2020,2106.28027344,9.15721989,87.97981262,11.076177599999998
Czechia,CZE,EUR,High,2021,2538.03344727,9.452474590000001,86.50693512000001,12.481795309999999
Czechia,CZE,EUR,High,2022,2431.08496094,8.79904652,84.77184296000001,14.28758907
Czechia,CZE,EUR,High,2023,2609.24072266,8.53962803,,14.071750640000001
Denmark,DNK,EUR,High,2000,2496.04711914,8.10438347,83.10736847000001,15.356431959999998
Denmark,DNK,EUR,High,2001,2602.64306641,8.44832516,83.40568542000001,15.11594772
Denmark,DNK,EUR,High,2002,2895.80737305,8.70251179,83.80578613,14.728384969999999
Denmark,DNK,EUR,High,2003,3607.04296875,8.9036293,83.90985107,14.55719471
Denmark,DNK,EUR,High,2004,4194.87353516,9.007431980000002,83.5490799,14.87114048
Denmark,DNK,EUR,High,2005,4442.754882809999,9.090569499999999,83.74406433,14.709207529999997
Denmark,DNK,EUR,High,2006,4778.89208984,9.168795589999998,83.87025452000002,14.52642918
Denmark,DNK,EUR,High,2007,5468.37939453,9.3251543,83.70829773,14.56182575
Denmark,DNK,EUR,High,2008,6137.776367190001,9.511343960000001,84.01986694000001,14.117797849999999
Denmark,DNK,EUR,High,2009,6221.688964839999,10.674320220000002,84.45875548999999,13.684605600000001
Denmark,DNK,EUR,High,2010,6171.28515625,10.607747080000001,84.26644897,13.707771300000001
Denmark,DNK,EUR,High,2011,6438.212402339999,10.407029150000001,83.93601227000002,13.897824289999999
Denmark,DNK,EUR,High,2012,6168.33935547,10.521971699999998,84.36649322999999,13.51348305
Denmark,DNK,EUR,High,2013,6334.415527339999,10.32915878,84.46157073999998,13.347526550000001
Denmark,DNK,EUR,High,2014,6466.89794922,10.30918217,84.44359589,13.33925629
Denmark,DNK,EUR,High,2015,5531.87890625,10.344118120000003,84.25540923999998,13.458594319999998
Denmark,DNK,EUR,High,2016,5624.32861328,10.251620290000002,84.18164825,13.521423339999998
Denmark,DNK,EUR,High,2017,5834.020507809999,10.09825516,83.95670319000001,13.69360352
Denmark,DNK,EUR,High,2018,6232.721679690001,10.09764194,83.74978637999999,13.82407188
Denmark,DNK,EUR,High,2019,6058.830078129999,10.1524353,83.70944214,13.794444080000005
Denmark,DNK,EUR,High,2020,6530.475097660001,10.71854591,83.61240387000001,13.377060890000001
Denmark,DNK,EUR,High,2021,7465.772949219999,10.74728584,84.25262451000002,12.69915009
Denmark,DNK,EUR,High,2022,6456.083984379999,9.4758625,83.95413971,13.027950290000001
Denmark,DNK,EUR,High,2023,6432.37158203,9.417845730000002,,13.84249687
Estonia,EST,EUR,High,2000,209.97769165,5.170290950000001,75.83829497999997,20.33896255
Estonia,EST,EUR,High,2001,214.70417786,4.78060246,78.00038147,19.24532318
Estonia,EST,EUR,High,2002,250.48020935,4.7032947499999995,76.12524413999999,20.558872219999998
Estonia,EST,EUR,High,2003,368.97955322,5.138832570000001,75.57096863,21.095039370000002
Estonia,EST,EUR,High,2004,474.5079650899999,5.33758926,73.50166320999999,22.941972730000003
Estonia,EST,EUR,High,2005,549.63024902,5.295360090000001,73.71082306,23.024869919999997
Estonia,EST,EUR,High,2006,627.1837768600001,4.97390509,74.33226776000001,23.614246369999996
Estonia,EST,EUR,High,2007,866.49945068,5.1845564799999995,74.76808929,22.971578600000004
Estonia,EST,EUR,High,2008,1082.15478516,5.957248689999998,75.64805603,21.392869949999998
Estonia,EST,EUR,High,2009,1006.50708008,6.84477043,76.34546661,21.22938728
Estonia,EST,EUR,High,2010,966.1902465799998,6.59433842,73.40018463,22.81398773
Estonia,EST,EUR,High,2011,1061.1628418,6.078170299999999,74.11393738,22.526813510000004
Estonia,EST,EUR,High,2012,1058.71960449,6.09506845,75.15532684000001,22.540672299999997
Estonia,EST,EUR,High,2013,1194.86206055,6.28062296,74.44730377000002,23.60540962
Estonia,EST,EUR,High,2014,1287.76123047,6.3619995099999995,74.51786041,23.5221653
Estonia,EST,EUR,High,2015,1156.20275879,6.641350270000001,74.43005371000001,23.71892166
Estonia,EST,EUR,High,2016,1226.0859375,6.70240974,74.41002655,23.73811913
Estonia,EST,EUR,High,2017,1350.12646484,6.59727049,73.49200439,24.80668068
Estonia,EST,EUR,High,2018,1553.43347168,6.691281799999999,73.58968353000002,24.5131073
Estonia,EST,EUR,High,2019,1599.3503418000003,6.816991809999999,74.36911011,23.92458153
Estonia,EST,EUR,High,2020,1789.03417969,7.57906437,77.02276610999999,21.42827797
Estonia,EST,EUR,High,2021,2091.15649414,7.478603359999999,76.05378722999998,22.154882429999997
Estonia,EST,EUR,High,2022,1998.88549805,6.987011429999998,74.77701569,23.14767838000001
Finland,FIN,EUR,High,2000,1726.7443847700001,7.092531679999999,75.72886658,21.62706375
Finland,FIN,EUR,High,2001,1810.40380859,7.25090456,76.21708679000001,21.2191143
Finland,FIN,EUR,High,2002,2059.3269043,7.6276950800000005,76.82076262999998,20.744571690000004
Finland,FIN,EUR,High,2003,2613.8457031300004,7.938051700000001,77.31451415999999,20.337226869999995
Finland,FIN,EUR,High,2004,3044.12109375,8.05912876,77.83822632000002,19.85958481
Finland,FIN,EUR,High,2005,3236.8583984399993,8.287956240000002,77.80792999,19.576107030000003
Finland,FIN,EUR,High,2006,3414.94140625,8.2841177,78.74399567,18.81658745
Finland,FIN,EUR,High,2007,3918.64453125,8.08359432,78.62154387999998,18.99827766
Finland,FIN,EUR,High,2008,4486.33789063,8.343106270000002,78.82754517,18.57298851
Finland,FIN,EUR,High,2009,4349.89501953,9.16122341,79.02602386000001,18.31736946
Finland,FIN,EUR,High,2010,4251.52880859,9.142027849999998,78.54332733,18.80395508
Finland,FIN,EUR,High,2011,4717.5078125,9.22303009,79.16613007000002,18.1520462
Finland,FIN,EUR,High,2012,4573.19726563,9.585795399999999,79.80427551,17.46195984
Finland,FIN,EUR,High,2013,4892.03369141,9.80534649,79.46150207999999,17.794473649999993
Finland,FIN,EUR,High,2014,4922.4296875,9.78115082,79.55601501,17.63744736
Finland,FIN,EUR,High,2015,4128.20751953,9.645238879999999,78.56343841999998,18.62889671
Finland,FIN,EUR,High,2016,4108.73974609,9.37796021,77.83334351,19.27291298
Finland,FIN,EUR,High,2017,4235.754882810001,9.12670135,78.01247406,19.04597092
Finland,FIN,EUR,High,2018,4521.276367190001,9.04514217,78.55683136,18.430683140000003
Finland,FIN,EUR,High,2019,4459.9296875,9.17142677,80.19264983999999,17.423994060000002
Finland,FIN,EUR,High,2020,4736.21435547,9.632495879999999,81.3332901,16.46622276
Finland,FIN,EUR,High,2021,5261.90966797,9.83458328,81.34672546000002,16.662948609999997
Finland,FIN,EUR,High,2022,4902.0390625,9.6589222,81.72774505999999,16.098213199999996
France,FRA,EUR,High,2000,2161.85302734,9.584477419999999,72.7290802,7.2734966299999995
France,FRA,EUR,High,2001,2192.71557617,9.705628400000002,72.75836945,7.335739609999999
France,FRA,EUR,High,2002,2449.7583007799994,10.022186279999998,73.00199890000002,7.13796902
France,FRA,EUR,High,2003,3006.3059082,10.08283424,72.63542175,7.376618859999999
France,FRA,EUR,High,2004,3458.62744141,10.164293290000002,72.64557647999999,7.246232029999999
France,FRA,EUR,High,2005,3575.025146480001,10.2148447,72.54794312000001,7.368946550000001
France,FRA,EUR,High,2006,3811.5517578100007,10.385664940000002,71.27339934999999,9.35880566
France,FRA,EUR,High,2007,4312.31054688,10.31564426,71.09663391000001,9.5284071
France,FRA,EUR,High,2008,4807.37451172,10.50084686,70.62645721000001,10.02973175
France,FRA,EUR,High,2009,4737.578125,11.287562370000003,70.67965698,10.166796680000001
France,FRA,EUR,High,2010,4592.38330078,11.22560215,70.44328307999999,10.23503113
France,FRA,EUR,High,2011,4931.877929690001,11.18497562,70.20536041,10.2399416
France,FRA,EUR,High,2012,4644.59570313,11.29740047,70.29095459000001,10.11996078
France,FRA,EUR,High,2013,4884.715820309999,11.39591122,70.22327422999999,10.178253170000001
France,FRA,EUR,High,2014,4974.74658203,11.525314329999999,70.24649811,10.12540627
France,FRA,EUR,High,2015,4198.72900391,11.439854620000002,72.05320739999999,10.03931618
France,FRA,EUR,High,2016,4264.14599609,11.490489959999998,74.8493576,9.88481617
France,FRA,EUR,High,2017,4416.791992190001,11.370637890000003,75.59355927000001,9.895000459999999
France,FRA,EUR,High,2018,4667.95751953,11.21033764,75.53427124,9.74387646
France,FRA,EUR,High,2019,4508.760742190001,11.099384309999998,74.91199492999998,9.70300484
France,FRA,EUR,High,2020,4747.51367188,12.072268489999999,76.59496307000002,8.980093960000001
France,FRA,EUR,High,2021,5376.74560547,12.29229355,75.81291199,8.73827553
France,FRA,EUR,High,2022,4865.17822266,11.8819046,75.42753601000001,8.923134800000001
Georgia,GEO,EUR,Upper-middle,2000,52.25807953000001,7.194592,11.409396170000003,80.98433684999999
Georgia,GEO,EUR,Upper-middle,2001,56.368038179999985,7.169508929999999,15.836552619999997,76.43830109
Georgia,GEO,EUR,Upper-middle,2002,66.08916473,7.81474257,14.35726166,77.12854767
Georgia,GEO,EUR,Upper-middle,2003,80.65425109999998,8.029528619999999,14.285714149999999,79.20792389
Georgia,GEO,EUR,Upper-middle,2004,105.09565735000001,8.089108470000001,14.56548309,79.43696594
Georgia,GEO,EUR,Upper-middle,2005,132.22496033,8.07734203,14.92227936,79.585495
Georgia,GEO,EUR,Upper-middle,2006,152.0617218,7.63208008,15.526802059999998,77.264328
Georgia,GEO,EUR,Upper-middle,2007,195.99089050000003,7.43517828,14.70361805,75.67359161
Georgia,GEO,EUR,Upper-middle,2008,281.84671020999997,8.44424057,18.17632866,66.54589081
Georgia,GEO,EUR,Upper-middle,2009,270.21701049999996,9.566816329999998,21.42453384,68.90898895000001
Georgia,GEO,EUR,Upper-middle,2010,285.15029906999996,8.93945503,21.313131330000004,72.72727203
Georgia,GEO,EUR,Upper-middle,2011,312.96923828000007,7.824054720000001,17.48286057,75.61214447
Georgia,GEO,EUR,Upper-middle,2012,345.60079956,7.8538909000000015,19.44317627,73.43679047
Georgia,GEO,EUR,Upper-middle,2013,355.7394104,7.735602859999998,23.558118820000004,69.07719421000002
Georgia,GEO,EUR,Upper-middle,2014,367.32040405,7.7548704100000005,27.60162544,65.97560883
Georgia,GEO,EUR,Upper-middle,2015,292.76348877,7.29130507,35.56967163,57.32433318999999
Georgia,GEO,EUR,Upper-middle,2016,319.31008911,7.839849000000001,36.6402626,55.51872252999999
Georgia,GEO,EUR,Upper-middle,2017,302.26367187999995,6.95936155,37.21465302,54.76190567
Georgia,GEO,EUR,Upper-middle,2018,329.89413451999997,6.99180031,39.461498260000006,47.66829299999999
Georgia,GEO,EUR,Upper-middle,2019,306.46075439000003,6.59411573,40.81561660999999,46.767753600000006
Georgia,GEO,EUR,Upper-middle,2020,351.94335937999995,8.341601370000001,43.88423538000001,36.06135178000001
Georgia,GEO,EUR,Upper-middle,2021,413.7199707,8.315328599999999,53.372676850000005,31.203706739999994
Georgia,GEO,EUR,Upper-middle,2022,477.7095642100001,7.2556958200000015,42.17724228,40.44641876000001
Germany,DEU,EUR,High,2000,2344.41088867,9.888435359999999,78.20057678,12.164118769999998
Germany,DEU,EUR,High,2001,2346.66918945,9.920691490000001,78.17251587000001,12.16159153
Germany,DEU,EUR,High,2002,2567.50292969,10.183656690000001,77.82165527000002,12.448570249999998
Germany,DEU,EUR,High,2003,3152.79418945,10.402022359999998,77.40776062,12.708652500000001
Germany,DEU,EUR,High,2004,3459.824951169999,10.14603233,75.89346312999999,13.88550091
Germany,DEU,EUR,High,2005,3558.21337891,10.31153965,75.67469025000001,13.978640559999999
Germany,DEU,EUR,High,2006,3698.043701169999,10.17995167,75.23641205,14.36449718
Germany,DEU,EUR,High,2007,4182.91601563,10.05132961,75.16458129999998,14.268144609999998
Germany,DEU,EUR,High,2008,4669.76025391,10.251287459999999,75.27427672999998,13.971377369999999
Germany,DEU,EUR,High,2009,4674.91943359,11.237912179999999,75.65245056,13.745366099999998
Germany,DEU,EUR,High,2010,4611.421875,11.09592915,75.68952179,13.807003019999996
Germany,DEU,EUR,High,2011,5037.49169922,10.778449059999998,75.41264343,13.847976680000002
Germany,DEU,EUR,High,2012,4765.678710940001,10.85345554,75.43839264,14.02465439
Germany,DEU,EUR,High,2013,5100.15234375,10.999057769999999,76.41500091999998,13.189553259999997
Germany,DEU,EUR,High,2014,5309.15478516,11.025882720000002,77.02052307000001,12.87336349
Germany,DEU,EUR,High,2015,4627.27587891,11.190279959999998,76.97098541,12.953360559999997
Germany,DEU,EUR,High,2016,4746.77539063,11.24166584,77.31024932999999,12.82559204
Germany,DEU,EUR,High,2017,5065.43164063,11.32552433,77.67327881,12.68731976
Germany,DEU,EUR,High,2018,5507.676757809999,11.47314644,77.33882904,12.922048570000001
Germany,DEU,EUR,High,2019,5488.53955078,11.715950009999998,77.19599915,13.227934839999998
Germany,DEU,EUR,High,2020,5932.200195309999,12.690225600000002,78.70727538999999,11.991452220000001
Germany,DEU,EUR,High,2021,6638.208007809999,12.901712419999999,79.08522034,11.95167065
Germany,DEU,EUR,High,2022,6182.34375,12.60513115,80.32790374999999,10.73551655
Germany,DEU,EUR,High,2023,6232.591308589999,11.79903221,,11.27757549
Greece,GRC,EUR,High,2000,885.41052246,7.243325709999999,61.622676850000005,36.2721138
Greece,GRC,EUR,High,2001,1004.81542969,7.987839699999999,63.20638275,34.7783165
Greece,GRC,EUR,High,2002,1168.82409668,8.233779909999999,60.457687379999996,37.38019179999999
Greece,GRC,EUR,High,2003,1566.4097900400002,8.449155809999999,59.86405945,37.89956283999999
Greece,GRC,EUR,High,2004,1782.6959228500004,8.093904499999999,58.62460327000001,38.96111298000001
Greece,GRC,EUR,High,2005,1935.26757813,8.56466961,60.834236149999995,36.87524414000001
Greece,GRC,EUR,High,2006,2052.8754882800004,8.25866985,61.60876846000001,36.045104980000005
Greece,GRC,EUR,High,2007,2426.75952148,8.39808273,63.33696365000001,34.22337723
Greece,GRC,EUR,High,2008,2840.5085449199996,8.827741620000001,65.33537292000001,32.20823669
Greece,GRC,EUR,High,2009,2809.0595703100007,9.40688515,68.31940459999998,29.502992630000005
Greece,GRC,EUR,High,2010,2564.36938477,9.59662342,68.9044342,28.25885201
Greece,GRC,EUR,High,2011,2338.91503906,9.193303109999999,65.70301819,31.15847778
Greece,GRC,EUR,High,2012,1948.24853516,8.924155240000001,63.60382080000001,30.448957439999997
Greece,GRC,EUR,High,2013,1832.0296630900004,8.437964440000002,61.39288712,33.739475250000005
Greece,GRC,EUR,High,2014,1700.4943847700001,7.8914113,56.87366104,37.19952773999999
Greece,GRC,EUR,High,2015,1481.41967773,8.220045090000001,57.6655159,36.03439331
Greece,GRC,EUR,High,2016,1513.2591552700003,8.44874573,51.39862061,34.30816269
Greece,GRC,EUR,High,2017,1509.7845459,8.13515854,52.162387849999995,34.995216369999994
Greece,GRC,EUR,High,2018,1603.0778808600003,8.120243069999999,52.164791109999996,36.08007049999999
Greece,GRC,EUR,High,2019,1569.02905273,8.198283200000002,48.76079941000001,33.642723079999996
Greece,GRC,EUR,High,2020,1674.78417969,9.5242157,53.96727370999999,33.44511032
Greece,GRC,EUR,High,2021,1846.37304688,9.184764859999998,59.221668239999985,33.318824770000006
Greece,GRC,EUR,High,2022,1768.1107177700003,8.49983692,54.08523941000001,33.538913730000004
Hungary,HUN,EUR,High,2000,313.10858154000005,6.77804327,68.84632110999999,27.32668304
Hungary,HUN,EUR,High,2001,359.69750977,6.82614756,66.90216064,28.814199449999997
Hungary,HUN,EUR,High,2002,473.12783813000004,7.1210165000000005,69.24012756,27.51259041
Hungary,HUN,EUR,High,2003,682.86566162,8.1208477,69.98189545,26.355197909999998
Hungary,HUN,EUR,High,2004,798.45361328,7.75805521,69.62472534000001,25.832035060000003
Hungary,HUN,EUR,High,2005,895.2033081099999,7.98451281,70.15788269,25.76445388999999
Hungary,HUN,EUR,High,2006,893.20300293,7.77806187,70.35378265000001,25.011341090000002
Hungary,HUN,EUR,High,2007,1003.2580566400002,7.203932759999999,67.78857421999999,26.261238100000003
Hungary,HUN,EUR,High,2008,1117.20227051,7.088396070000002,67.74672699,26.349254610000003
Hungary,HUN,EUR,High,2009,943.6877441400002,7.222217079999998,67.98168182000002,26.234580990000005
Hungary,HUN,EUR,High,2010,983.1108398399999,7.44858313,66.62557220000001,27.41594887
Hungary,HUN,EUR,High,2011,1063.43237305,7.481308940000001,66.21702576,28.216358179999997
Hungary,HUN,EUR,High,2012,961.1383666999998,7.410633090000002,64.8403244,29.37169647
Hungary,HUN,EUR,High,2013,990.6311645500002,7.23441315,66.20976257,28.36042023
Hungary,HUN,EUR,High,2014,1006.1564941400002,7.04665947,66.72171021,28.33863068
Hungary,HUN,EUR,High,2015,870.51940918,6.85402203,67.78527832000002,27.488353730000007
Hungary,HUN,EUR,High,2016,914.1932373,6.987773899999999,67.71111297999998,27.68942833
Hungary,HUN,EUR,High,2017,985.0719604499998,6.74387121,68.46105957000002,27.24947357
Hungary,HUN,EUR,High,2018,1080.44775391,6.57987547,69.22134399,26.788946149999997
Hungary,HUN,EUR,High,2019,1054.28076172,6.281672949999999,68.32543945,27.78665924
Hungary,HUN,EUR,High,2020,1172.83972168,7.28760386,70.47328949,26.147375110000002
Hungary,HUN,EUR,High,2021,1381.62109375,7.3832926799999985,72.22007751,24.640352250000007
Hungary,HUN,EUR,High,2022,1224.4338378899997,6.6898179099999995,72.33684540000002,24.270017619999994
Hungary,HUN,EUR,High,2023,1407.48730469,6.357304099999999,,28.523794169999995
Iceland,ISL,EUR,High,2000,2855.5747070299994,8.89924335,80.77707672,18.01660347
Iceland,ISL,EUR,High,2001,2528.5456543,8.752661709999998,80.64186858999999,18.08239555
Iceland,ISL,EUR,High,2002,3046.81665039,9.40382481,81.37903595,17.303543089999998
Iceland,ISL,EUR,High,2003,3839.694091799999,9.729302409999999,81.27565765000001,17.387647630000004
Iceland,ISL,EUR,High,2004,4414.233398440001,9.32854366,80.94917296999999,17.70444489
Iceland,ISL,EUR,High,2005,5079.68945313,8.94694996,81.00183867999998,17.58861542
Iceland,ISL,EUR,High,2006,4918.233398440001,8.557090760000001,81.58273315000001,16.946323390000003
Iceland,ISL,EUR,High,2007,5803.811523440001,8.353586199999999,82.01760101000002,16.47036171
Iceland,ISL,EUR,High,2008,4749.68408203,8.343708040000001,82.21313477,16.271432880000003
Iceland,ISL,EUR,High,2009,3622.978271480001,8.77518463,81.63837432999999,16.8747921
Iceland,ISL,EUR,High,2010,3614.038330080001,8.36173058,79.86060332999999,18.66119576
Iceland,ISL,EUR,High,2011,3937.31591797,8.25498867,80.13246917999999,18.386455540000004
Iceland,ISL,EUR,High,2012,3784.3837890600007,8.23091221,80.04199219,18.45556641
Iceland,ISL,EUR,High,2013,4095.67626953,8.22651291,80.35533905,18.143053050000002
Iceland,ISL,EUR,High,2014,4522.90576172,8.29044247,80.63890076,17.84677696
Iceland,ISL,EUR,High,2015,4303.84179688,8.131219859999998,80.95484924,17.50760269
Iceland,ISL,EUR,High,2016,5053.51757813,8.15569115,81.64149475,16.746736530000003
Iceland,ISL,EUR,High,2017,5992.053222660001,8.3243084,81.9998703,16.325000759999998
Iceland,ISL,EUR,High,2018,6280.03857422,8.43817616,82.50614166,15.824146269999996
Iceland,ISL,EUR,High,2019,5912.009765629999,8.63996315,82.92933654999999,15.425638199999998
Iceland,ISL,EUR,High,2020,5692.89111328,9.67780685,83.44318390000001,14.870562550000002
Iceland,ISL,EUR,High,2021,6722.421875,9.786970140000001,83.78192139000001,14.543243409999999
Iceland,ISL,EUR,High,2022,6851.629394530001,9.28593922,84.68106842,13.67356491
Iceland,ISL,EUR,High,2023,7196.90917969,8.99166012,,14.37681293
Ireland,IRL,EUR,High,2000,1564.83764648,5.8990282999999994,77.51446533000001,12.117088319999997
Ireland,IRL,EUR,High,2001,1823.7347412099996,6.39249372,78.43862152000001,10.647068019999999
Ireland,IRL,EUR,High,2002,2200.3574218800004,6.672630310000001,78.99121094,10.46707439
Ireland,IRL,EUR,High,2003,2910.93212891,7.007614140000001,78.76317596000001,13.14827919
Ireland,IRL,EUR,High,2004,3483.16064453,7.219729420000002,78.91645050000001,12.218670849999999
Ireland,IRL,EUR,High,2005,3938.1911621099994,7.64242792,78.86785126,13.553004259999998
Ireland,IRL,EUR,High,2006,4147.1328125,7.516469959999999,77.82533264000001,13.929561609999999
Ireland,IRL,EUR,High,2007,4858.64501953,7.807737349999999,79.23339081,11.571236609999998
Ireland,IRL,EUR,High,2008,5638.779296879999,9.125647540000003,79.32147979999999,11.86308861
Ireland,IRL,EUR,High,2009,5502.887695309999,10.522757529999998,77.07170868,12.700527189999999
Ireland,IRL,EUR,High,2010,5133.45507813,10.52404499,76.17775726000002,13.79563713
Ireland,IRL,EUR,High,2011,5545.764160160001,10.5987215,72.06628417999998,13.68123627
Ireland,IRL,EUR,High,2012,5210.36376953,10.621885299999999,71.91573334,13.686410899999998
Ireland,IRL,EUR,High,2013,5313.70947266,10.287164690000001,70.79932403999999,14.032438280000003
Ireland,IRL,EUR,High,2014,5316.26953125,9.49471951,71.20056152000002,14.067304609999997
Ireland,IRL,EUR,High,2015,4575.94482422,7.32119417,71.79323578,13.467374799999998
Ireland,IRL,EUR,High,2016,4726.31298828,7.481896400000001,72.46882628999998,13.091354370000001
Ireland,IRL,EUR,High,2017,5010.25634766,7.1079554599999994,72.97912597999998,12.608476640000001
Ireland,IRL,EUR,High,2018,5187.057617190001,6.47943211,72.99652863,12.583931920000001
Ireland,IRL,EUR,High,2019,5462.73095703,6.715547079999999,74.24878692999998,12.13262558
Ireland,IRL,EUR,High,2020,6098.266601559999,7.063427450000001,78.03440857,10.93066502
Ireland,IRL,EUR,High,2021,6764.25878906,6.59614468,77.39710235999999,10.68828297
Ireland,IRL,EUR,High,2022,6448.021972660001,6.119785310000001,77.35642242,10.673408509999998
Israel,ISR,EUR,High,2000,1473.0091552700003,6.617313389999998,63.100852970000005,29.48983002
Israel,ISR,EUR,High,2001,1509.4450683600003,7.018181320000001,62.681587220000004,30.3302002
Israel,ISR,EUR,High,2002,1355.33447266,6.922675610000001,64.01110077000001,27.842857360000004
Israel,ISR,EUR,High,2003,1384.18737793,6.85543919,62.51268386999999,28.62854767
Israel,ISR,EUR,High,2004,1438.98999023,6.800596709999998,61.77766799999999,28.725488660000003
Israel,ISR,EUR,High,2005,1509.1058349599998,6.9032497400000015,59.93183517,30.243249889999998
Israel,ISR,EUR,High,2006,1555.56396484,6.70972347,62.32134628,25.724103930000002
Israel,ISR,EUR,High,2007,1769.92504883,6.695370670000001,60.59378814999999,26.663242340000004
Israel,ISR,EUR,High,2008,2126.1113281300004,6.828302379999999,61.28447342000002,25.34702873
Israel,ISR,EUR,High,2009,2034.45812988,6.916369440000001,61.21595764,25.418907169999997
Israel,ISR,EUR,High,2010,2237.90795898,6.888175959999998,62.801757810000005,23.811695100000005
Israel,ISR,EUR,High,2011,2442.29052734,6.8391914400000005,62.58883667,23.759344100000003
Israel,ISR,EUR,High,2012,2405.1809082,6.9764852500000005,62.60700607000001,23.408355710000002
Israel,ISR,EUR,High,2013,2673.3371582,6.958152290000001,63.4185791,22.654170990000004
Israel,ISR,EUR,High,2014,2804.2314453100007,7.04530668,63.13245392,23.01003265
Israel,ISR,EUR,High,2015,2645.7885742200006,7.022178170000001,63.41681289999999,22.501026149999998
Israel,ISR,EUR,High,2016,2783.8249511699996,7.09562969,63.31613159000001,22.822607039999998
Israel,ISR,EUR,High,2017,3074.4460449199996,7.17605686,63.88255692,22.431028369999996
Israel,ISR,EUR,High,2018,3199.41625977,7.227994440000001,64.66484833,21.836929320000003
Israel,ISR,EUR,High,2019,3335.2451171899993,7.17438793,64.81515503,21.356327059999998
Israel,ISR,EUR,High,2020,3616.502197269999,7.701201920000001,67.88335419,20.427164080000004
Israel,ISR,EUR,High,2021,4190.61328125,7.671299929999999,67.29943085,20.99524117
Israel,ISR,EUR,High,2022,4223.87255859,7.341618059999999,66.46126556,20.248647690000002
Italy,ITA,EUR,High,2000,1524.2396240200003,7.566655159999999,72.63814545,26.464483259999998
Italy,ITA,EUR,High,2001,1586.67272949,7.7376852,74.62194061,24.476266859999996
Italy,ITA,EUR,High,2002,1762.53759766,7.86693573,74.95858002000003,24.12543297
Italy,ITA,EUR,High,2003,2163.02563477,7.8329772900000005,75.33364867999998,23.718946459999998
Italy,ITA,EUR,High,2004,2565.62744141,8.16549301,76.2440033,22.83263969
Italy,ITA,EUR,High,2005,2677.55224609,8.33931828,77.48857879999998,21.605825420000002
Italy,ITA,EUR,High,2006,2832.69775391,8.436730379999998,77.75046539,21.317445760000002
Italy,ITA,EUR,High,2007,3092.58227539,8.13616276,77.48770904999999,21.515991210000003
Italy,ITA,EUR,High,2008,3504.111572269999,8.53282356,77.67528534,21.339324949999998
Italy,ITA,EUR,High,2009,3337.750732419999,8.951622959999998,78.30512238,20.66364479
Italy,ITA,EUR,High,2010,3217.6828613300004,8.916020390000002,78.45359039,20.54892731
Italy,ITA,EUR,High,2011,3391.9892578100007,8.774070739999999,77.01277923999999,22.02705574
Italy,ITA,EUR,High,2012,3086.30322266,8.78352833,75.87680817,22.084302900000004
Italy,ITA,EUR,High,2013,3149.2426757799994,8.77543831,75.75851440000001,22.226305009999997
Italy,ITA,EUR,High,2014,3154.27587891,8.86791801,75.42493439,22.539964679999997
Italy,ITA,EUR,High,2015,2675.67163086,8.85689163,74.43541717999999,23.466541289999995
Italy,ITA,EUR,High,2016,2699.73291016,8.72533035,74.40103149,23.323398590000004
Italy,ITA,EUR,High,2017,2809.72143555,8.677739140000002,73.73537445,23.806047440000004
Italy,ITA,EUR,High,2018,3002.7612304700006,8.681877140000001,73.86110687,23.55094528
Italy,ITA,EUR,High,2019,2910.64672852,8.65633965,73.74488831,23.46068764
Italy,ITA,EUR,High,2020,3062.0983886699996,9.624859809999998,75.92874908000002,21.45823479
Italy,ITA,EUR,High,2021,3399.85766602,9.343897819999999,74.44884491,22.72460365
Italy,ITA,EUR,High,2022,3134.6806640600007,9.02753067,74.44044495,22.737438199999996
Italy,ITA,EUR,High,2023,3228.43505859,8.51808929,,23.07142067
Kazakhstan,KAZ,EUR,Upper-middle,2000,49.093647,4.160323620000001,50.947517399999995,48.51058578
Kazakhstan,KAZ,EUR,Upper-middle,2001,49.366832730000006,3.470983510000001,56.64579391000001,42.712863920000004
Kazakhstan,KAZ,EUR,Upper-middle,2002,56.880958560000025,3.6148109400000004,53.496059419999995,45.89466095000001
Kazakhstan,KAZ,EUR,Upper-middle,2003,72.90396881000001,3.72334599,54.8608284,44.54787064
Kazakhstan,KAZ,EUR,Upper-middle,2004,108.43821716,3.983079429999999,58.40933228,41.03963089
Kazakhstan,KAZ,EUR,Upper-middle,2005,139.57885742000002,3.9017317299999994,65.03177643,34.412429810000006
Kazakhstan,KAZ,EUR,Upper-middle,2006,170.93653869999997,3.3982489099999995,68.28931427,31.08123398
Kazakhstan,KAZ,EUR,Upper-middle,2007,174.33786011,2.7031488399999994,66.4360733,32.77426147
Kazakhstan,KAZ,EUR,Upper-middle,2008,245.79397583,3.0256981800000005,75.26647186,23.878046039999997
Kazakhstan,KAZ,EUR,Upper-middle,2009,240.99569702,3.47355556,76.78112792999998,22.34545326
Kazakhstan,KAZ,EUR,Upper-middle,2010,240.61492919999995,2.73641348,67.38729858,27.295833589999994
Kazakhstan,KAZ,EUR,Upper-middle,2011,293.73300171,2.60236716,70.79852294999999,24.598047259999998
Kazakhstan,KAZ,EUR,Upper-middle,2012,365.04208373999995,3.0372595799999997,68.14989471000001,27.820343020000003
Kazakhstan,KAZ,EUR,Upper-middle,2013,358.9134216300001,2.66286707,69.36116028,25.955278399999997
Kazakhstan,KAZ,EUR,Upper-middle,2014,369.68508911,2.97468472,71.71561432000001,23.801914219999997
Kazakhstan,KAZ,EUR,Upper-middle,2015,310.01428223000005,3.04051137,63.14421843999999,32.09503555
Kazakhstan,KAZ,EUR,Upper-middle,2016,255.84049988,3.42235589,59.615417479999984,35.67286301000001
Kazakhstan,KAZ,EUR,Upper-middle,2017,272.98272705,3.05244446,62.005077359999994,33.14392471
Kazakhstan,KAZ,EUR,Upper-middle,2018,266.92147826999997,2.8178606000000004,60.83679198999998,33.47025298999999
Kazakhstan,KAZ,EUR,Upper-middle,2019,263.61331177,2.7874569899999995,59.93826294,33.863826749999994
Kazakhstan,KAZ,EUR,Upper-middle,2020,329.57086182,3.7530095599999997,65.80332184,27.74455261
Kazakhstan,KAZ,EUR,Upper-middle,2021,391.8153686499999,3.92458963,65.33066559,25.03029823
Kazakhstan,KAZ,EUR,Upper-middle,2022,420.9798278800001,3.7402675200000006,61.53365326000001,30.874017719999994
Kyrgyzstan,KGZ,EUR,Lower-middle,2000,12.034947400000002,4.414149759999999,48.35355376999999,51.646446230000016
Kyrgyzstan,KGZ,EUR,Lower-middle,2001,12.878454210000001,4.27703238,46.83544159,53.16455841
Kyrgyzstan,KGZ,EUR,Lower-middle,2002,14.4122982,4.59219551,48.33863068000001,51.66136931999999
Kyrgyzstan,KGZ,EUR,Lower-middle,2003,21.68980598,5.823821070000001,38.91859055,51.079368589999994
Kyrgyzstan,KGZ,EUR,Lower-middle,2004,26.373023990000007,6.202813149999999,37.67674636999999,46.596138
Kyrgyzstan,KGZ,EUR,Lower-middle,2005,34.93693161,7.45010662,50.990524289999996,42.56970215
Kyrgyzstan,KGZ,EUR,Lower-middle,2006,44.5950737,8.3118391,50.67200089,39.18014526
Kyrgyzstan,KGZ,EUR,Lower-middle,2007,49.61043167000001,6.93210649,44.50760651,42.91151428
Kyrgyzstan,KGZ,EUR,Lower-middle,2008,62.77722549,6.525118829999999,44.380306239999996,48.67649078000001
Kyrgyzstan,KGZ,EUR,Lower-middle,2009,59.93972397,6.89873457,50.454406739999996,38.58998489
Kyrgyzstan,KGZ,EUR,Lower-middle,2010,60.67642975,6.950271609999999,49.13737106000001,43.09150314
Kyrgyzstan,KGZ,EUR,Lower-middle,2011,78.73632812999999,7.107291699999999,51.96281815,43.54013823999999
Kyrgyzstan,KGZ,EUR,Lower-middle,2012,98.66984558,8.50966358,49.60250473,43.24369431
Kyrgyzstan,KGZ,EUR,Lower-middle,2013,103.59188842999997,8.187451359999999,48.206222530000005,46.41520691000001
Kyrgyzstan,KGZ,EUR,Lower-middle,2014,93.15830994000001,7.357664590000001,37.36301804,56.32425689999999
Kyrgyzstan,KGZ,EUR,Lower-middle,2015,79.54891205,7.14930916,37.928531650000004,54.539772029999995
Kyrgyzstan,KGZ,EUR,Lower-middle,2016,71.52179718,6.412482259999999,38.943328859999994,57.21311569000001
Kyrgyzstan,KGZ,EUR,Lower-middle,2017,76.60479735999999,6.185863490000001,37.95225525,56.37662888
Kyrgyzstan,KGZ,EUR,Lower-middle,2018,65.34625244,5.010309220000001,48.3945961,46.619812010000004
Kyrgyzstan,KGZ,EUR,Lower-middle,2019,61.39657973999999,4.25461817,51.421772,46.181427
Kyrgyzstan,KGZ,EUR,Lower-middle,2020,61.40720367,4.94803715,44.835510250000006,45.90539932
Kyrgyzstan,KGZ,EUR,Lower-middle,2021,72.58777617999998,5.352754119999999,55.27408217999998,39.05362701
Kyrgyzstan,KGZ,EUR,Lower-middle,2022,85.87857055999999,4.9225888300000005,53.69977951,38.35810471
Latvia,LVA,EUR,High,2000,181.57072449,5.43338442,50.75323105,47.659114839999994
Latvia,LVA,EUR,High,2001,205.02047729,5.770044329999999,48.73086166,48.85079193
Latvia,LVA,EUR,High,2002,237.29516601999995,5.76281166,49.57962036,47.58166504
Latvia,LVA,EUR,High,2003,280.50878905999997,5.4793458,49.82992553999999,48.562362670000006
Latvia,LVA,EUR,High,2004,393.29806519,6.202213290000001,56.17494583,40.63125992
Latvia,LVA,EUR,High,2005,440.8097229000001,5.83247328,55.69818497,41.69103241
Latvia,LVA,EUR,High,2006,552.30163574,5.704383850000001,61.535598750000005,35.59818268
Latvia,LVA,EUR,High,2007,775.19146729,5.51350451,60.89078522000001,36.82770538
Latvia,LVA,EUR,High,2008,913.5214843799998,5.584783079999999,60.32690047999999,37.30623626999999
Latvia,LVA,EUR,High,2009,744.6616210899999,6.097594740000001,59.64879990000001,38.7826767
Latvia,LVA,EUR,High,2010,689.07720947,6.097434999999999,60.18484116,37.185649870000006
Latvia,LVA,EUR,High,2011,764.5917968799998,5.7240104700000005,63.49742889,34.296752930000004
Latvia,LVA,EUR,High,2012,745.5174560499999,5.4104766799999995,60.34782791,37.82342148000001
Latvia,LVA,EUR,High,2013,807.1300048800001,5.40874767,60.01409149,38.47148513999999
Latvia,LVA,EUR,High,2014,856.76654053,5.463396070000001,59.67239761,39.106006619999995
Latvia,LVA,EUR,High,2015,775.86431885,5.65211773,58.67530441000001,40.46530914
Latvia,LVA,EUR,High,2016,874.7977294899999,6.1332593,55.84832764,43.32296753000001
Latvia,LVA,EUR,High,2017,932.50158691,5.96542788,57.165512079999985,41.788330079999994
Latvia,LVA,EUR,High,2018,1101.4924316399997,6.188678740000002,59.71597290000001,39.17964172
Latvia,LVA,EUR,High,2019,1183.1151123,6.63697243,59.857082370000015,35.10500336
Latvia,LVA,EUR,High,2020,1313.35412598,7.285205840000001,63.4407692,31.873916630000004
Latvia,LVA,EUR,High,2021,1897.9527587900004,9.109953879999999,69.32985687,26.982387539999998
Latvia,LVA,EUR,High,2022,1642.4713134799997,7.621684070000001,64.72911835000001,30.74036026
Lithuania,LTU,EUR,High,2000,217.17613219999993,6.1995043800000005,67.25701141,27.152166369999996
Lithuania,LTU,EUR,High,2001,218.81802367999998,6.0133962599999995,70.20442962999999,27.585393910000004
Lithuania,LTU,EUR,High,2002,254.36688232,6.14446115,72.81347656,25.60276031
Lithuania,LTU,EUR,High,2003,338.86306762999993,6.18627787,74.31488037,24.181491849999997
Lithuania,LTU,EUR,High,2004,366.9596862800001,5.511499880000001,62.62706757000002,32.919692989999994
Lithuania,LTU,EUR,High,2005,438.93267821999996,5.648004530000001,60.704540250000015,32.77876663000001
Lithuania,LTU,EUR,High,2006,536.0573730499999,5.844181539999999,62.42897034,31.855606079999994
Lithuania,LTU,EUR,High,2007,704.29315186,5.7643218,65.83148956,28.403993610000008
Lithuania,LTU,EUR,High,2008,936.5093383799998,6.29453707,70.72186279,28.17394638
Lithuania,LTU,EUR,High,2009,864.7363891600002,7.36587334,71.87563324,26.817081449999996
Lithuania,LTU,EUR,High,2010,805.2244872999999,6.814622879999999,71.08982086,27.591079709999995
Lithuania,LTU,EUR,High,2011,925.47161865,6.487815379999999,70.33172607,28.221281050000005
Lithuania,LTU,EUR,High,2012,896.9370727500002,6.2759347000000005,66.61579895,31.800838469999995
Lithuania,LTU,EUR,High,2013,958.92718506,6.125936509999999,65.59049988,32.82086945
Lithuania,LTU,EUR,High,2014,1021.23297119,6.1933264700000015,66.57397461000001,31.49276161000001
Lithuania,LTU,EUR,High,2015,920.19976807,6.49043989,66.08770752000001,31.83712196
Lithuania,LTU,EUR,High,2016,988.5279541,6.637462619999999,65.75756073,32.31705092999999
Lithuania,LTU,EUR,High,2017,1078.17138672,6.4444623000000005,65.46350097999999,32.27551651
Lithuania,LTU,EUR,High,2018,1249.0310058600003,6.53038597,65.99188232,31.515785219999998
Lithuania,LTU,EUR,High,2019,1369.97949219,6.98445415,65.08876801000001,32.27022552
Lithuania,LTU,EUR,High,2020,1520.3922119100002,7.4743971799999995,68.69542694,28.66090393
Lithuania,LTU,EUR,High,2021,1854.28051758,7.759702209999998,67.40434265000002,29.93124008000001
Lithuania,LTU,EUR,High,2022,1829.6632080099996,7.243350029999999,65.32225037,31.830369949999998
Lithuania,LTU,EUR,High,2023,1988.9466552700003,7.29381466,,31.830369949999998
Luxembourg,LUX,EUR,High,2000,2901.1999511699996,5.92533875,83.24607086,14.250881199999998
Luxembourg,LUX,EUR,High,2001,3109.20141602,6.381939409999999,84.04717255,13.6576767
Luxembourg,LUX,EUR,High,2002,3600.8674316400006,6.760999679999999,83.96315001999999,13.861738199999996
Luxembourg,LUX,EUR,High,2003,4607.40283203,6.962214470000001,83.86483765,13.255093570000003
Luxembourg,LUX,EUR,High,2004,5610.353515629999,7.2793355,84.49659728999998,12.77582836
Luxembourg,LUX,EUR,High,2005,5818.145996089999,7.123281959999998,84.14559173999999,12.928187370000003
Luxembourg,LUX,EUR,High,2006,6070.735839839999,6.636421199999999,83.77575684,13.376278879999997
Luxembourg,LUX,EUR,High,2007,6671.26513672,6.158030990000001,85.3579483,10.30741978
Luxembourg,LUX,EUR,High,2008,7578.749511719999,6.23101091,87.64614105000001,10.06149197
Luxembourg,LUX,EUR,High,2009,7670.59375,6.949931619999999,86.7148056,9.895283699999997
Luxembourg,LUX,EUR,High,2010,7459.835449219999,6.66263008,85.93012237999999,10.23186111
Luxembourg,LUX,EUR,High,2011,7174.73925781,5.95225334,83.41192627000001,10.880653379999998
Luxembourg,LUX,EUR,High,2012,6029.474609379999,5.294043060000002,83.63431548999999,11.469619750000001
Luxembourg,LUX,EUR,High,2013,6356.64453125,5.23557377,83.86051178,11.199339870000001
Luxembourg,LUX,EUR,High,2014,6547.03466797,5.230409150000001,84.26283264000001,11.07252598
Luxembourg,LUX,EUR,High,2015,5421.932128910001,5.08113575,84.50590515,10.71509171
Luxembourg,LUX,EUR,High,2016,5475.139648440001,5.0710387200000016,84.4362793,10.744437220000002
Luxembourg,LUX,EUR,High,2017,5713.118652339999,5.1353535699999995,84.78167725,10.661264420000002
Luxembourg,LUX,EUR,High,2018,6227.083984379999,5.27988529,84.92115021000002,10.43567467
Luxembourg,LUX,EUR,High,2019,6221.73876953,5.46495819,85.87232971,9.58771706
Luxembourg,LUX,EUR,High,2020,6785.86230469,5.76488066,87.36024475,8.387290949999999
Luxembourg,LUX,EUR,High,2021,7632.572753910002,5.66065645,87.04403687000001,8.798368450000002
Luxembourg,LUX,EUR,High,2022,7022.626953129999,5.551547529999999,87.08268738,8.66778374
Luxembourg,LUX,EUR,High,2023,7504.58496094,5.78284121,87.15292357999999,8.70916843
Malta,MLT,EUR,High,2000,647.10150146,6.573086259999999,71.79486847000001,26.373626709999996
Malta,MLT,EUR,High,2001,685.98400879,6.999859809999999,68.66666412000001,29.66666603
Malta,MLT,EUR,High,2002,830.6463012700002,7.706616879999999,70.40229796999999,28.735631939999998
Malta,MLT,EUR,High,2003,1074.09313965,7.89556122,69.84127045,28.835979460000004
Malta,MLT,EUR,High,2004,1223.8574218799997,8.04820728,69.54314422999998,28.172588349999995
Malta,MLT,EUR,High,2005,1379.6864013700003,8.66396618,69.1275177,28.859060290000002
Malta,MLT,EUR,High,2006,1474.48449707,8.809920309999999,68.48739624,29.62184906
Malta,MLT,EUR,High,2007,1596.12316895,8.16883373,66.80760956,31.07822418
Malta,MLT,EUR,High,2008,1751.16503906,7.86335802,64.75409698,32.99180222
Malta,MLT,EUR,High,2009,1677.36230469,7.92382908,64.91935729999999,32.459678649999994
Malta,MLT,EUR,High,2010,1733.6688232400004,7.9521112400000025,64.57564545,33.02582932
Malta,MLT,EUR,High,2011,1960.0611572299997,8.448141099999999,64.44444275,33.162391660000004
Malta,MLT,EUR,High,2012,1898.6014404299997,8.378029819999998,65.64019775,32.09076308999999
Malta,MLT,EUR,High,2013,2121.08227539,8.496658329999999,67.55555725,30.22222137
Malta,MLT,EUR,High,2014,2456.43481445,9.08505249,61.61485672000001,36.46775818
Malta,MLT,EUR,High,2015,2243.46704102,8.89759636,60.83222961,37.21007919
Malta,MLT,EUR,High,2016,2321.15332031,8.96600914,63.028240200000006,35.12796402
Malta,MLT,EUR,High,2017,2551.71606445,8.73092651,62.896999359999995,35.224639890000006
Malta,MLT,EUR,High,2018,2753.5109863300004,8.507384300000002,63.47786331,34.29564285
Malta,MLT,EUR,High,2019,2943.6320800800004,9.07641315,62.51036835000001,34.13107681
Malta,MLT,EUR,High,2020,3135.4052734399993,10.601378440000001,66.6924057,30.303609850000004
Malta,MLT,EUR,High,2021,3641.619384769999,10.363624569999999,67.36936951,29.668598179999996
Malta,MLT,EUR,High,2022,3352.77490234,9.52376747,67.01004027999998,30.023075100000007
Monaco,MCO,EUR,High,2000,2968.43188477,3.6951785100000003,80.03048706,7.012195109999999
Monaco,MCO,EUR,High,2001,3047.7609863300004,3.7539079200000005,80.09584808,6.93625069
Monaco,MCO,EUR,High,2002,3359.671875,3.8086042399999998,80.19763946999998,6.817985059999998
Monaco,MCO,EUR,High,2003,4822.00146484,4.43205786,80.99772644,5.88835192
Monaco,MCO,EUR,High,2004,5671.208496089999,4.52466917,81.11898040999998,5.747474669999999
Monaco,MCO,EUR,High,2005,5876.081054690001,4.503203869999999,81.06395721000001,5.811399939999999
Monaco,MCO,EUR,High,2006,6140.177734379999,4.29524565,80.83707428,6.07501459
Monaco,MCO,EUR,High,2007,7025.236816410002,3.8115613500000003,80.18663788,6.830765249999999
Monaco,MCO,EUR,High,2008,8307.685546879999,4.08357811,80.54279327000002,6.416943069999999
Monaco,MCO,EUR,High,2009,8157.435058589998,4.841959479999999,81.32985687,5.502449039999999
Monaco,MCO,EUR,High,2010,8016.669921879999,4.95791674,81.44243622,5.371645450000001
Monaco,MCO,EUR,High,2011,8302.794921879999,4.6350121500000006,81.15370178,5.70712757
Monaco,MCO,EUR,High,2012,7868.831542969999,4.7558527,81.30145264000001,5.53545141
Monaco,MCO,EUR,High,2013,8455.65527344,4.573418139999999,81.11894226000001,5.747511860000001
Monaco,MCO,EUR,High,2014,8678.04394531,4.44085073,81.00167847,5.88376808
Monaco,MCO,EUR,High,2015,7348.517089839998,4.315446379999999,80.87979889,6.025374889999999
Monaco,MCO,EUR,High,2016,7149.518066410002,4.1246705100000005,86.6462326,6.329380039999998
Monaco,MCO,EUR,High,2017,7098.205078129999,4.15852451,86.91257477000002,6.24558544
Monaco,MCO,EUR,High,2018,7616.035644530001,4.04578018,86.84255219,6.40742922
Monaco,MCO,EUR,High,2019,7512.531738280001,3.87726593,86.17485045999999,6.652085300000001
Monaco,MCO,EUR,High,2020,7579.644042969999,4.27929592,88.02817535,5.98073864
Monaco,MCO,EUR,High,2021,8222.6640625,3.6725206399999997,89.75241089,6.8874712
Monaco,MCO,EUR,High,2022,7655.94042969,3.39779735,86.65362548999998,7.5600585900000015
Montenegro,MNE,EUR,Upper-middle,2011,571.65600586,7.96692181,60.97185898,38.80132294
Montenegro,MNE,EUR,Upper-middle,2012,535.1622314499999,8.29550457,63.949523929999984,35.914051060000006
Montenegro,MNE,EUR,Upper-middle,2013,597.1759643600001,8.47144604,57.8139801,42.07717514000001
Montenegro,MNE,EUR,Upper-middle,2014,581.40106201,8.000867840000002,60.700473790000004,39.115192410000006
Montenegro,MNE,EUR,Upper-middle,2015,582.18743896,9.02188778,59.80591202000001,37.72554778999999
Montenegro,MNE,EUR,Upper-middle,2016,604.88665771,8.633029940000004,60.117183690000005,38.233486179999986
Montenegro,MNE,EUR,Upper-middle,2017,623.68841553,7.982553959999999,57.39429474,42.16569138000001
Montenegro,MNE,EUR,Upper-middle,2018,745.7520752000001,8.34355545,59.551227570000016,39.610855099999995
Montenegro,MNE,EUR,Upper-middle,2019,754.7744140600001,8.32983208,60.83509064,38.556289670000005
Montenegro,MNE,EUR,Upper-middle,2020,896.2488403299998,11.421775819999997,62.46549606000001,36.549625400000004
Montenegro,MNE,EUR,Upper-middle,2021,1024.2565917999998,10.552535059999999,61.17606354000001,38.08446884
Montenegro,MNE,EUR,Upper-middle,2022,1107.0644531299997,10.92241859,62.97407912999999,36.73978423999999
Netherlands (Kingdom of the),NLD,EUR,High,2000,2028.1813964799999,7.7069602,68.90573120000002,11.031691550000001
Netherlands (Kingdom of the),NLD,EUR,High,2001,2175.73046875,8.05945873,69.50331116,10.46682262
Netherlands (Kingdom of the),NLD,EUR,High,2002,2544.81347656,8.649131769999999,69.83896637000001,9.81220055
Netherlands (Kingdom of the),NLD,EUR,High,2003,3244.3564453100007,9.05657101,70.04069519,9.60532284
Netherlands (Kingdom of the),NLD,EUR,High,2004,3689.46435547,9.110764499999998,68.46667479999999,9.9601841
Netherlands (Kingdom of the),NLD,EUR,High,2005,3823.48095703,9.096668240000001,68.29701233,9.885855670000002
Netherlands (Kingdom of the),NLD,EUR,High,2006,4080.2197265600007,9.08055115,65.99661254999998,8.32705307
Netherlands (Kingdom of the),NLD,EUR,High,2007,4696.141601559999,9.05292606,65.87336731,7.88896227
Netherlands (Kingdom of the),NLD,EUR,High,2008,5382.44580078,9.276604650000001,67.56720734,9.92371464
Netherlands (Kingdom of the),NLD,EUR,High,2009,5282.743164059999,9.992926599999999,68.05413055,9.06950665
Netherlands (Kingdom of the),NLD,EUR,High,2010,5191.69384766,10.155087470000002,68.41934967,9.095670699999998
Netherlands (Kingdom of the),NLD,EUR,High,2011,5562.12109375,10.23357868,68.37503052,9.482382770000001
Netherlands (Kingdom of the),NLD,EUR,High,2012,5284.64990234,10.538987160000001,68.46227264000001,10.09067631
Netherlands (Kingdom of the),NLD,EUR,High,2013,5532.72607422,10.58363628,69.00616455000001,11.53488541
Netherlands (Kingdom of the),NLD,EUR,High,2014,5601.885742190001,10.567037580000001,67.83157349,11.587565419999999
Netherlands (Kingdom of the),NLD,EUR,High,2015,4676.56201172,10.32393837,66.05368042,11.286428449999999
Netherlands (Kingdom of the),NLD,EUR,High,2016,4644.02099609,10.05679512,66.05368042,11.286428449999999
Netherlands (Kingdom of the),NLD,EUR,High,2017,4934.575195309999,10.1082983,64.32305145000001,11.04886436
Netherlands (Kingdom of the),NLD,EUR,High,2018,5330.66015625,10.019935610000001,65.72924042000001,10.791329379999999
Netherlands (Kingdom of the),NLD,EUR,High,2019,5340.61279297,10.140396120000002,65.99391174,10.423666
Netherlands (Kingdom of the),NLD,EUR,High,2020,5865.905273440001,11.22355747,68.93029785000002,9.279746059999999
Netherlands (Kingdom of the),NLD,EUR,High,2021,6554.96826172,11.124907490000002,69.79412079,9.369966510000001
Netherlands (Kingdom of the),NLD,EUR,High,2022,5796.03466797,10.10068321,68.53542328,10.022722239999998
North Macedonia,MKD,EUR,Upper-middle,2000,162.68013000000002,8.869915010000001,53.12498474,42.086738589999996
North Macedonia,MKD,EUR,Upper-middle,2001,150.4312439,8.381591799999999,54.38128281,42.38284301999999
North Macedonia,MKD,EUR,Upper-middle,2002,172.87971497000004,8.97826958,52.6941452,42.570026399999996
North Macedonia,MKD,EUR,Upper-middle,2003,214.29603577000003,9.00857735,54.992771149999996,43.79019547
North Macedonia,MKD,EUR,Upper-middle,2004,230.68000793000002,8.46505451,55.75329208000001,42.532657619999995
North Macedonia,MKD,EUR,Upper-middle,2005,229.81243896,7.67907524,56.98302841000001,41.23845673000001
North Macedonia,MKD,EUR,Upper-middle,2006,242.60142517,7.383145809999999,57.09085083,37.00005722
North Macedonia,MKD,EUR,Upper-middle,2007,263.25378418,6.570653439999998,61.48728561,37.28580475
North Macedonia,MKD,EUR,Upper-middle,2008,313.61117554000003,6.55317593,64.58731842,32.02929306
North Macedonia,MKD,EUR,Upper-middle,2009,297.88058472,6.528463839999999,62.67918014999999,34.79013823999999
North Macedonia,MKD,EUR,Upper-middle,2010,308.09429932,6.713696959999998,60.57292557000001,37.78863525
North Macedonia,MKD,EUR,Upper-middle,2011,335.13171386999994,6.5188736899999995,62.233970639999995,35.79779053000001
North Macedonia,MKD,EUR,Upper-middle,2012,317.97830200000004,6.614683629999999,62.511741640000004,35.24374389999999
North Macedonia,MKD,EUR,Upper-middle,2013,361.13168335,6.71928358,65.64761353,33.707164760000005
North Macedonia,MKD,EUR,Upper-middle,2014,357.63867187999995,6.28993368,63.89248657,34.97661972
North Macedonia,MKD,EUR,Upper-middle,2015,322.25213623,6.34227896,64.94879913,34.26193237
North Macedonia,MKD,EUR,Upper-middle,2016,347.4427185099999,6.379433630000001,63.654331209999995,35.320014949999994
North Macedonia,MKD,EUR,Upper-middle,2017,375.33038329999994,6.439094539999999,58.342819209999995,41.04214478
North Macedonia,MKD,EUR,Upper-middle,2018,426.57290649000004,6.456993580000001,58.18969727000001,41.233173369999996
North Macedonia,MKD,EUR,Upper-middle,2019,469.47344971,7.066541190000001,60.24808502,39.088062289999996
North Macedonia,MKD,EUR,Upper-middle,2020,510.81011963000003,7.732123850000001,60.39568710000001,38.871906280000005
North Macedonia,MKD,EUR,Upper-middle,2021,636.65447998,8.5240345,54.48571014,41.73991013000001
North Macedonia,MKD,EUR,Upper-middle,2022,561.69281006,7.6204114,56.88064957,40.21560669
Norway,NOR,EUR,High,2000,2948.93164063,7.702705859999999,81.68249512,17.94157028
Norway,NOR,EUR,High,2001,3099.0034179700006,8.00972462,82.80008697999999,16.95686531
Norway,NOR,EUR,High,2002,3889.95947266,8.982670780000001,82.88494109999999,16.82538414
Norway,NOR,EUR,High,2003,4632.56835938,9.19355106,83.16679382,16.598800660000002
Norway,NOR,EUR,High,2004,5097.34423828,8.79598331,83.01723480000001,16.762142180000005
Norway,NOR,EUR,High,2005,5584.688964839999,8.29899502,83.05115509,16.714132309999997
Norway,NOR,EUR,High,2006,5892.987304690001,7.882299900000001,83.34159851000001,16.45254898
Norway,NOR,EUR,High,2007,6895.560058589998,8.01673985,83.70109558,16.07217407
Norway,NOR,EUR,High,2008,7768.050292969999,7.915076729999998,84.13493346999999,15.656921389999999
Norway,NOR,EUR,High,2009,7301.95996094,9.03254128,84.43603515999999,15.254483220000001
Norway,NOR,EUR,High,2010,7859.516113280001,8.858115199999999,84.68054962000002,15.0464716
Norway,NOR,EUR,High,2011,8900.37207031,8.73474026,84.42308044,15.209827419999996
Norway,NOR,EUR,High,2012,8970.119140630002,8.72188568,84.75522613999999,14.80008125
Norway,NOR,EUR,High,2013,9241.265625,8.87431335,85.02293396000002,14.594196319999998
Norway,NOR,EUR,High,2014,9116.37792969,9.28297901,85.28894042999998,14.37853241
Norway,NOR,EUR,High,2015,7566.56152344,10.069922449999998,85.51459503,14.142769809999999
Norway,NOR,EUR,High,2016,7492.076660160002,10.530497550000003,85.37944793999999,14.270998949999997
Norway,NOR,EUR,High,2017,7815.787109379999,10.22983646,85.1206665,14.511925699999997
Norway,NOR,EUR,High,2018,8271.859375,9.96037865,85.70349884,13.968633649999997
Norway,NOR,EUR,High,2019,8007.35546875,10.43807507,85.71699523999999,13.918726919999997
Norway,NOR,EUR,High,2020,7824.57714844,11.424163819999999,85.96683501999999,13.78762722
Norway,NOR,EUR,High,2021,9163.138671880002,9.814264300000001,85.90119171,13.852560040000004
Norway,NOR,EUR,High,2022,8692.576171880002,7.948033330000001,85.67820739999999,14.07542992
Poland,POL,EUR,High,2000,238.00448608000002,5.287895679999999,68.21466827000002,31.120038989999994
Poland,POL,EUR,High,2001,282.82101439999997,5.66721439,70.34227753000002,28.978145599999998
Poland,POL,EUR,High,2002,315.83145141999995,6.06724358,69.95567322,26.449399950000004
Poland,POL,EUR,High,2003,339.33520508000004,5.953712939999999,68.57601929,27.58094215
Poland,POL,EUR,High,2004,392.00338745,5.868452070000001,67.46142578000001,29.44409943
Poland,POL,EUR,High,2005,465.7001953100001,5.806891439999999,68.52230834999999,27.74561501
Poland,POL,EUR,High,2006,524.0974731399999,5.80280542,68.97801971000001,27.105726240000003
Poland,POL,EUR,High,2007,660.9246826199999,5.873392109999999,69.6861496,26.29073715
Poland,POL,EUR,High,2008,892.59698486,6.37592173,71.20513152999999,24.43056297
Poland,POL,EUR,High,2009,759.60577393,6.587708000000001,71.74530792,24.360237119999997
Poland,POL,EUR,High,2010,809.19940186,6.46800566,71.35003662,23.7143631
Poland,POL,EUR,High,2011,866.09466553,6.28671598,71.02577209,23.95442009
Poland,POL,EUR,High,2012,815.1418457000002,6.265242099999999,69.82838440000002,24.264167790000002
Poland,POL,EUR,High,2013,878.0883789100001,6.48017406,70.29511261,23.64557266
Poland,POL,EUR,High,2014,911.2981567399999,6.426795479999998,69.93572234999999,22.737462999999998
Poland,POL,EUR,High,2015,803.9596557600001,6.4041624100000005,69.33325957999999,23.03758621
Poland,POL,EUR,High,2016,816.0861816400002,6.592104910000001,68.64382934999999,22.74558067
Poland,POL,EUR,High,2017,909.57818604,6.58342791,68.82284546000001,22.73643494
Poland,POL,EUR,High,2018,978.7356567399999,6.3129096,71.08643341,20.420331949999998
Poland,POL,EUR,High,2019,1014.0382080100001,6.46008492,71.38498688,20.09078407
Poland,POL,EUR,High,2020,1025.98486328,6.496779919999999,71.89422607,19.53498077
Poland,POL,EUR,High,2021,1183.30236816,6.43857718,72.10265349999999,19.84747887
Poland,POL,EUR,High,2022,1193.13061523,6.39626455,73.23240661999999,18.839151380000004
Poland,POL,EUR,High,2023,1543.71240234,7.00451565,,16.189479830000003
Portugal,PRT,EUR,High,2000,995.3421020500002,8.601041790000002,69.73743439,25.71484947
Portugal,PRT,EUR,High,2001,1015.5495605499998,8.62751579,70.17098999,25.108566279999998
Portugal,PRT,EUR,High,2002,1139.4029541,8.78642941,71.991539,23.17964363
Portugal,PRT,EUR,High,2003,1443.37792969,9.12415695,70.60460663,23.69063568
Portugal,PRT,EUR,High,2004,1723.74401855,9.5325079,70.5631485,23.505056380000003
Portugal,PRT,EUR,High,2005,1814.35449219,9.653067590000001,70.90158081,23.680448530000003
Portugal,PRT,EUR,High,2006,1857.64526367,9.354226109999999,63.43972778,25.52451706
Portugal,PRT,EUR,High,2007,2112.52880859,9.25186634,62.710109710000005,25.906455990000005
Portugal,PRT,EUR,High,2008,2391.98120117,9.58307838,62.50145721,26.393709179999995
Portugal,PRT,EUR,High,2009,2346.54199219,10.13070393,63.80487061,25.103315350000003
Portugal,PRT,EUR,High,2010,2259.30371094,10.03250504,66.51553345000002,24.708175660000002
Portugal,PRT,EUR,High,2011,2255.9692382799994,9.73071671,64.50564575000001,26.65432167
Portugal,PRT,EUR,High,2012,1980.0186767599996,9.65393257,61.27985764,29.583299639999996
Portugal,PRT,EUR,High,2013,2030.63012695,9.404866219999999,62.28905106,28.793787000000002
Portugal,PRT,EUR,High,2014,2059.92651367,9.342881199999999,61.74032973999999,29.334743500000002
Portugal,PRT,EUR,High,2015,1790.53405762,9.31645775,61.66935348999999,29.534967419999994
Portugal,PRT,EUR,High,2016,1875.2421875,9.39439487,61.57459641000001,29.43173981
Portugal,PRT,EUR,High,2017,1998.0646972700001,9.30583763,61.1379509,29.688344960000006
Portugal,PRT,EUR,High,2018,2216.3066406300004,9.4126482,61.15868759,29.91732025
Portugal,PRT,EUR,High,2019,2221.73120117,9.51379871,60.77597808999999,30.60724258
Portugal,PRT,EUR,High,2020,2346.33081055,10.547700879999999,64.22454834,28.018589019999997
Portugal,PRT,EUR,High,2021,2760.1650390600007,11.123676300000003,62.742210390000004,29.411457060000004
Portugal,PRT,EUR,High,2022,2580.75634766,10.468830109999999,62.381397249999985,29.647809979999998
Portugal,PRT,EUR,High,2023,2743.5773925800004,10.00331116,,29.76397705
Republic of Moldova,MDA,EUR,Upper-middle,2000,21.37988663,5.926872729999999,48.95383835,47.17256546
Republic of Moldova,MDA,EUR,Upper-middle,2001,25.398593899999998,6.2344975499999995,45.96244048999999,51.94122314
Republic of Moldova,MDA,EUR,Upper-middle,2002,33.924236300000004,7.4043765100000005,47.90952301000001,46.51903915000001
Republic of Moldova,MDA,EUR,Upper-middle,2003,38.43836975,7.02227592,45.76942444,48.30680466
Republic of Moldova,MDA,EUR,Upper-middle,2004,64.60713959,8.971149440000001,59.17273712,38.17024994
Republic of Moldova,MDA,EUR,Upper-middle,2005,79.33213042999998,9.558148379999999,52.72468567,42.763851169999995
Republic of Moldova,MDA,EUR,Upper-middle,2006,100.10816193000001,10.544452670000002,49.264072420000005,46.45158386
Republic of Moldova,MDA,EUR,Upper-middle,2007,135.44366455000002,11.020668029999998,51.08501434,45.09947968
Republic of Moldova,MDA,EUR,Upper-middle,2008,185.56115722999996,10.949200629999998,48.214767460000004,48.42182159
Republic of Moldova,MDA,EUR,Upper-middle,2009,208.53004456000002,13.6766243,42.64822768999999,45.578929900000006
Republic of Moldova,MDA,EUR,Upper-middle,2010,198.28894043,10.131128309999998,45.862033839999995,40.43186188
Republic of Moldova,MDA,EUR,Upper-middle,2011,214.98246765,9.09670353,46.66718292,44.79645157
Republic of Moldova,MDA,EUR,Upper-middle,2012,223.61895752,9.139620780000001,48.52949141999999,42.21784973
Republic of Moldova,MDA,EUR,Upper-middle,2013,231.66229248,8.683003430000001,46.70035172,42.57612991
Republic of Moldova,MDA,EUR,Upper-middle,2014,230.76982116999997,8.632756230000002,49.345561980000014,38.34880066000001
Republic of Moldova,MDA,EUR,Upper-middle,2015,186.43643188,8.557635309999998,45.53878020999999,46.18740845000001
Republic of Moldova,MDA,EUR,Upper-middle,2016,171.18476868000002,7.535522459999998,48.79284286,46.29189682
Republic of Moldova,MDA,EUR,Upper-middle,2017,243.94540404999998,7.1278038,50.61460495,43.63447952
Republic of Moldova,MDA,EUR,Upper-middle,2018,276.47143554999997,6.707603449999999,56.52601624000001,40.02738953
Republic of Moldova,MDA,EUR,Upper-middle,2019,284.30029296999993,6.49662447,59.674007419999995,35.6937027
Republic of Moldova,MDA,EUR,Upper-middle,2020,306.64892578000007,7.004840369999999,64.81729126,30.92627144
Republic of Moldova,MDA,EUR,Upper-middle,2021,410.12298584000007,7.749040599999998,65.25251770000001,29.41590118
Republic of Moldova,MDA,EUR,Upper-middle,2022,398.14910889,6.965054040000001,64.82569885000001,31.710206989999996
Romania,ROU,EUR,High,2000,69.89345551000001,4.208761689999999,79.25977325,19.41972351
Romania,ROU,EUR,High,2001,78.81753540000001,4.37598133,79.7513504,18.940919880000006
Romania,ROU,EUR,High,2002,96.57698822000002,4.57694626,80.39749146,17.835145949999998
Romania,ROU,EUR,High,2003,143.54553223,5.371367929999999,83.06890868999999,15.127175330000005
Romania,ROU,EUR,High,2004,190.79505919999997,5.47733593,73.80941010000001,24.326986310000002
Romania,ROU,EUR,High,2005,254.52961730999996,5.52778196,79.77540588000001,18.498968119999997
Romania,ROU,EUR,High,2006,291.00408935999997,5.07106066,79.29033661,19.99056435
Romania,ROU,EUR,High,2007,415.06790161,5.0222334900000005,81.45111084000001,17.596075059999997
Romania,ROU,EUR,High,2008,521.3156127899999,5.02274227,81.09467315999999,18.182153699999997
Romania,ROU,EUR,High,2009,449.37692260999995,5.2784132999999995,78.66156769,20.784503940000004
Romania,ROU,EUR,High,2010,472.20751953,5.639987470000001,79.89113617000001,19.63123703
Romania,ROU,EUR,High,2011,426.5997314499999,4.47528124,74.97605132999999,24.27584076
Romania,ROU,EUR,High,2012,401.67105103000006,4.508998870000001,76.86502838,22.427940369999995
Romania,ROU,EUR,High,2013,495.2362365700001,5.224327089999999,78.95140839,20.17611694
Romania,ROU,EUR,High,2014,503.3475341799999,5.027897360000001,78.88207245000001,20.313699719999995
Romania,ROU,EUR,High,2015,442.24038695999997,4.942955020000001,77.94290923999999,21.281867979999998
Romania,ROU,EUR,High,2016,476.24505615,5.08021355,78.18263245,20.75498581
Romania,ROU,EUR,High,2017,555.1130981399999,5.1887908,78.58639526,20.488155359999997
Romania,ROU,EUR,High,2018,687.1541137700001,5.51800871,79.69070434999999,19.45757103
Romania,ROU,EUR,High,2019,738.5581665000001,5.7142148,80.13863372999998,18.87716484
Romania,ROU,EUR,High,2020,809.58880615,6.22618055,80.07714844,19.026185990000002
Romania,ROU,EUR,High,2021,963.0128784200002,6.469807149999999,75.64733124,20.942455289999998
Romania,ROU,EUR,High,2022,902.2677002,5.7490139,77.66529846,21.421674730000003
Russian Federation,RUS,EUR,Upper-middle,2000,95.20859528000001,5.01989794,59.35673141000001,30.20886612
Russian Federation,RUS,EUR,Upper-middle,2001,117.87785339000001,5.242847920000001,58.04123305999999,30.79232025
Russian Federation,RUS,EUR,Upper-middle,2002,140.05729675,5.521665570000001,58.29951858999999,31.212934490000002
Russian Federation,RUS,EUR,Upper-middle,2003,163.31135559,5.163689140000001,58.099105829999985,33.27987288999999
Russian Federation,RUS,EUR,Upper-middle,2004,207.61283874999998,4.7603755,58.76708984,33.80615234
Russian Federation,RUS,EUR,Upper-middle,2005,270.14392089999996,4.77177477,61.14411545,31.931879040000002
Russian Federation,RUS,EUR,Upper-middle,2006,350.84014893,4.76654387,61.72977447999999,31.12683678
Russian Federation,RUS,EUR,Upper-middle,2007,459.60116576999997,4.74792528,62.05422592,31.44804763999999
Russian Federation,RUS,EUR,Upper-middle,2008,606.77508545,4.903641220000001,62.62738037000001,31.548854830000003
Russian Federation,RUS,EUR,Upper-middle,2009,513.9103393600001,5.64392471,62.06686401,34.582164760000005
Russian Federation,RUS,EUR,Upper-middle,2010,564.3006591800001,4.971117970000002,61.37906647000001,35.32572556000001
Russian Federation,RUS,EUR,Upper-middle,2011,681.0457763699999,4.79491472,62.650588989999996,34.19445038
Russian Federation,RUS,EUR,Upper-middle,2012,755.4855346699999,4.93637609,63.707462310000004,33.39754486
Russian Federation,RUS,EUR,Upper-middle,2013,805.5213012700001,5.08104897,62.38064194000001,34.83225632
Russian Federation,RUS,EUR,Upper-middle,2014,736.3217773399999,5.182096479999999,61.78654479999999,35.82570648000001
Russian Federation,RUS,EUR,Upper-middle,2015,496.9503479000001,5.29604387,58.71852492999999,38.64633560000001
Russian Federation,RUS,EUR,Upper-middle,2016,463.29275512999993,5.289702419999999,56.950046539999995,40.48464966000001
Russian Federation,RUS,EUR,Upper-middle,2017,577.06811523,5.35889816,57.08874892999999,40.49308395000001
Russian Federation,RUS,EUR,Upper-middle,2018,606.11401367,5.35520792,59.45658112000001,38.31166458
Russian Federation,RUS,EUR,Upper-middle,2019,650.4705810499999,5.6484909100000005,61.151916500000006,36.57374573
Russian Federation,RUS,EUR,Upper-middle,2020,814.9445190399999,8.04076004,73.57527161,24.884544369999997
Russian Federation,RUS,EUR,Upper-middle,2021,881.75720215,6.9758429500000005,69.56000519,28.737203600000004
Russian Federation,RUS,EUR,Upper-middle,2022,1078.23486328,6.91986275,70.63796233999999,27.703351969999993
San Marino,SMR,EUR,High,2000,2176.20825195,5.7876792,74.39484406,25.60515976
San Marino,SMR,EUR,High,2001,2202.0776367200006,5.64127541,75.60094452000001,24.399055479999998
San Marino,SMR,EUR,High,2002,2253.21850586,5.39155769,74.80620574999999,25.193796159999998
San Marino,SMR,EUR,High,2003,2506.68334961,4.7720012700000005,76.23789215,23.762109759999998
San Marino,SMR,EUR,High,2004,2958.8796386699996,4.864792820000001,77.02443695,22.975564960000003
San Marino,SMR,EUR,High,2005,3055.6323242200006,4.886836529999998,78.13009644,21.86989975
San Marino,SMR,EUR,High,2006,3242.2429199199996,4.9136190399999995,78.90351868,21.096483229999997
San Marino,SMR,EUR,High,2007,3804.50634766,5.09587288,79.97353362999999,20.026470179999997
San Marino,SMR,EUR,High,2008,4378.24853516,5.411108970000002,80.30082703000001,19.699172969999996
San Marino,SMR,EUR,High,2009,4242.50341797,6.18409586,80.85256195,19.147438050000005
San Marino,SMR,EUR,High,2010,3813.883544919999,6.20853519,86.26647186,13.733527180000001
San Marino,SMR,EUR,High,2011,4550.350585940001,8.070728299999999,88.75460052000001,11.245398519999998
San Marino,SMR,EUR,High,2012,4310.10009766,8.98883724,88.66449737999999,11.33550167
San Marino,SMR,EUR,High,2013,4113.46679688,8.238002779999999,89.05861664,10.941384320000001
San Marino,SMR,EUR,High,2014,4120.02685547,8.30091763,88.02320099,11.976798059999997
San Marino,SMR,EUR,High,2015,3530.046142580001,8.43315315,86.39781188999999,13.6021862
San Marino,SMR,EUR,High,2016,3621.232666019999,8.4219532,87.63438416,12.36561584
San Marino,SMR,EUR,High,2017,3672.30322266,8.259722709999998,87.61370087000002,12.38630009
San Marino,SMR,EUR,High,2018,3969.36474609,8.2778492,88.88764954000001,11.112352370000004
San Marino,SMR,EUR,High,2019,3801.21044922,8.14801598,88.77916717999999,11.220834729999998
San Marino,SMR,EUR,High,2020,3758.609375,8.48147392,89.74449158,10.255510330000002
San Marino,SMR,EUR,High,2021,4033.102783200001,7.51272249,88.14421082000001,11.855790140000002
San Marino,SMR,EUR,High,2022,3874.9853515600007,7.40650225,88.56434630999999,11.435653690000004
Serbia,SRB,EUR,Upper-middle,2000,56.47927474999999,6.18357754,65.46369933999999,29.621871950000003
Serbia,SRB,EUR,Upper-middle,2001,112.19810485999999,6.49677134,66.83295441,28.489536289999997
Serbia,SRB,EUR,Upper-middle,2002,173.26341248,7.59296274,72.16741942999998,23.830358509999996
Serbia,SRB,EUR,Upper-middle,2003,230.08865356,7.6669607200000005,69.85958099000001,24.97764397
Serbia,SRB,EUR,Upper-middle,2004,274.45532227,7.8420004799999985,67.85735321,27.293312069999995
Serbia,SRB,EUR,Upper-middle,2005,307.54705810999997,8.283805850000002,65.45954132,29.81834602
Serbia,SRB,EUR,Upper-middle,2006,371.50607299999996,8.493904109999999,62.49607849,32.84013366999999
Serbia,SRB,EUR,Upper-middle,2007,547.22723389,9.376488690000002,61.0190506,34.71288299999999
Serbia,SRB,EUR,Upper-middle,2008,671.88702393,9.482464790000002,61.87797164999999,35.147106169999994
Serbia,SRB,EUR,Upper-middle,2009,575.2621459999999,9.346235279999998,61.65007782,35.16513443
Serbia,SRB,EUR,Upper-middle,2010,545.33380127,9.5273037,61.00416946,36.40253448
Serbia,SRB,EUR,Upper-middle,2011,618.89422607,9.11380386,61.12112045,36.40478897
Serbia,SRB,EUR,Upper-middle,2012,559.9054565399999,9.328204150000001,62.116596220000005,35.43024063
Serbia,SRB,EUR,Upper-middle,2013,627.5330810499999,9.312324519999999,59.86000442999999,37.866638179999995
Serbia,SRB,EUR,Upper-middle,2014,608.8585815399999,9.2459898,58.257644649999996,39.94474792000001
Serbia,SRB,EUR,Upper-middle,2015,491.25177002,8.8132,57.68479919,40.58773422
Serbia,SRB,EUR,Upper-middle,2016,486.42944336,8.458909989999999,57.57844543,40.453670499999994
Serbia,SRB,EUR,Upper-middle,2017,515.84588623,8.220393179999999,57.47877120999999,40.63934707999999
Serbia,SRB,EUR,Upper-middle,2018,617.08679199,8.531681059999999,59.36805725000001,38.31092453
Serbia,SRB,EUR,Upper-middle,2019,641.02966309,8.665527339999999,58.33802032000001,37.03557587
Serbia,SRB,EUR,Upper-middle,2020,670.19439697,8.70042229,60.94442367999998,36.038425450000005
Serbia,SRB,EUR,Upper-middle,2021,919.16790771,10.009506230000001,62.524703980000005,35.76088715
Serbia,SRB,EUR,Upper-middle,2022,903.11828613,9.657427790000002,61.648460390000004,36.53276062
Slovakia,SVK,EUR,High,2000,203.50627135999997,5.30256939,87.48220825000001,10.838967319999998
Slovakia,SVK,EUR,High,2001,212.22207642000004,5.3315053,88.13977814,10.904376980000002
Slovakia,SVK,EUR,High,2002,254.12765503,5.509476179999999,87.94211577999998,11.01689148
Slovakia,SVK,EUR,High,2003,344.47335814999997,5.448498729999999,86.99961853,12.212778089999997
Slovakia,SVK,EUR,High,2004,511.52990723000005,6.37190437,78.71553802000001,21.233482360000004
Slovakia,SVK,EUR,High,2005,601.31323242,6.58870029,75.13739014000001,23.609519960000004
Slovakia,SVK,EUR,High,2006,729.01324463,6.85076714,69.67163848999999,26.58822822999999
Slovakia,SVK,EUR,High,2007,1029.30029297,7.177353380000001,68.71968841999998,27.370327000000003
Slovakia,SVK,EUR,High,2008,1251.67724609,6.9563445999999995,74.72305297999999,21.02014542
Slovakia,SVK,EUR,High,2009,1320.09301758,7.94779444,71.63835144,22.41773987
Slovakia,SVK,EUR,High,2010,1296.54284668,7.666388509999999,70.99603271000002,22.800613399999996
Slovakia,SVK,EUR,High,2011,1352.43835449,7.29859495,72.10746765000002,23.57159042
Slovakia,SVK,EUR,High,2012,1319.43823242,7.535813809999999,71.12427521000001,23.233089449999998
Slovakia,SVK,EUR,High,2013,1370.4676513700003,7.495181560000001,73.31342315999999,23.32164955
Slovakia,SVK,EUR,High,2014,1289.34851074,6.88411617,79.33296203999998,18.00793076
Slovakia,SVK,EUR,High,2015,1108.87817383,6.76215172,78.74036407000001,18.443573
Slovakia,SVK,EUR,High,2016,1175.6270752,7.091777320000001,79.96457672,17.88862991
Slovakia,SVK,EUR,High,2017,1189.07983398,6.756990909999999,79.0446701,18.71241951
Slovakia,SVK,EUR,High,2018,1299.91125488,6.6663985299999995,79.21431731999999,18.90781784
Slovakia,SVK,EUR,High,2019,1342.0758056600002,6.919647690000001,78.81660461000001,19.15936279
Slovakia,SVK,EUR,High,2020,1393.62438965,7.126502040000001,80.27136229999999,18.75167656
Slovakia,SVK,EUR,High,2021,1684.5155029299997,7.75624657,79.73459625000001,19.40410614
Slovakia,SVK,EUR,High,2022,1642.39208984,7.7306404099999995,79.87896728999998,19.26242447
Slovenia,SVN,EUR,High,2000,796.6470336899998,7.8040695200000005,71.39096069000001,13.273269650000003
Slovenia,SVN,EUR,High,2001,826.2257690399998,7.87602425,70.56112671000001,12.903477670000001
Slovenia,SVN,EUR,High,2002,944.87145996,8.021198270000001,72.42923737000002,12.55521679
Slovenia,SVN,EUR,High,2003,1203.06359863,8.09883499,71.96819305,12.486650469999999
Slovenia,SVN,EUR,High,2004,1368.64855957,7.93957281,71.98925018,12.169075009999998
Slovenia,SVN,EUR,High,2005,1449.18920898,7.995957369999999,72.22161865000001,13.01937485
Slovenia,SVN,EUR,High,2006,1541.6643066399997,7.82322693,71.74246215999999,12.278043750000002
Slovenia,SVN,EUR,High,2007,1795.95043945,7.511391640000002,70.23893738,13.631236080000003
Slovenia,SVN,EUR,High,2008,2179.45239258,7.8546657600000005,72.16070557000002,12.639945029999998
Slovenia,SVN,EUR,High,2009,2125.05688477,8.54080105,72.01541900999999,12.77988815
Slovenia,SVN,EUR,High,2010,2017.14660645,8.56503296,72.36493682999999,12.640163420000002
Slovenia,SVN,EUR,High,2011,2147.8051757799994,8.53639603,72.26573944,12.19664192
Slovenia,SVN,EUR,High,2012,1974.85400391,8.715099330000001,70.85123444,12.459965710000002
Slovenia,SVN,EUR,High,2013,2055.38134766,8.740283009999999,70.30366516000001,12.4548645
Slovenia,SVN,EUR,High,2014,2062.38476563,8.501976010000002,70.52433014,12.983446120000002
Slovenia,SVN,EUR,High,2015,1775.8607177700003,8.49823952,71.35445404,12.49877739
Slovenia,SVN,EUR,High,2016,1838.6540527299999,8.478010179999998,72.33666992,11.981036190000001
Slovenia,SVN,EUR,High,2017,1925.0346679699996,8.184808729999999,71.79818726,12.322433470000002
Slovenia,SVN,EUR,High,2018,2169.57885742,8.27693176,72.40888214,11.981577869999999
Slovenia,SVN,EUR,High,2019,2219.09790039,8.490571980000002,72.37037659,11.66123962
Slovenia,SVN,EUR,High,2020,2417.20874023,9.42807865,72.57459259,12.474130629999998
Slovenia,SVN,EUR,High,2021,2779.5659179700006,9.48055363,73.24479675,12.8761549
Slovenia,SVN,EUR,High,2022,2737.84936523,9.605076790000002,73.45202637,12.431871410000001
Slovenia,SVN,EUR,High,2023,3033.3210449199996,9.41330814,,12.919754980000002
Spain,ESP,EUR,High,2000,1005.2839965799998,6.7992177,71.62882996000002,24.32431793
Spain,ESP,EUR,High,2001,1045.05065918,6.768957609999999,71.29899597,24.85228729
Spain,ESP,EUR,High,2002,1174.5793457,6.80052757,71.31015777999998,24.599552149999994
Spain,ESP,EUR,High,2003,1640.9177246100003,7.56327105,71.10388946999998,22.457176210000004
Spain,ESP,EUR,High,2004,1922.2738037099996,7.65047979,71.31984711,22.18163681
Spain,ESP,EUR,High,2005,2062.40625,7.73974037,71.58415984999999,21.74241066
Spain,ESP,EUR,High,2006,2242.15869141,7.829059119999999,72.09972382000002,21.024724960000004
Spain,ESP,EUR,High,2007,2606.2778320299994,7.918657779999999,72.30304718,20.73307991
Spain,ESP,EUR,High,2008,2995.18603516,8.38225937,73.28400421,20.640758509999994
Spain,ESP,EUR,High,2009,2937.7177734399993,9.10764027,75.07225036999999,19.016733170000002
Spain,ESP,EUR,High,2010,2789.6372070299994,9.1189127,74.44487,20.29029274
Spain,ESP,EUR,High,2011,2908.91967773,9.1679697,73.48394775,20.391981119999997
Spain,ESP,EUR,High,2012,2590.73803711,9.155965809999998,72.11362457000001,21.803077700000003
Spain,ESP,EUR,High,2013,2630.0190429700006,9.06588078,71.01255035,22.769952769999996
Spain,ESP,EUR,High,2014,2680.02954102,9.086759570000002,70.27007294,23.13002586
Spain,ESP,EUR,High,2015,2349.54663086,9.123833659999999,71.32117462,22.292919160000004
Spain,ESP,EUR,High,2016,2377.04956055,8.94896126,71.55826569,21.95563507
Spain,ESP,EUR,High,2017,2525.13964844,8.94652462,70.51345062,22.24162483
Spain,ESP,EUR,High,2018,2741.90600586,8.9985857,70.22999573,22.24018097
Spain,ESP,EUR,High,2019,2713.62255859,9.134877199999998,70.51312256,21.857666019999996
Spain,ESP,EUR,High,2020,2898.00537109,10.73210335,73.17020416,19.73453331
Spain,ESP,EUR,High,2021,3144.11181641,10.30862141,73.70912933,19.344104769999998
Spain,ESP,EUR,High,2022,2910.83764648,9.73828793,74.02536773999998,19.176673889999996
Sweden,SWE,EUR,High,2000,2173.1940918,7.32689953,84.47544097999999,14.462477680000001
Sweden,SWE,EUR,High,2001,2155.85424805,7.900329589999998,82.15294646999999,16.87992668
Sweden,SWE,EUR,High,2002,2459.09863281,8.21006203,82.5721283,16.509552
Sweden,SWE,EUR,High,2003,3110.1997070299994,8.317246440000002,83.13002014000001,15.88181114
Sweden,SWE,EUR,High,2004,3488.1728515600007,8.1296196,82.69110107,16.28187943
Sweden,SWE,EUR,High,2005,3547.63330078,8.1508379,82.29276276,16.635692600000002
Sweden,SWE,EUR,High,2006,3765.39697266,8.05226612,82.35673523,16.5416832
Sweden,SWE,EUR,High,2007,4310.32666016,7.996077540000002,82.51585388,16.33683968
Sweden,SWE,EUR,High,2008,4627.56396484,8.20824242,82.50144957999998,16.325700759999997
Sweden,SWE,EUR,High,2009,4136.17333984,8.770379069999999,82.51391602,16.403272629999996
Sweden,SWE,EUR,High,2010,4416.145507809999,8.31963825,82.48825073,16.378582
Sweden,SWE,EUR,High,2011,6351.216796879999,10.41646671,84.48171234000002,14.55464077
Sweden,SWE,EUR,High,2012,6254.442871089999,10.735153199999997,84.21655272999999,14.80989265
Sweden,SWE,EUR,High,2013,6696.872558589998,10.904914860000002,84.02001953000001,14.93118763
Sweden,SWE,EUR,High,2014,6605.911621089998,10.947947500000001,84.02825928,14.918947219999998
Sweden,SWE,EUR,High,2015,5598.681640629999,10.804183959999998,83.96099090999999,14.902814869999997
Sweden,SWE,EUR,High,2016,5680.72607422,10.85240364,84.26232910000002,14.491888999999997
Sweden,SWE,EUR,High,2017,5837.770996089999,10.785099980000002,84.70674132999999,14.086616520000002
Sweden,SWE,EUR,High,2018,6005.06591797,10.941062930000001,84.78461456000001,13.95882416
Sweden,SWE,EUR,High,2019,5652.989746089999,10.832242970000001,85.12414551000002,13.713305469999998
Sweden,SWE,EUR,High,2020,6003.09375,11.33296967,86.17955017000001,12.83151436
Sweden,SWE,EUR,High,2021,6842.460449219999,11.10180569,86.07830811000001,12.8021841
Sweden,SWE,EUR,High,2022,5943.361328129999,10.49857044,85.95343018,12.873915670000002
Sweden,SWE,EUR,High,2023,6152.333007809999,10.88682365,,12.676322940000002
Switzerland,CHE,EUR,High,2000,3559.81982422,9.13442421,28.56611252,31.04061699
Switzerland,CHE,EUR,High,2001,3763.384521480001,9.46040058,29.96567726,30.11981773
Switzerland,CHE,EUR,High,2002,4211.729492189999,9.880001070000002,31.363012310000006,29.04967117
Switzerland,CHE,EUR,High,2003,5018.52734375,10.13696766,31.40574074,28.622528080000002
Switzerland,CHE,EUR,High,2004,5608.703125,10.22576523,30.885316850000002,28.757335660000003
Switzerland,CHE,EUR,High,2005,5673.939941410001,10.058234209999998,31.048007969999997,27.144048690000005
Switzerland,CHE,EUR,High,2006,5671.981445309999,9.580200199999998,30.60895157,27.349460600000004
Switzerland,CHE,EUR,High,2007,6154.703125,9.41693783,30.710672380000005,27.333332060000004
Switzerland,CHE,EUR,High,2008,7120.652832030001,9.531677249999998,31.60577965,26.497859950000002
Switzerland,CHE,EUR,High,2009,7297.37988281,10.1415062,32.14887238,26.20129585
Switzerland,CHE,EUR,High,2010,7695.687988280001,10.00535202,33.40800095,23.982517240000007
Switzerland,CHE,EUR,High,2011,9204.87792969,10.11940575,33.81782913000001,23.47214127
Switzerland,CHE,EUR,High,2012,8929.32519531,10.34784985,34.532722469999996,23.287464140000004
Switzerland,CHE,EUR,High,2013,9324.97265625,10.614604949999997,33.65938950000001,22.750398639999997
Switzerland,CHE,EUR,High,2014,9550.455078130002,10.69967365,33.79611588000001,22.596944809999997
Switzerland,CHE,EUR,High,2015,9272.515625,11.00444603,33.60396957,22.02448845
Switzerland,CHE,EUR,High,2016,9276.50292969,11.229405400000001,33.75424576,21.293680190000003
Switzerland,CHE,EUR,High,2017,9423.64941406,11.41294861,33.69115067,21.641551969999995
Switzerland,CHE,EUR,High,2018,9577.302734380002,11.19891071,33.51978683,21.94914818
Switzerland,CHE,EUR,High,2019,9646.91308594,11.42588997,33.510017399999995,21.896411899999997
Switzerland,CHE,EUR,High,2020,10348.34667969,12.00404072,35.90325165,20.651580809999995
Switzerland,CHE,EUR,High,2021,11262.23046875,12.004655840000002,35.84143829,21.28902435
Switzerland,CHE,EUR,High,2022,10963.43066406,11.706533429999999,34.954326630000004,21.582735059999997
Tajikistan,TJK,EUR,Lower-middle,2000,5.906269549999999,4.264924049999999,20.752269740000003,79.15172577000001
Tajikistan,TJK,EUR,Lower-middle,2001,7.565998549999999,4.578025340000001,19.13043404,76.52173615
Tajikistan,TJK,EUR,Lower-middle,2002,8.219699859999999,4.436472419999999,18.19407082,78.16711426000002
Tajikistan,TJK,EUR,Lower-middle,2003,10.975464820000003,4.702186579999999,16.361198429999998,73.30263518999998
Tajikistan,TJK,EUR,Lower-middle,2004,14.650967599999998,4.799111839999999,18.6463623,71.73569488999999
Tajikistan,TJK,EUR,Lower-middle,2005,17.384725570000004,5.2102470400000005,18.97654533,66.09986115
Tajikistan,TJK,EUR,Lower-middle,2006,20.044858929999997,5.03254795,18.602657320000002,68.79291534
Tajikistan,TJK,EUR,Lower-middle,2007,28.589509960000004,5.540501119999999,19.44640541,70.61388396999999
Tajikistan,TJK,EUR,Lower-middle,2008,41.35135651,5.912066939999998,23.167802810000005,68.58421326
Tajikistan,TJK,EUR,Lower-middle,2009,38.9187851,5.855797770000001,18.5160656,69.63989258
Tajikistan,TJK,EUR,Lower-middle,2010,42.28567886,5.73543453,20.580139159999998,70.43351746000002
Tajikistan,TJK,EUR,Lower-middle,2011,48.8431282,5.85971785,22.275823590000005,62.54403687000001
Tajikistan,TJK,EUR,Lower-middle,2012,56.97117615,5.981858729999999,26.882715230000002,63.93601607999999
Tajikistan,TJK,EUR,Lower-middle,2013,67.62356566999999,6.532264229999998,29.091115949999995,61.918254850000004
Tajikistan,TJK,EUR,Lower-middle,2014,73.06859589,6.6654973,31.169813160000007,62.18501282
Tajikistan,TJK,EUR,Lower-middle,2015,62.75804901,6.907359119999998,29.60548018999999,62.57888794
Tajikistan,TJK,EUR,Lower-middle,2016,54.921356200000005,6.96349716,28.57442474,66.00267029
Tajikistan,TJK,EUR,Lower-middle,2017,56.85092545,6.853990080000001,29.00391768999999,63.15241241000001
Tajikistan,TJK,EUR,Lower-middle,2018,58.51539992999999,7.01381588,27.045555110000002,68.41996002000002
Tajikistan,TJK,EUR,Lower-middle,2019,60.515682219999995,6.947667600000001,27.315284730000002,71.22300720000001
Tajikistan,TJK,EUR,Lower-middle,2020,74.17329407,8.8903532,24.19561386,67.958992
Tajikistan,TJK,EUR,Lower-middle,2021,75.10315703999999,8.375044820000001,23.173217769999997,65.13356017999999
Tajikistan,TJK,EUR,Lower-middle,2022,78.61326599,7.629174229999999,23.420343399999997,65.18047333
Türkiye,TUR,EUR,Upper-middle,2000,192.83445740000002,4.59957218,61.67596436,28.60040474
Türkiye,TUR,EUR,Upper-middle,2001,148.86210631999998,4.88784933,67.25136565999999,23.43206978
Türkiye,TUR,EUR,Upper-middle,2002,181.39144897,5.062278749999999,69.9743576,20.320768359999995
Türkiye,TUR,EUR,Upper-middle,2003,232.55624390000003,5.01427698,71.20713042999998,18.93056297
Türkiye,TUR,EUR,Upper-middle,2004,292.65307616999996,4.9096446,71.70464324999999,20.181016919999998
Türkiye,TUR,EUR,Upper-middle,2005,357.40197754,4.893897060000001,67.74803925,24.17697906
Türkiye,TUR,EUR,Upper-middle,2006,409.25881958,5.145916939999999,68.85150146000002,23.648929600000002
Türkiye,TUR,EUR,Upper-middle,2007,504.37646483999987,5.237607959999999,68.78373718,23.88428879
Türkiye,TUR,EUR,Upper-middle,2008,561.73529053,5.21761751,72.69304657,19.18195724
Türkiye,TUR,EUR,Upper-middle,2009,492.30032349000004,5.49438715,80.49878692999998,14.507903100000002
Türkiye,TUR,EUR,Upper-middle,2010,531.8286132799999,5.02053452,77.99839783,16.87221718
Türkiye,TUR,EUR,Upper-middle,2011,525.8910522499999,4.6530509,79.12835692999998,15.89518452
Türkiye,TUR,EUR,Upper-middle,2012,520.44274902,4.444446560000001,79.17140961,15.9315958
Türkiye,TUR,EUR,Upper-middle,2013,547.95465088,4.37099934,78.34962463000001,16.92680168
Türkiye,TUR,EUR,Upper-middle,2014,520.40753174,4.325178620000001,77.60512542999999,17.72542191
Türkiye,TUR,EUR,Upper-middle,2015,444.7080383300001,4.11690426,78.13336182000002,16.948732380000006
Türkiye,TUR,EUR,Upper-middle,2016,456.3659667999999,4.28469229,78.44212341,16.466144559999996
Türkiye,TUR,EUR,Upper-middle,2017,432.13754271999994,4.17974997,77.71027374,17.384201049999998
Türkiye,TUR,EUR,Upper-middle,2018,380.27835083,4.121016030000001,77.38227081,17.49141884
Türkiye,TUR,EUR,Upper-middle,2019,388.67486572,4.359543320000001,77.68532562,17.047634119999994
Türkiye,TUR,EUR,Upper-middle,2020,386.25936889999997,4.616402150000001,78.84537506000001,16.430614470000002
Türkiye,TUR,EUR,Upper-middle,2021,431.33978271000007,4.5606555900000005,78.80183411,16.271203989999997
Türkiye,TUR,EUR,Upper-middle,2022,385.87997437,3.70338893,75.15867614999999,19.47843933
Turkmenistan,TKM,EUR,Upper-middle,2000,75.52490234,4.030800340000001,46.64530563,50.0068779
Turkmenistan,TKM,EUR,Upper-middle,2001,120.84639739999997,4.7660532,34.58095551000001,61.265468600000005
Turkmenistan,TKM,EUR,Upper-middle,2002,128.08802795,4.10696697,34.626701350000005,61.13518524
Turkmenistan,TKM,EUR,Upper-middle,2003,199.93019104,4.97849178,31.819458010000005,63.6992836
Turkmenistan,TKM,EUR,Upper-middle,2004,302.85839844000003,6.18652296,22.89224815,72.19020081
Turkmenistan,TKM,EUR,Upper-middle,2005,324.81155395999997,5.588868140000001,21.14559174,73.82786559999998
Turkmenistan,TKM,EUR,Upper-middle,2006,349.6842041000001,4.92075682,18.36457825,76.42288208
Turkmenistan,TKM,EUR,Upper-middle,2007,261.83258057,3.09328628,26.2300148,68.99675751
Turkmenistan,TKM,EUR,Upper-middle,2008,235.91514586999998,3.4538044899999996,16.02517891,78.47992706
Turkmenistan,TKM,EUR,Upper-middle,2009,178.44587707999995,2.81471276,24.251653669999996,70.73177337999999
Turkmenistan,TKM,EUR,Upper-middle,2010,202.7792511,3.20879436,24.051067350000004,70.99906921000002
Turkmenistan,TKM,EUR,Upper-middle,2011,251.85777283,3.2229599999999996,25.976051330000008,68.97086334000002
Turkmenistan,TKM,EUR,Upper-middle,2012,289.13015747,3.3420355299999995,26.72743416,68.28610992
Turkmenistan,TKM,EUR,Upper-middle,2013,339.92349243,3.96929264,28.536073679999994,66.84680176000002
Turkmenistan,TKM,EUR,Upper-middle,2014,393.8684387199999,4.257416729999998,26.961570740000003,68.20838928
Turkmenistan,TKM,EUR,Upper-middle,2015,362.7294921899999,5.01652908,23.94773293,71.07138062000001
Turkmenistan,TKM,EUR,Upper-middle,2016,376.65567016999995,5.58718491,18.579051970000002,76.15638733
Turkmenistan,TKM,EUR,Upper-middle,2017,410.81082153000006,5.82361221,21.966196059999994,73.06459045
Turkmenistan,TKM,EUR,Upper-middle,2018,411.32562255999994,5.55298042,17.821838380000003,76.62548828000001
Turkmenistan,TKM,EUR,Upper-middle,2019,432.78118896000007,5.5522336999999995,18.153635029999997,76.63578796000002
Turkmenistan,TKM,EUR,Upper-middle,2020,420.0083313,5.57226086,18.37001038,76.36035919
Turkmenistan,TKM,EUR,Upper-middle,2021,471.86325073,5.491966249999999,17.172393800000002,77.47677612000001
Turkmenistan,TKM,EUR,Upper-middle,2022,579.15454102,5.371037479999999,14.872230530000001,79.22116089
Ukraine,UKR,EUR,Lower-middle,2000,34.622329709999995,5.306851859999999,47.32231903,48.39265442
Ukraine,UKR,EUR,Lower-middle,2001,44.143287660000006,5.72534418,48.90678023999999,47.165298459999995
Ukraine,UKR,EUR,Lower-middle,2002,52.119102480000016,5.992200370000001,51.24788284,45.11745834
Ukraine,UKR,EUR,Lower-middle,2003,67.87039947999999,6.545741080000001,55.74951935,41.025192260000004
Ukraine,UKR,EUR,Lower-middle,2004,83.23918915000002,6.16856956,55.19610596,41.40994263
Ukraine,UKR,EUR,Lower-middle,2005,114.63265228,6.3461585,58.71865082000001,37.958095549999996
Ukraine,UKR,EUR,Lower-middle,2006,146.27377319,6.417189599999999,60.42613601999999,36.13279724
Ukraine,UKR,EUR,Lower-middle,2007,183.18217468000003,6.01776791,59.20172119,36.45686339999999
Ukraine,UKR,EUR,Lower-middle,2008,212.75292968999997,5.49754429,58.06835556,37.788085939999995
Ukraine,UKR,EUR,Lower-middle,2009,165.98542786,6.60991716,58.249706270000004,37.39500427
Ukraine,UKR,EUR,Lower-middle,2010,199.49559021,6.813876149999999,54.10327529999999,41.84223938
Ukraine,UKR,EUR,Lower-middle,2011,240.17747498000003,6.816698549999998,50.233093260000004,46.309677119999996
Ukraine,UKR,EUR,Lower-middle,2012,270.76205444,7.117892270000001,52.56739807,43.933544160000004
Ukraine,UKR,EUR,Lower-middle,2013,275.94143677,6.94358015,48.11698914,48.15446091
Ukraine,UKR,EUR,Lower-middle,2014,208.94400024,7.195061679999999,48.03525542999999,48.13210296999999
Ukraine,UKR,EUR,Lower-middle,2015,154.75454712,7.783528329999998,47.38852691999999,48.239135739999995
Ukraine,UKR,EUR,Lower-middle,2016,154.5546875,7.55205393,48.27393723,48.35792542
Ukraine,UKR,EUR,Lower-middle,2017,183.69506835999996,7.44187737,47.269393920000006,49.17758941999999
Ukraine,UKR,EUR,Lower-middle,2018,217.73760985999996,7.519892690000001,46.55949782999999,50.65900421
Ukraine,UKR,EUR,Lower-middle,2019,242.81388854999994,7.091750620000001,44.79043961000001,51.11891937
Ukraine,UKR,EUR,Lower-middle,2020,265.07846069,7.562170509999999,49.28601456,47.86013411999999
Ukraine,UKR,EUR,Lower-middle,2021,369.90487670999994,8.2027483,52.12297821000001,45.29367447
United Kingdom of Great Britain and Northern Ireland,GBR,EUR,High,2000,2027.6441650400004,7.15692902,75.79853057999999,18.21953773
United Kingdom of Great Britain and Northern Ireland,GBR,EUR,High,2001,2083.99023438,7.4521136299999995,75.80043029999999,18.134441380000005
United Kingdom of Great Britain and Northern Ireland,GBR,EUR,High,2002,2374.82177734,7.87847328,76.7337265,17.459463119999995
United Kingdom of Great Britain and Northern Ireland,GBR,EUR,High,2003,2789.35131836,8.07831287,78.18147278,16.295871729999998
United Kingdom of Great Britain and Northern Ireland,GBR,EUR,High,2004,3377.1169433599994,8.338675500000003,80.08615112000001,14.73699188
United Kingdom of Great Britain and Northern Ireland,GBR,EUR,High,2005,3547.289794919999,8.394309040000001,81.23471069000001,13.433972360000002
United Kingdom of Great Britain and Northern Ireland,GBR,EUR,High,2006,3817.99072266,8.54522514,82.42418671000001,12.27602577
United Kingdom of Great Britain and Northern Ireland,GBR,EUR,High,2007,4431.637695309999,8.75711441,80.55930328,14.267762180000002
United Kingdom of Great Britain and Northern Ireland,GBR,EUR,High,2008,4301.41552734,9.040337559999998,81.30020142,13.429342270000001
United Kingdom of Great Britain and Northern Ireland,GBR,EUR,High,2009,3829.682861330001,9.847712519999998,82.75730896000002,12.348226550000001
United Kingdom of Great Britain and Northern Ireland,GBR,EUR,High,2010,3892.380126950001,9.789379120000001,82.1092453,13.06795883
United Kingdom of Great Britain and Northern Ireland,GBR,EUR,High,2011,4140.362304689999,9.795615199999999,81.89524078,13.215165140000002
United Kingdom of Great Britain and Northern Ireland,GBR,EUR,High,2012,4217.24755859,9.89160061,81.02267456,14.11429119
United Kingdom of Great Britain and Northern Ireland,GBR,EUR,High,2013,4348.28662109,9.978224749999999,79.57145691,15.617465019999997
United Kingdom of Great Britain and Northern Ireland,GBR,EUR,High,2014,4716.30224609,9.903059959999998,80.16641997999997,15.081532480000002
United Kingdom of Great Britain and Northern Ireland,GBR,EUR,High,2015,4440.73828125,9.83625221,80.39036559999998,14.9425621
United Kingdom of Great Britain and Northern Ireland,GBR,EUR,High,2016,4016.63916016,9.76546955,80.98995209,14.744686130000002
United Kingdom of Great Britain and Northern Ireland,GBR,EUR,High,2017,3907.82226563,9.600168230000001,80.54899597,14.885859489999998
United Kingdom of Great Britain and Northern Ireland,GBR,EUR,High,2018,4219.48632813,9.738375659999999,79.92076110999999,15.657197949999997
United Kingdom of Great Britain and Northern Ireland,GBR,EUR,High,2019,4258.63476563,9.95388126,79.94097137,15.798031809999998
United Kingdom of Great Britain and Northern Ireland,GBR,EUR,High,2020,4816.15283203,11.965476989999999,85.02536011,11.450068470000001
United Kingdom of Great Britain and Northern Ireland,GBR,EUR,High,2021,5612.049316410001,12.019034390000002,84.31277465999999,12.389957429999999
United Kingdom of Great Britain and Northern Ireland,GBR,EUR,High,2022,5035.6171875,11.05087757,83.06633759,13.28877258
United Kingdom of Great Britain and Northern Ireland,GBR,EUR,High,2023,5366.77685547,10.872015,,13.820685390000003
Uzbekistan,UZB,EUR,Lower-middle,2000,35.72119904,5.132933620000001,39.09733963,60.582626340000004
Uzbekistan,UZB,EUR,Lower-middle,2001,30.46290398,5.237374310000002,38.841449739999995,60.84382247999999
Uzbekistan,UZB,EUR,Lower-middle,2002,24.50708961,5.14164925,37.60974884,62.07057571
Uzbekistan,UZB,EUR,Lower-middle,2003,25.61911011,5.1882515,36.53923798000001,59.288833620000005
Uzbekistan,UZB,EUR,Lower-middle,2004,28.024301529999995,4.8406376799999995,37.28559875,59.55812835999999
Uzbekistan,UZB,EUR,Lower-middle,2005,32.51261139,4.781991,37.96368027,57.62801742999998
Uzbekistan,UZB,EUR,Lower-middle,2006,37.972572330000006,4.75141335,40.575340270000005,56.89520645000001
Uzbekistan,UZB,EUR,Lower-middle,2007,46.89629364,4.54267979,39.57130051000001,58.1313591
Uzbekistan,UZB,EUR,Lower-middle,2008,61.291568760000004,4.704474449999999,40.72805023000001,57.31649779999999
Uzbekistan,UZB,EUR,Lower-middle,2009,71.95819091999999,4.79649639,41.63732529,56.41966629000001
Uzbekistan,UZB,EUR,Lower-middle,2010,92.87456512000001,5.299388410000001,40.05787658999999,58.04501723999999
Uzbekistan,UZB,EUR,Lower-middle,2011,109.86156464000003,5.26245499,39.69395065,58.182224270000006
Uzbekistan,UZB,EUR,Lower-middle,2012,127.94210052000001,5.548221110000001,42.10529708999999,56.24570847000001
Uzbekistan,UZB,EUR,Lower-middle,2013,140.71011353,5.718966010000001,41.98608779999999,56.05225754000001
Uzbekistan,UZB,EUR,Lower-middle,2014,118.44307709,4.43092394,52.202777860000005,45.409908290000004
Uzbekistan,UZB,EUR,Lower-middle,2015,132.60565186,4.735965729999999,49.78010941000001,48.41368866
Uzbekistan,UZB,EUR,Lower-middle,2016,129.82177734,4.71504498,43.59277344,54.65854645
Uzbekistan,UZB,EUR,Lower-middle,2017,93.41515349999997,4.8378996800000005,41.49798203,56.68790816999999
Uzbekistan,UZB,EUR,Lower-middle,2018,82.53038788,5.05427122,38.16909408999999,60.34236145000001
Uzbekistan,UZB,EUR,Lower-middle,2019,98.6240387,5.397477630000001,41.58654022,57.68497086
Uzbekistan,UZB,EUR,Lower-middle,2020,120.29019165000003,6.714391229999999,46.15740204,53.113143920000006
Uzbekistan,UZB,EUR,Lower-middle,2021,156.44789124000005,7.69774151,39.19821929999999,60.31319046
Uzbekistan,UZB,EUR,Lower-middle,2022,169.43212891,7.363254549999999,34.00566864,65.29790497000002
Bangladesh,BGD,SEAR,Lower-middle,2000,8.27585602,1.8050451299999999,28.166597369999995,61.822067260000004
Bangladesh,BGD,SEAR,Lower-middle,2001,8.100257869999998,1.7720185499999999,21.668231959999996,65.80530547999999
Bangladesh,BGD,SEAR,Lower-middle,2002,9.054022790000001,1.93417108,24.30713272,62.93533707
Bangladesh,BGD,SEAR,Lower-middle,2003,9.98434258,1.9615219799999999,24.612068179999998,63.01078033
Bangladesh,BGD,SEAR,Lower-middle,2004,10.78997898,1.99854314,24.06328011,63.09557723999999
Bangladesh,BGD,SEAR,Lower-middle,2005,11.31403732,2.05873919,21.877796169999993,65.38332367000001
Bangladesh,BGD,SEAR,Lower-middle,2006,12.059880260000003,2.10646582,22.730976100000003,65.63786316000001
Bangladesh,BGD,SEAR,Lower-middle,2007,14.038987160000001,2.17268491,22.48718261999999,66.41323853
Bangladesh,BGD,SEAR,Lower-middle,2008,15.561966899999998,2.11878848,20.918968199999995,67.83094788
Bangladesh,BGD,SEAR,Lower-middle,2009,17.7030201,2.18321705,19.934850689999998,67.94347382000002
Bangladesh,BGD,SEAR,Lower-middle,2010,20.621057509999996,2.28807664,20.56865692,67.95515442000001
Bangladesh,BGD,SEAR,Lower-middle,2011,22.773483280000004,2.3641812800000004,20.40087318,68.17604828
Bangladesh,BGD,SEAR,Lower-middle,2012,23.437715530000006,2.3537878999999995,19.95433998,68.27939606000002
Bangladesh,BGD,SEAR,Lower-middle,2013,26.969182970000002,2.2957446600000004,19.046604159999998,69.62185669
Bangladesh,BGD,SEAR,Lower-middle,2014,29.911523820000003,2.27915168,18.517534259999998,70.75862885000001
Bangladesh,BGD,SEAR,Lower-middle,2015,33.209987639999994,2.2721769800000002,17.09586334,72.67826843
Bangladesh,BGD,SEAR,Lower-middle,2016,39.306476589999995,2.3893821199999996,19.903245929999997,71.49494171
Bangladesh,BGD,SEAR,Lower-middle,2017,42.17510985999999,2.36720181,21.22780418,70.08963775999999
Bangladesh,BGD,SEAR,Lower-middle,2018,44.788928989999995,2.3162224300000003,20.96880913,70.67902374
Bangladesh,BGD,SEAR,Lower-middle,2019,47.84217072,2.2576224799999998,19.790632250000005,72.05020904999999
Bangladesh,BGD,SEAR,Lower-middle,2020,51.00624084,2.2706394199999997,18.04669762,74.00198364
Bangladesh,BGD,SEAR,Lower-middle,2021,58.53958511,2.3655130899999994,16.903732299999998,72.96946716
Bangladesh,BGD,SEAR,Lower-middle,2022,61.09237671000001,2.3903858700000002,6.48057699,72.52640533000002
Bhutan,BTN,SEAR,Lower-middle,2000,30.5911293,4.1386790300000005,79.66617584000002,11.541344640000002
Bhutan,BTN,SEAR,Lower-middle,2001,35.088802339999994,4.600379470000001,71.57605742999998,8.032745359999998
Bhutan,BTN,SEAR,Lower-middle,2002,32.938018799999995,3.9516110399999995,78.37476348999999,11.153113370000002
Bhutan,BTN,SEAR,Lower-middle,2003,37.15467834,3.83481455,69.16651917000002,19.008455280000003
Bhutan,BTN,SEAR,Lower-middle,2004,46.06135941000001,4.263977529999999,66.05213927999999,16.253635409999998
Bhutan,BTN,SEAR,Lower-middle,2005,46.794342040000004,3.8330898299999996,63.90855789,16.79038239
Bhutan,BTN,SEAR,Lower-middle,2006,54.21236037999999,4.085238929999999,55.88533020000001,14.791033740000003
Bhutan,BTN,SEAR,Lower-middle,2007,64.72015381,3.8377494800000003,64.55661011,14.33664703
Bhutan,BTN,SEAR,Lower-middle,2008,57.593433379999986,3.14842224,69.12611389000001,15.474246980000004
Bhutan,BTN,SEAR,Lower-middle,2009,59.74616622999999,3.2966501699999995,73.8507843,16.581087110000002
Bhutan,BTN,SEAR,Lower-middle,2010,72.38789368,3.29502344,72.05212402000002,16.48263359
Bhutan,BTN,SEAR,Lower-middle,2011,77.75431824,3.0831062800000004,73.41854095000001,16.343927380000004
Bhutan,BTN,SEAR,Lower-middle,2012,84.09400940000002,3.32087612,69.57640839,20.506404880000005
Bhutan,BTN,SEAR,Lower-middle,2013,86.41462708000002,3.404281379999999,68.88393402000001,20.313903809999996
Bhutan,BTN,SEAR,Lower-middle,2014,87.19132233,3.28293824,69.01010132000002,21.171230320000003
Bhutan,BTN,SEAR,Lower-middle,2015,96.86671448,3.48926425,74.25157928000002,19.79465675
Bhutan,BTN,SEAR,Lower-middle,2016,97.42939757999999,3.3271007500000005,73.95302582000002,20.12969589
Bhutan,BTN,SEAR,Lower-middle,2017,103.63583374,3.1345315,74.51843262,13.3064661
Bhutan,BTN,SEAR,Lower-middle,2018,102.01222992,3.0689673400000004,79.54950714,13.16380501
Bhutan,BTN,SEAR,Lower-middle,2019,115.71811675999997,3.3751115799999996,73.56784821,17.790430069999996
Bhutan,BTN,SEAR,Lower-middle,2020,134.13723754999998,4.084515089999999,78.00773621000002,15.424658780000001
Bhutan,BTN,SEAR,Lower-middle,2021,103.67519379000001,3.0729052999999995,66.90692902,21.42639542
Bhutan,BTN,SEAR,Lower-middle,2022,154.48924255000003,4.38545895,48.96092224,34.566856380000004
India,IND,SEAR,Lower-middle,2000,18.478834149999997,4.105684760000001,20.680143359999995,71.70202637
India,IND,SEAR,Lower-middle,2001,19.744441990000002,4.337542529999999,18.876913070000004,74.10620879999999
India,IND,SEAR,Lower-middle,2002,20.156517030000003,4.314533709999999,18.1644249,73.37396240000001
India,IND,SEAR,Lower-middle,2003,21.893800739999996,4.07877731,18.71640396,73.42475128
India,IND,SEAR,Lower-middle,2004,24.9240799,4.0267949100000004,17.98241234,72.48267365
India,IND,SEAR,Lower-middle,2005,27.49770737,3.8550827500000002,20.126728059999998,73.14936828999998
India,IND,SEAR,Lower-middle,2006,29.376008989999995,3.66901541,20.506158829999997,72.25708008
India,IND,SEAR,Lower-middle,2007,35.63138961999999,3.5810399100000003,20.89888573,70.81672667999999
India,IND,SEAR,Lower-middle,2008,37.654403689999995,3.58856082,22.62734604,69.14794159
India,IND,SEAR,Lower-middle,2009,38.05965042000001,3.5463769400000005,25.610204699999997,66.75775146
India,IND,SEAR,Lower-middle,2010,44.79586029,3.3362591299999997,26.20631409,65.18476868
India,IND,SEAR,Lower-middle,2011,48.182422640000006,3.2463421800000005,28.873085019999998,62.224899289999996
India,IND,SEAR,Lower-middle,2012,48.45263672,3.32935286,27.989480969999995,63.000137329999994
India,IND,SEAR,Lower-middle,2013,55.46933746,3.74944186,23.071220399999998,69.07303619000001
India,IND,SEAR,Lower-middle,2014,56.34901810000001,3.6195654900000003,23.66404152,67.01399993999999
India,IND,SEAR,Lower-middle,2015,58.12401581,3.595659729999999,25.64012909,64.66441345000001
India,IND,SEAR,Lower-middle,2016,59.726528169999995,3.50430417,26.83841324,63.206199649999995
India,IND,SEAR,Lower-middle,2017,56.66844558999999,2.9359765099999997,32.94804382000001,55.112476349999994
India,IND,SEAR,Lower-middle,2018,57.46551132000002,2.8584938,34.292472839999995,53.22994614
India,IND,SEAR,Lower-middle,2019,60.69136810000001,2.9529979200000005,35.066108699999994,52.00421143000001
India,IND,SEAR,Lower-middle,2020,63.83099747,3.34146094,36.253368380000005,49.51094055
India,IND,SEAR,Lower-middle,2021,75.54971312999999,3.3468093899999998,40.39885712,45.10914612
India,IND,SEAR,Lower-middle,2022,79.51509856999999,3.3058846,39.108791350000004,45.9815712
Indonesia,IDN,SEAR,Upper-middle,2000,15.391487119999999,1.85297656,29.66810417,45.19502257999999
Indonesia,IDN,SEAR,Upper-middle,2001,16.873441699999997,2.1185021399999995,36.45111847,40.49210739000001
Indonesia,IDN,SEAR,Upper-middle,2002,18.97848511,1.9806270599999998,34.0422821,46.37796402
Indonesia,IDN,SEAR,Upper-middle,2003,25.510656360000002,2.24837184,36.37522888,46.01685332999999
Indonesia,IDN,SEAR,Upper-middle,2004,25.982700350000005,2.12002277,35.34217453,45.9106369
Indonesia,IDN,SEAR,Upper-middle,2005,34.09753035999999,2.5318939699999996,28.916326519999995,55.328281399999995
Indonesia,IDN,SEAR,Upper-middle,2006,44.3965683,2.6194641600000006,31.718046190000003,53.37503814999999
Indonesia,IDN,SEAR,Upper-middle,2007,55.99677657999998,2.8238556399999992,36.07474518,49.54561996
Indonesia,IDN,SEAR,Upper-middle,2008,59.242736820000005,2.54842305,35.23404312,49.36756516000001
Indonesia,IDN,SEAR,Upper-middle,2009,62.402175899999996,2.6232409500000005,35.133758539999995,49.221355439999996
Indonesia,IDN,SEAR,Upper-middle,2010,85.55950165000002,2.7908782999999993,23.68755341,60.58386612
Indonesia,IDN,SEAR,Upper-middle,2011,107.00540161,2.98942471,23.479724880000003,56.22341919
Indonesia,IDN,SEAR,Upper-middle,2012,105.85425567999998,2.91427088,26.32730865,53.617923739999995
Indonesia,IDN,SEAR,Upper-middle,2013,102.33824921000001,2.86934805,28.4687748,50.89988327
Indonesia,IDN,SEAR,Upper-middle,2014,102.00482178,2.9643356800000005,33.48835373000001,45.24729156
Indonesia,IDN,SEAR,Upper-middle,2015,96.15701294,2.92428517,39.59934235000001,42.71576691
Indonesia,IDN,SEAR,Upper-middle,2016,106.40021515000004,3.0214719800000003,45.52692032,38.12414932
Indonesia,IDN,SEAR,Upper-middle,2017,110.32610321,2.90417194,46.47950745,36.177753450000004
Indonesia,IDN,SEAR,Upper-middle,2018,110.71585845999998,2.86757827,48.67710495,35.239547730000005
Indonesia,IDN,SEAR,Upper-middle,2019,118.22380829,2.8786289700000003,48.56188965,34.55001068
Indonesia,IDN,SEAR,Upper-middle,2020,131.82257080000002,3.42067289,55.17206192,31.196216579999998
Indonesia,IDN,SEAR,Upper-middle,2021,158.89761353,3.7063493700000008,59.41187668,27.1673317
Indonesia,IDN,SEAR,Upper-middle,2022,127.44384765999999,2.6939485100000002,51.76071167,32.9629097
Maldives,MDV,SEAR,Upper-middle,2000,219.85867309999995,7.736558440000001,33.146541600000006,62.99431229
Maldives,MDV,SEAR,Upper-middle,2001,229.80044556000001,8.21364975,32.600154880000005,57.46391677999999
Maldives,MDV,SEAR,Upper-middle,2002,249.48114014000004,8.78440189,29.025987629999996,51.880859380000004
Maldives,MDV,SEAR,Upper-middle,2003,240.54026793999998,6.77857542,31.691234589999993,53.809593199999995
Maldives,MDV,SEAR,Upper-middle,2004,304.5932312,7.48356962,30.881296160000005,59.500850679999985
Maldives,MDV,SEAR,Upper-middle,2005,335.13778687,8.827533720000002,33.61769485000001,55.65866089
Maldives,MDV,SEAR,Upper-middle,2006,403.94284058000005,8.04819012,36.77770233,49.92178345000001
Maldives,MDV,SEAR,Upper-middle,2007,478.24349976,8.305681229999998,47.13253784,47.22499084
Maldives,MDV,SEAR,Upper-middle,2008,775.1459350600002,11.47104168,55.7701416,33.100242609999995
Maldives,MDV,SEAR,Upper-middle,2009,679.6629638699999,10.092881199999999,57.70215607,34.3166008
Maldives,MDV,SEAR,Upper-middle,2010,608.87176514,8.487589839999998,52.96121215999999,40.07978439
Maldives,MDV,SEAR,Upper-middle,2011,588.20758057,7.92251587,46.41235733,39.68729782
Maldives,MDV,SEAR,Upper-middle,2012,647.11553955,8.67304802,48.53068542000001,32.18829346
Maldives,MDV,SEAR,Upper-middle,2013,671.65325928,8.155093189999999,52.72491455000001,32.28968811
Maldives,MDV,SEAR,Upper-middle,2014,707.3924560499999,7.91345072,61.97496414,28.11688995
Maldives,MDV,SEAR,Upper-middle,2015,837.4729003900002,8.72545815,71.81314087000001,19.45229149
Maldives,MDV,SEAR,Upper-middle,2016,1017.99908447,10.305445670000001,72.05833434999998,18.93492508
Maldives,MDV,SEAR,Upper-middle,2017,961.57415771,9.26917839,71.24165344,20.585186000000004
Maldives,MDV,SEAR,Upper-middle,2018,833.21575928,7.436278339999999,77.28492737,19.779842380000005
Maldives,MDV,SEAR,Upper-middle,2019,880.7996215799998,7.65845585,78.3404007,17.46362114
Maldives,MDV,SEAR,Upper-middle,2020,845.8244018599999,11.3365984,79.9908371,16.90793228
Maldives,MDV,SEAR,Upper-middle,2021,1057.34313965,10.09611702,71.06060790999999,14.919875139999998
Maldives,MDV,SEAR,Upper-middle,2022,1150.6855468799997,9.65276241,78.14987183000001,17.54257965
Myanmar,MMR,SEAR,Lower-middle,2000,4.472149849999999,2.1259119500000003,13.159116740000002,85.6558075
Myanmar,MMR,SEAR,Lower-middle,2001,4.627007009999999,2.2892551399999994,11.269131659999998,85.89756775
Myanmar,MMR,SEAR,Lower-middle,2002,7.081772800000001,2.7470636399999995,13.91563702,82.23466492000001
Myanmar,MMR,SEAR,Lower-middle,2003,6.574803829999999,2.5368926499999995,10.20589352,83.16689301000002
Myanmar,MMR,SEAR,Lower-middle,2004,7.01517916,2.46972823,10.880519870000004,78.88469696
Myanmar,MMR,SEAR,Lower-middle,2005,7.652544979999999,2.4826159500000005,7.291221619999999,82.50259399
Myanmar,MMR,SEAR,Lower-middle,2006,8.474151609999998,2.39884496,11.947760579999999,75.01602936
Myanmar,MMR,SEAR,Lower-middle,2007,9.913840290000001,2.15582204,10.04284286,82.16391753999999
Myanmar,MMR,SEAR,Lower-middle,2008,14.70817947,2.2465462699999996,8.106001849999998,82.45877075000001
Myanmar,MMR,SEAR,Lower-middle,2009,18.70313454,2.30063438,8.66210079,82.26850128
Myanmar,MMR,SEAR,Lower-middle,2010,20.23270416,2.0836842100000004,9.8407793,80.74465941999999
Myanmar,MMR,SEAR,Lower-middle,2011,27.40522575,2.0655150399999997,11.95902157,77.27888489
Myanmar,MMR,SEAR,Lower-middle,2012,37.25568008,2.5793314,17.21872711,76.7002182
Myanmar,MMR,SEAR,Lower-middle,2013,37.68575287,3.2941038600000008,18.874179840000004,72.23144531
Myanmar,MMR,SEAR,Lower-middle,2014,54.28113556000001,4.39346027,24.184955600000002,66.03540802
Myanmar,MMR,SEAR,Lower-middle,2015,63.62335968,5.47780561,21.99240685,70.45003510000001
Myanmar,MMR,SEAR,Lower-middle,2016,59.679103850000004,5.11349964,13.985280040000003,76.67272948999998
Myanmar,MMR,SEAR,Lower-middle,2017,59.517826080000006,5.08065701,14.794791219999999,75.68733215
Myanmar,MMR,SEAR,Lower-middle,2018,60.83261871,4.89992189,14.828792569999996,76.44635772999999
Myanmar,MMR,SEAR,Lower-middle,2019,53.72147369,4.07903337,15.95957279,76.56387328999999
Myanmar,MMR,SEAR,Lower-middle,2020,66.02284241000001,4.38807583,16.652610780000003,72.57280731
Myanmar,MMR,SEAR,Lower-middle,2021,71.14800262,5.8359928100000005,16.61196899,54.10145568999999
Myanmar,MMR,SEAR,Lower-middle,2022,57.96875762999999,5.2047624599999995,11.051902770000002,65.13663482999999
Nepal,NPL,SEAR,Lower-middle,2000,8.34249592,3.1329207399999994,15.510354999999999,55.78205108999998
Nepal,NPL,SEAR,Lower-middle,2001,10.26854038,3.8122990100000003,15.324248309999998,51.26501846
Nepal,NPL,SEAR,Lower-middle,2002,10.46419716,3.9386334399999994,20.12696648,51.95619583
Nepal,NPL,SEAR,Lower-middle,2003,11.06888008,3.8560729,17.12200737,53.80937958
Nepal,NPL,SEAR,Lower-middle,2004,12.924682620000002,4.0462989799999995,15.988022800000001,51.60284423999999
Nepal,NPL,SEAR,Lower-middle,2005,14.146933559999999,3.95095325,19.06447411,49.217956539999996
Nepal,NPL,SEAR,Lower-middle,2006,13.680477140000002,3.544024470000001,23.90191078,42.50187301999999
Nepal,NPL,SEAR,Lower-middle,2007,17.13900185,3.6729748200000003,18.46653366,60.961532590000004
Nepal,NPL,SEAR,Lower-middle,2008,18.86374855,3.81756353,18.62998962,61.62509154999999
Nepal,NPL,SEAR,Lower-middle,2009,20.86620903,3.9017951500000003,20.41424179,57.623226169999995
Nepal,NPL,SEAR,Lower-middle,2010,29.62231827,4.3613152500000005,18.12849426,56.20389174999999
Nepal,NPL,SEAR,Lower-middle,2011,34.14775085,4.452201839999999,17.892612460000002,58.37966919
Nepal,NPL,SEAR,Lower-middle,2012,33.649639130000004,4.49078751,17.519140240000002,56.07543182000002
Nepal,NPL,SEAR,Lower-middle,2013,35.14327621,4.630129810000001,16.34459686,63.53343964
Nepal,NPL,SEAR,Lower-middle,2014,41.97391509999999,5.075493810000001,17.213039400000003,60.04753493999999
Nepal,NPL,SEAR,Lower-middle,2015,46.49585342,5.466155529999999,16.63467979,59.43524169999999
Nepal,NPL,SEAR,Lower-middle,2016,47.12328720000001,5.42378998,18.57956314,55.44006729
Nepal,NPL,SEAR,Lower-middle,2017,49.63053513000001,4.721709729999999,22.56427383,57.37584686
Nepal,NPL,SEAR,Lower-middle,2018,51.16128922,4.52808428,23.566818240000003,57.72974395999999
Nepal,NPL,SEAR,Lower-middle,2019,53.61107254000001,4.44524717,24.80925369,57.913131709999995
Nepal,NPL,SEAR,Lower-middle,2020,59.079414370000016,5.208096500000001,30.05291367,54.170970920000016
Nepal,NPL,SEAR,Lower-middle,2021,66.54234313999999,5.323331360000001,33.19998932,51.26197051999999
Nepal,NPL,SEAR,Lower-middle,2022,88.26616668999999,6.6558933300000005,31.64111519,55.78992081
Sri Lanka,LKA,SEAR,Lower-middle,2000,42.54893112,4.10818672,53.62960815,40.043853760000005
Sri Lanka,LKA,SEAR,Lower-middle,2001,39.87185286999999,4.056628229999999,52.56715012000001,41.091323849999995
Sri Lanka,LKA,SEAR,Lower-middle,2002,41.240432739999996,4.03715754,53.45138168,40.45339584
Sri Lanka,LKA,SEAR,Lower-middle,2003,40.82443619,3.64646697,55.08138275,37.609306339999996
Sri Lanka,LKA,SEAR,Lower-middle,2004,49.148353580000006,4.039125920000001,52.70340346999999,41.03234863000001
Sri Lanka,LKA,SEAR,Lower-middle,2005,55.40001297000001,3.87908745,52.63922119,40.50283051000001
Sri Lanka,LKA,SEAR,Lower-middle,2006,63.2890892,3.85019565,50.963779450000004,40.94941711
Sri Lanka,LKA,SEAR,Lower-middle,2007,71.38779448999999,3.82258177,48.49552154999999,44.851795200000005
Sri Lanka,LKA,SEAR,Lower-middle,2008,90.00082397,3.8548295499999994,43.21922683999999,50.640728
Sri Lanka,LKA,SEAR,Lower-middle,2009,97.26274872,4.05676842,40.6007843,53.285530089999995
Sri Lanka,LKA,SEAR,Lower-middle,2010,105.07371521,3.7414515,40.43683623999999,53.29795073999999
Sri Lanka,LKA,SEAR,Lower-middle,2011,115.51642609000001,3.5819520999999996,42.542720790000004,51.22101593000001
Sri Lanka,LKA,SEAR,Lower-middle,2012,110.03600310999998,3.3065929400000003,42.223995210000005,51.93098831
Sri Lanka,LKA,SEAR,Lower-middle,2013,133.15968322999998,3.6936535799999994,45.41758728,48.93375397
Sri Lanka,LKA,SEAR,Lower-middle,2014,132.82194519,3.46786141,44.72919846,48.68254089
Sri Lanka,LKA,SEAR,Lower-middle,2015,144.29077147999996,3.6826396000000003,43.95829391000001,48.93215179
Sri Lanka,LKA,SEAR,Lower-middle,2016,145.32496643,3.61788416,43.12142181,50.12160110000001
Sri Lanka,LKA,SEAR,Lower-middle,2017,142.32518005000003,3.3309342900000005,41.00520325000001,49.252330779999994
Sri Lanka,LKA,SEAR,Lower-middle,2018,154.64622498,3.6418879000000004,45.69159317,46.81987
Sri Lanka,LKA,SEAR,Lower-middle,2019,154.87071228,3.8990495200000006,47.324356079999994,45.507411960000006
Sri Lanka,LKA,SEAR,Lower-middle,2020,152.001297,4.061347479999999,48.9367218,43.762817379999994
Sri Lanka,LKA,SEAR,Lower-middle,2021,157.13322449,4.02830219,47.11619568,42.98878479000001
Sri Lanka,LKA,SEAR,Lower-middle,2022,145.55810547000002,4.362698549999999,40.26950073000001,40.223396300000005
Thailand,THA,SEAR,Upper-middle,2000,62.21043014999999,3.1012535100000003,55.18834305,34.185588839999994
Thailand,THA,SEAR,Upper-middle,2001,57.19389343,3.0262377299999996,55.01472473,33.98860931
Thailand,THA,SEAR,Upper-middle,2002,69.68746184999999,3.3347229999999994,62.26510239,27.897083280000004
Thailand,THA,SEAR,Upper-middle,2003,76.13368225,3.24312782,63.07395935000001,27.167800899999992
Thailand,THA,SEAR,Upper-middle,2004,82.91682434,3.13893151,64.11597442999998,26.408851619999997
Thailand,THA,SEAR,Upper-middle,2005,90.61147308,3.15972233,63.71009064,27.58306313
Thailand,THA,SEAR,Upper-middle,2006,103.26116943,3.0997083200000004,71.95246124,17.656862259999997
Thailand,THA,SEAR,Upper-middle,2007,125.10979462,3.1927752500000004,75.60999297999999,14.813794140000002
Thailand,THA,SEAR,Upper-middle,2008,149.06762695000003,3.4593393800000003,75.36881256000001,14.701762200000001
Thailand,THA,SEAR,Upper-middle,2009,149.67800903000003,3.619396450000001,73.12874603000002,15.90248966
Thailand,THA,SEAR,Upper-middle,2010,168.61891174000004,3.39009809,73.77249908000002,14.4973793
Thailand,THA,SEAR,Upper-middle,2011,191.74464417000004,3.56825495,76.42584228999998,13.008712769999999
Thailand,THA,SEAR,Upper-middle,2012,201.70690918,3.5229403999999995,76.07963562,13.421868319999998
Thailand,THA,SEAR,Upper-middle,2013,207.81243896,3.4531333399999995,75.95276642,12.54023266
Thailand,THA,SEAR,Upper-middle,2014,213.74395752,3.68448091,75.68395233,12.85608101
Thailand,THA,SEAR,Upper-middle,2015,219.15092468000003,3.8522860999999997,71.35247803,11.910616870000002
Thailand,THA,SEAR,Upper-middle,2016,229.78498840000003,3.9390060899999995,72.38878632000002,10.8130331
Thailand,THA,SEAR,Upper-middle,2017,247.08152770999996,3.8527684200000003,72.03818512000001,11.837903979999998
Thailand,THA,SEAR,Upper-middle,2018,274.71221924,3.87040329,70.86565398999998,10.11109638
Thailand,THA,SEAR,Upper-middle,2019,288.31097412,3.7891187700000004,71.65908051000001,8.66960335
Thailand,THA,SEAR,Upper-middle,2020,304.3817748999999,4.35724688,70.36411285,10.542767519999998
Thailand,THA,SEAR,Upper-middle,2021,363.72845459000007,5.15337038,70.36208343999999,9.04449558
Thailand,THA,SEAR,Upper-middle,2022,369.97647095,5.3547058100000005,72.69755554000001,9.21155357
Timor-Leste,TLS,SEAR,Lower-middle,2003,15.187595370000002,2.8418703100000005,46.213356020000006,40.93309021
Timor-Leste,TLS,SEAR,Lower-middle,2004,20.225694660000002,4.261035439999999,39.22528076000001,34.590721130000006
Timor-Leste,TLS,SEAR,Lower-middle,2005,25.72540092,5.280447479999999,40.225555420000006,33.20261764999999
Timor-Leste,TLS,SEAR,Lower-middle,2006,27.901699070000006,6.0019202200000015,39.92942429,22.019386289999996
Timor-Leste,TLS,SEAR,Lower-middle,2007,30.51906586,5.647932529999999,17.111619949999998,18.25991249
Timor-Leste,TLS,SEAR,Lower-middle,2008,43.719539639999994,6.96563959,48.78695678999999,11.520394329999998
Timor-Leste,TLS,SEAR,Lower-middle,2009,50.18856049,7.309318069999999,44.404331209999995,8.84477043
Timor-Leste,TLS,SEAR,Lower-middle,2010,52.6151619,6.47058821,50.81827926999999,11.56462669
Timor-Leste,TLS,SEAR,Lower-middle,2011,64.43626404,6.86541462,51.97423172000001,9.9248476
Timor-Leste,TLS,SEAR,Lower-middle,2012,71.46888733,6.992152209999998,59.33763504000001,9.493401529999998
Timor-Leste,TLS,SEAR,Lower-middle,2013,102.79840851000002,8.5323782,52.102035519999994,6.96823168
Timor-Leste,TLS,SEAR,Lower-middle,2014,93.10574340999999,7.604837419999998,54.27038573999998,7.906072140000001
Timor-Leste,TLS,SEAR,Lower-middle,2015,101.4779892,7.672165870000001,57.43532562,7.359294889999999
Timor-Leste,TLS,SEAR,Lower-middle,2016,92.69400787000001,6.896251679999999,49.641098019999994,7.90464401
Timor-Leste,TLS,SEAR,Lower-middle,2017,86.16269684000001,6.75752544,65.98954773,8.34491539
Timor-Leste,TLS,SEAR,Lower-middle,2018,78.07413482999999,6.36952639,61.74252701,10.156639099999998
Timor-Leste,TLS,SEAR,Lower-middle,2019,78.01346588,6.026792529999999,57.67988586,10.487591740000001
Timor-Leste,TLS,SEAR,Lower-middle,2020,118.49451447000001,9.93865013,55.27836990000001,6.684258939999999
Timor-Leste,TLS,SEAR,Lower-middle,2021,132.07870483000002,11.431059839999998,63.44329834,5.890944960000001
Timor-Leste,TLS,SEAR,Lower-middle,2022,174.91215515,14.324546809999998,71.95804596,5.477785590000001
Australia,AUS,WPR,High,2000,1626.7338867199996,7.58869076,71.8363266,20.99713898
Australia,AUS,WPR,High,2001,1550.3739013700003,7.67391729,71.10848236,20.439098359999996
Australia,AUS,WPR,High,2002,1752.93896484,7.87221003,71.93769072999999,19.92001152
Australia,AUS,WPR,High,2003,2227.12768555,7.876595020000001,71.34125519,19.147588730000002
Australia,AUS,WPR,High,2004,2744.0810546899993,8.082576750000001,71.68710327000001,19.21869659
Australia,AUS,WPR,High,2005,2995.87255859,7.964863299999999,71.83748627000003,19.643014909999998
Australia,AUS,WPR,High,2006,3174.86865234,7.971611020000002,71.66631317000001,19.74941826
Australia,AUS,WPR,High,2007,3792.809814450001,8.0517149,72.90619659,19.00255966
Australia,AUS,WPR,High,2008,4083.4294433599994,8.247374529999998,72.32991790999998,19.04162598
Australia,AUS,WPR,High,2009,3989.4411621099994,8.54235363,73.01054382,19.05284309
Australia,AUS,WPR,High,2010,4947.96337891,8.41878414,72.35727692,19.74928665
Australia,AUS,WPR,High,2011,5876.885253910001,8.533604620000002,73.26029968,19.17248344
Australia,AUS,WPR,High,2012,6038.87158203,8.669225690000001,71.23465728999999,19.93433952
Australia,AUS,WPR,High,2013,5811.868652339999,8.744581220000002,67.7279892,19.526924130000005
Australia,AUS,WPR,High,2014,6098.25439453,9.82490253,70.11461639000001,17.84736443
Australia,AUS,WPR,High,2015,5294.57226563,10.17367649,71.02828216999998,17.201881410000002
Australia,AUS,WPR,High,2016,5423.826660160001,10.08972931,71.10354614,16.946569439999998
Australia,AUS,WPR,High,2017,5780.537109379999,10.11242294,71.25540923999999,16.604318619999997
Australia,AUS,WPR,High,2018,5830.1015625,10.051630970000001,71.49372864,16.229623789999998
Australia,AUS,WPR,High,2019,5529.19482422,10.21285057,73.78526306,14.706591609999998
Australia,AUS,WPR,High,2020,5952.890625,10.660401340000002,73.68559265000002,14.886137009999999
Australia,AUS,WPR,High,2021,7039.577636719999,10.42525291,76.04151917000002,13.837267880000004
Australia,AUS,WPR,High,2022,6730.99511719,9.926878929999999,74.14198303,15.2829895
Brunei Darussalam,BRN,WPR,High,2000,519.05047607,2.5479064,84.16868591,15.831313130000002
Brunei Darussalam,BRN,WPR,High,2001,474.1170654299999,2.5465107,83.19325255999999,16.80674553
Brunei Darussalam,BRN,WPR,High,2002,482.52624511999994,2.5344793799999996,83.58944702000001,16.410551069999997
Brunei Darussalam,BRN,WPR,High,2003,545.55560303,2.60260582,82.94866180000001,17.051338199999996
Brunei Darussalam,BRN,WPR,High,2004,630.73266602,2.55193377,83.09052277,16.90948105
Brunei Darussalam,BRN,WPR,High,2005,657.31945801,2.23386168,83.66603851000002,16.33396339
Brunei Darussalam,BRN,WPR,High,2006,664.7449951199999,1.9072516,85.31147003,14.68852711
Brunei Darussalam,BRN,WPR,High,2007,710.4229736300001,1.9414544100000004,87.21500397,12.78499889
Brunei Darussalam,BRN,WPR,High,2008,792.0136718799998,1.8761202100000003,89.89176177999998,10.10823727
Brunei Darussalam,BRN,WPR,High,2009,739.2801513699999,2.39306617,90.50059508999999,9.49940205
Brunei Darussalam,BRN,WPR,High,2010,795.9776611300001,2.2782609500000004,91.73864746000001,8.261348719999999
Brunei Darussalam,BRN,WPR,High,2011,864.6378784200002,1.86409724,91.52812958000001,8.471868520000001
Brunei Darussalam,BRN,WPR,High,2012,869.3655395500002,1.8509720600000001,91.14807128999999,8.85192871
Brunei Darussalam,BRN,WPR,High,2013,835.32452393,1.8983139999999998,90.59258270000001,9.407419200000001
Brunei Darussalam,BRN,WPR,High,2014,785.4121093799998,1.9143680299999999,92.66539764000001,7.33459949
Brunei Darussalam,BRN,WPR,High,2015,731.0498046899999,2.3870890100000004,95.02642059000001,4.97357655
Brunei Darussalam,BRN,WPR,High,2016,679.46929932,2.5482869100000003,95.02018738,4.97981501
Brunei Darussalam,BRN,WPR,High,2017,636.22973633,2.27022862,94.58857727000002,5.411423210000001
Brunei Darussalam,BRN,WPR,High,2018,747.7253417999998,2.41289377,95.14164734000002,4.85835171
Brunei Darussalam,BRN,WPR,High,2019,677.8262939500001,2.2277422000000002,94.49181366,5.5081849100000015
Brunei Darussalam,BRN,WPR,High,2020,657.90374756,2.4517846100000003,94.18547058,5.81453037
Brunei Darussalam,BRN,WPR,High,2021,665.54083252,2.1464242899999997,93.06930541999998,6.930693150000001
Brunei Darussalam,BRN,WPR,High,2022,665.86773682,1.81768215,92.34159851000001,7.658401970000002
Cambodia,KHM,WPR,Lower-middle,2000,19.282104490000005,6.482484339999999,19.727249149999995,68.74071503000002
Cambodia,KHM,WPR,Lower-middle,2001,22.18662643,6.76128578,16.844552990000004,62.38497543
Cambodia,KHM,WPR,Lower-middle,2002,24.262771609999998,6.920607090000002,19.265470500000003,60.820850369999995
Cambodia,KHM,WPR,Lower-middle,2003,25.009429929999996,6.458336349999999,21.229335780000003,61.891117099999995
Cambodia,KHM,WPR,Lower-middle,2004,28.810977940000004,6.4859705000000005,19.20703506,56.64434814
Cambodia,KHM,WPR,Lower-middle,2005,32.339042660000004,6.15047693,17.677593230000003,61.23876953000001
Cambodia,KHM,WPR,Lower-middle,2006,32.844944000000005,5.3646059,15.593081469999998,52.64817810000001
Cambodia,KHM,WPR,Lower-middle,2007,30.775926589999994,4.206129549999999,19.725906369999997,48.977367400000006
Cambodia,KHM,WPR,Lower-middle,2008,48.62422562,5.61296654,15.53217125,51.07616043
Cambodia,KHM,WPR,Lower-middle,2009,55.250736239999995,6.308969499999999,16.067863459999998,50.50344467000001
Cambodia,KHM,WPR,Lower-middle,2010,53.58575439,5.62713194,19.73364639,51.90946579
Cambodia,KHM,WPR,Lower-middle,2011,65.3871994,6.004436490000001,17.053964609999998,59.741882320000016
Cambodia,KHM,WPR,Lower-middle,2012,68.28430939,5.72469473,19.37299538,60.47090529999999
Cambodia,KHM,WPR,Lower-middle,2013,71.30926514000001,5.461548810000001,19.98289299,61.22215652000001
Cambodia,KHM,WPR,Lower-middle,2014,72.69956207000001,5.078330520000001,18.499704360000003,58.62177657999998
Cambodia,KHM,WPR,Lower-middle,2015,71.56456757000002,4.62506533,21.70782852,57.33106613000001
Cambodia,KHM,WPR,Lower-middle,2016,75.22520447,4.490532880000001,23.22853661,56.053897860000006
Cambodia,KHM,WPR,Lower-middle,2017,77.97311401,4.2693324100000005,26.51512527,58.23595047000001
Cambodia,KHM,WPR,Lower-middle,2018,91.59080505,4.497077939999999,26.890640260000005,60.96880341000001
Cambodia,KHM,WPR,Lower-middle,2019,112.5851059,5.0580105799999995,24.307716369999998,64.39125061000001
Cambodia,KHM,WPR,Lower-middle,2020,110.01118468999998,5.284580229999999,26.8632679,62.05143356000001
Cambodia,KHM,WPR,Lower-middle,2021,119.63545989999997,5.51976061,26.582723619999996,54.938823699999986
Cambodia,KHM,WPR,Lower-middle,2022,109.52975464000001,4.71089554,24.88885498,61.211013789999996
China,CHN,WPR,Upper-middle,2000,42.80797577,4.50828123,21.97528839,60.12533951
China,CHN,WPR,Upper-middle,2001,44.36042023,4.25330067,22.91764259,64.19143677000001
China,CHN,WPR,Upper-middle,2002,49.92394638,4.382852550000001,25.385835649999997,62.850822449999995
China,CHN,WPR,Upper-middle,2003,56.54468154999999,4.417627810000001,28.373737339999998,60.71776581
China,CHN,WPR,Upper-middle,2004,64.28150177,4.29347467,30.244005200000004,58.76867676000002
China,CHN,WPR,Upper-middle,2005,73.00266266000001,4.17605019,32.757736210000004,57.68999481000001
China,CHN,WPR,Upper-middle,2006,82.48256683,3.94742203,35.13990021000001,55.99118422999999
China,CHN,WPR,Upper-middle,2007,98.5569458,3.6749141199999995,39.02609253,51.29121017
China,CHN,WPR,Upper-middle,2008,133.83999634000003,3.9000020000000006,44.522399899999996,47.368251799999996
China,CHN,WPR,Upper-middle,2009,164.87619019,4.34958458,49.39831542999999,43.45621871999999
China,CHN,WPR,Upper-middle,2010,188.87156677,4.23068333,51.90623093000001,40.80001450000001
China,CHN,WPR,Upper-middle,2011,239.19824218999997,4.3427438700000005,53.72208786000001,40.265541080000006
China,CHN,WPR,Upper-middle,2012,284.69760132,4.56584787,55.7352562,39.23458862
China,CHN,WPR,Upper-middle,2013,329.08572388000005,4.714906689999999,57.05029296999999,38.15951538
China,CHN,WPR,Upper-middle,2014,362.2869567900001,4.777905939999998,58.41548919999999,36.56483078
China,CHN,WPR,Upper-middle,2015,393.09768677,4.93827963,60.181011199999986,35.089286799999996
China,CHN,WPR,Upper-middle,2016,398.17489623999995,4.97955608,58.1014328,35.90618515
China,CHN,WPR,Upper-middle,2017,439.94006348000005,5.06592178,56.673347469999996,36.050411219999994
China,CHN,WPR,Upper-middle,2018,504.10980225000003,5.16790485,56.416419979999986,35.75046920999999
China,CHN,WPR,Upper-middle,2019,538.99157715,5.3502779,55.97903823999999,35.230018619999996
China,CHN,WPR,Upper-middle,2020,582.95092773,5.593597409999999,54.723922730000005,34.79100799999999
China,CHN,WPR,Upper-middle,2021,670.2589721699999,5.38360548,54.06824492999998,34.394763950000005
China,CHN,WPR,Upper-middle,2022,672.45159912,5.369486810000001,54.87413788,33.587120060000004
Cook Islands,COK,WPR,High,2000,191.45652771,3.0359423199999998,90.23220062,9.767800330000004
Cook Islands,COK,WPR,High,2001,224.59558105000002,3.25854468,89.29056548999998,8.30575371
Cook Islands,COK,WPR,High,2002,278.53833008000004,3.4360501799999996,89.2756958,8.26622105
Cook Islands,COK,WPR,High,2003,355.12875366,3.20133734,85.09092712000002,9.63969898
Cook Islands,COK,WPR,High,2004,440.38208008000004,3.4095442299999994,80.68863678,9.419530870000001
Cook Islands,COK,WPR,High,2005,514.26947021,3.9065279999999993,75.30516052,7.24228239
Cook Islands,COK,WPR,High,2006,467.60961914,3.4689555200000006,84.49481964,8.83691978
Cook Islands,COK,WPR,High,2007,616.1112060499999,4.21186018,68.77944183,6.00236702
Cook Islands,COK,WPR,High,2008,508.04852295,3.601237540000001,79.80893707000001,7.436921119999999
Cook Islands,COK,WPR,High,2009,473.5692749,3.61928916,87.66865540000002,4.578500270000001
Cook Islands,COK,WPR,High,2010,528.5037841799999,3.7260463200000005,86.86544037,4.362911220000001
Cook Islands,COK,WPR,High,2011,569.30047607,3.6537582900000003,86.39142609000001,4.64143515
Cook Islands,COK,WPR,High,2012,541.38861084,3.1937453700000002,88.38525390999999,4.43976641
Cook Islands,COK,WPR,High,2013,577.91070557,3.5179994099999994,81.34509277000002,3.76866078
Cook Islands,COK,WPR,High,2014,678.7437744100001,3.7251343700000006,81.37473297,3.2687239600000004
Cook Islands,COK,WPR,High,2015,501.4207458499999,2.89495659,86.47705078000001,3.6886992500000004
Cook Islands,COK,WPR,High,2016,575.1755981399999,3.2173528700000005,87.69863129,2.94494796
Cook Islands,COK,WPR,High,2017,497.15359497,2.4521865800000002,85.89509583000002,3.86959767
Cook Islands,COK,WPR,High,2018,582.3488769500001,2.66462302,89.37107849,3.5490820400000005
Cook Islands,COK,WPR,High,2019,687.4976806600001,3.10784459,92.82380676,2.7865154699999994
Cook Islands,COK,WPR,High,2020,1056.9173584,5.834227560000001,94.36176300000001,1.5772442800000002
Cook Islands,COK,WPR,High,2021,1162.95056152,7.148722650000001,90.12427521000002,1.6893075699999998
Cook Islands,COK,WPR,High,2022,1130.22229004,5.74317455,92.62332153,2.4034471500000003
Fiji,FJI,WPR,Upper-middle,2000,74.28569794,3.4244117700000003,76.84042358,10.83726692
Fiji,FJI,WPR,Upper-middle,2001,61.49855804,2.9054729899999994,71.81423187,13.17821217
Fiji,FJI,WPR,Upper-middle,2002,69.40512084999999,2.98349524,73.79863739,12.318936349999998
Fiji,FJI,WPR,Upper-middle,2003,86.09690094000001,2.9729819300000004,74.78234099999999,12.854729650000001
Fiji,FJI,WPR,Upper-middle,2004,110.06819153000001,3.25768542,68.07650757000002,12.95536804
Fiji,FJI,WPR,Upper-middle,2005,120.21074677000001,3.2565667600000006,74.21461487,12.087748529999999
Fiji,FJI,WPR,Upper-middle,2006,126.38617706,3.3479819300000004,73.94041442999999,14.34637165
Fiji,FJI,WPR,Upper-middle,2007,140.30192566,3.4151499299999997,72.27155304,15.587112430000001
Fiji,FJI,WPR,Upper-middle,2008,134.50354004000002,3.18467116,69.44023895000001,16.505611419999997
Fiji,FJI,WPR,Upper-middle,2009,121.05646515000004,3.5358762700000006,62.00360870000001,24.58940125
Fiji,FJI,WPR,Upper-middle,2010,127.65603637999997,3.4166412399999997,63.89648819,22.37072182
Fiji,FJI,WPR,Upper-middle,2011,140.93704224,3.1429350400000002,60.13539886000001,25.316785809999995
Fiji,FJI,WPR,Upper-middle,2012,153.56562805,3.2655499,58.61301041,24.789247509999996
Fiji,FJI,WPR,Upper-middle,2013,158.51806641,3.20040679,58.48069,22.546636580000005
Fiji,FJI,WPR,Upper-middle,2014,178.31169127999996,3.36860466,61.334197999999994,19.89637375
Fiji,FJI,WPR,Upper-middle,2015,169.47518920999997,3.3246893899999996,63.11803055,21.02604485
Fiji,FJI,WPR,Upper-middle,2016,175.91635132,3.2797970799999994,63.902282709999994,20.63828468
Fiji,FJI,WPR,Upper-middle,2017,185.69645691,3.18689561,66.230896,15.594248769999998
Fiji,FJI,WPR,Upper-middle,2018,249.86022949,4.105726239999999,60.064586639999995,18.002981190000003
Fiji,FJI,WPR,Upper-middle,2019,254.83047484999997,4.28229284,61.70609664999999,19.14904594
Fiji,FJI,WPR,Upper-middle,2020,256.25967406999996,5.289874080000001,56.713741299999995,22.830226900000003
Fiji,FJI,WPR,Upper-middle,2021,331.58413695999997,7.060846810000001,51.79610825000001,24.70991325
Fiji,FJI,WPR,Upper-middle,2022,217.15068054,4.00910091,79.55296326,7.9989705099999995
Fiji,FJI,WPR,Upper-middle,2023,212.88697815,3.5792877700000005,74.75609589,8.31420898
Japan,JPN,WPR,High,2000,2751.38452148,7.034561629999999,80.43052672999998,15.916363719999998
Japan,JPN,WPR,High,2001,2488.6518554700006,7.239479059999999,80.96408081,15.7857008
Japan,JPN,WPR,High,2002,2412.35131836,7.35235405,80.75297546000002,15.978507040000002
Japan,JPN,WPR,High,2003,2650.23852539,7.48654842,79.96381378,16.88677597
Japan,JPN,WPR,High,2004,2884.67358398,7.535184380000001,80.27420044,16.58894539
Japan,JPN,WPR,High,2005,2892.6047363300004,7.65818596,81.16796112,15.67343521
Japan,JPN,WPR,High,2006,2763.53344727,7.686888690000002,80.3215332,16.42206764
Japan,JPN,WPR,High,2007,2781.49365234,7.7793569599999985,81.24928284,15.51505852
Japan,JPN,WPR,High,2008,3223.29101563,8.089093209999998,81.17062378,15.238265040000002
Japan,JPN,WPR,High,2009,3696.584228519999,8.958782199999998,81.29418182000002,15.159132959999999
Japan,JPN,WPR,High,2010,4071.802001950001,9.0630064,81.92724609000001,14.57035923
Japan,JPN,WPR,High,2011,5103.34326172,10.487801549999999,83.74062347000002,13.12178326
Japan,JPN,WPR,High,2012,5232.36279297,10.671690940000001,83.93068695,12.972344399999997
Japan,JPN,WPR,High,2013,4356.155273440001,10.674386980000001,84.26091002999999,12.70128059
Japan,JPN,WPR,High,2014,4121.21142578,10.7290144,84.11785889000001,12.869680400000002
Japan,JPN,WPR,High,2015,3754.18115234,10.74969959,84.08298492,12.94767094
Japan,JPN,WPR,High,2016,4194.22802734,10.658915519999997,84.03720856000002,12.85439873
Japan,JPN,WPR,High,2017,4135.243164060001,10.656270979999999,84.21469116,12.65492725
Japan,JPN,WPR,High,2018,4265.77929688,10.739882470000001,83.77095032000001,12.994566920000002
Japan,JPN,WPR,High,2019,4431.299804690001,10.96998405,83.96395111,12.901772500000002
Japan,JPN,WPR,High,2020,4486.63671875,11.209036829999999,85.15347290000003,11.705635070000001
Japan,JPN,WPR,High,2021,4482.618164059999,11.18996906,85.18865966999999,11.73142529
Japan,JPN,WPR,High,2022,3889.357177730001,11.421836850000002,86.01367188,10.97316837
Kiribati,KIR,WPR,Lower-middle,2000,65.61151886,7.77379847,96.68035889000001,0.15057537999999998
Kiribati,KIR,WPR,Lower-middle,2001,85.88798522999998,11.905476570000003,96.30434417999999,0.099994
Kiribati,KIR,WPR,Lower-middle,2002,92.96794890999999,11.440289499999999,95.84044646999999,0.10957966999999999
Kiribati,KIR,WPR,Lower-middle,2003,102.43731688999999,10.050607679999999,96.13912201000002,0.11495876000000001
Kiribati,KIR,WPR,Lower-middle,2004,132.29045105,12.17176056,97.121315,0.09662170999999997
Kiribati,KIR,WPR,Lower-middle,2005,131.88641357,11.363019940000001,96.42111206,0.11812721000000001
Kiribati,KIR,WPR,Lower-middle,2006,126.86061859000002,11.30852318,83.09328461000001,0.05934824000000001
Kiribati,KIR,WPR,Lower-middle,2007,148.05868530000004,10.945454600000001,80.48626709000001,0.16611296000000003
Kiribati,KIR,WPR,Lower-middle,2008,190.33927917000005,13.514286040000002,74.43775177,0.16913319
Kiribati,KIR,WPR,Lower-middle,2009,167.97206115999998,12.73888874,63.77962112,0.43610990000000005
Kiribati,KIR,WPR,Lower-middle,2010,133.15927124,8.766666410000003,90.79120636,0.6337135400000001
Kiribati,KIR,WPR,Lower-middle,2011,141.51380919999997,7.989473819999999,94.0425415,0.6587615
Kiribati,KIR,WPR,Lower-middle,2012,146.61944580000002,7.94999981,88.65327454000001,0.62893081
Kiribati,KIR,WPR,Lower-middle,2013,154.34346007999997,8.7081337,81.71276092999999,0.54945058
Kiribati,KIR,WPR,Lower-middle,2014,155.38656615999997,8.954955100000001,82.50756836000001,0.50301808
Kiribati,KIR,WPR,Lower-middle,2015,118.33458709999998,7.215686319999999,84.20456696,1.0869564999999999
Kiribati,KIR,WPR,Lower-middle,2016,157.72897339,9.04265118,85.12814331,0.7955901599999999
Kiribati,KIR,WPR,Lower-middle,2017,179.57881164999998,9.68424225,85.56938170999999,0.7096943899999999
Kiribati,KIR,WPR,Lower-middle,2018,208.73831177000002,10.896942140000004,80.62759399,0.5863825100000001
Kiribati,KIR,WPR,Lower-middle,2019,177.93025207999995,10.166002270000002,90.80039215000001,0.6305582499999999
Kiribati,KIR,WPR,Lower-middle,2020,239.24353026999998,13.530001640000004,69.73468018,0.68435019
Kiribati,KIR,WPR,Lower-middle,2021,262.54107666000004,11.653999330000001,75.10938263,0.6686294700000001
Kiribati,KIR,WPR,Lower-middle,2022,217.68276978000003,10.498550419999999,80.85797119,0.78772789
Lao People's Democratic Republic,LAO,WPR,Lower-middle,2000,14.103138919999997,4.275135990000001,28.842582699999998,44.77973938
Lao People's Democratic Republic,LAO,WPR,Lower-middle,2001,14.46665001,4.290316580000001,30.989942550000002,43.97146606
Lao People's Democratic Republic,LAO,WPR,Lower-middle,2002,12.90540886,3.69751263,27.552438740000003,49.66936492999999
Lao People's Democratic Republic,LAO,WPR,Lower-middle,2003,17.591255190000005,4.47920704,24.47424316,54.759136199999986
Lao People's Democratic Republic,LAO,WPR,Lower-middle,2004,16.23278809,3.5405724,22.43296623,47.25918961000001
Lao People's Democratic Republic,LAO,WPR,Lower-middle,2005,17.33082581,3.3367319099999997,27.173835750000006,43.72243881000001
Lao People's Democratic Republic,LAO,WPR,Lower-middle,2006,19.22654533,2.9320092199999994,21.903610229999998,41.07786560000001
Lao People's Democratic Republic,LAO,WPR,Lower-middle,2007,24.566663740000003,3.1298623100000005,18.84051514,35.17124939
Lao People's Democratic Republic,LAO,WPR,Lower-middle,2008,26.749452589999997,2.76727295,18.549861909999997,31.377788539999994
Lao People's Democratic Republic,LAO,WPR,Lower-middle,2009,35.715213780000006,3.463004110000001,33.11112213,26.87693977
Lao People's Democratic Republic,LAO,WPR,Lower-middle,2010,34.52460861000001,2.9115493300000006,20.732467649999997,35.960132599999994
Lao People's Democratic Republic,LAO,WPR,Lower-middle,2011,27.11878395,1.9445750699999997,18.869882580000002,52.60241318
Lao People's Democratic Republic,LAO,WPR,Lower-middle,2012,32.46548842999999,2.07637572,21.031919480000003,48.63187027
Lao People's Democratic Republic,LAO,WPR,Lower-middle,2013,43.49770354999999,2.39984965,29.69613647,48.70332336
Lao People's Democratic Republic,LAO,WPR,Lower-middle,2014,45.53330612,2.2984554800000003,29.747507099999996,50.879467010000006
Lao People's Democratic Republic,LAO,WPR,Lower-middle,2015,52.04236603,2.4536645400000006,35.209095000000005,45.365325930000004
Lao People's Democratic Republic,LAO,WPR,Lower-middle,2016,54.3762207,2.3608748900000003,32.4010582,46.44212341000001
Lao People's Democratic Republic,LAO,WPR,Lower-middle,2017,61.42248535,2.52606821,35.18819809,46.23710632
Lao People's Democratic Republic,LAO,WPR,Lower-middle,2018,57.1708374,2.2463004599999996,38.69595717999999,48.545928960000005
Lao People's Democratic Republic,LAO,WPR,Lower-middle,2019,67.57865143000001,2.6031222300000003,36.93346785999999,41.832286829999994
Lao People's Democratic Republic,LAO,WPR,Lower-middle,2020,51.96581268,2.0596518499999994,38.45669556000001,41.05789185
Lao People's Democratic Republic,LAO,WPR,Lower-middle,2021,68.61697387999999,2.7439200899999996,26.21234703,30.705581669999997
Lao People's Democratic Republic,LAO,WPR,Lower-middle,2022,41.34779739,2.0182547600000005,31.03856277,28.685785290000002
Malaysia,MYS,WPR,Upper-middle,2000,111.8384552,2.5146336600000003,46.65708542,40.70201111
Malaysia,MYS,WPR,Upper-middle,2001,114.91710662999999,2.6753974,50.51286696999999,35.693122859999995
Malaysia,MYS,WPR,Upper-middle,2002,121.61391449000003,2.66876554,51.21377563,34.64449692000001
Malaysia,MYS,WPR,Upper-middle,2003,142.21202087,2.9241707299999993,51.94099045,34.49882888999999
Malaysia,MYS,WPR,Upper-middle,2004,153.86297607,2.8601694099999997,50.93671799,36.107051850000005
Malaysia,MYS,WPR,Upper-middle,2005,162.17677307,2.7869269799999996,48.89989853,38.04380035
Malaysia,MYS,WPR,Upper-middle,2006,200.54800414999997,3.1089773199999997,53.872383120000016,34.73173904
Malaysia,MYS,WPR,Upper-middle,2007,230.55998229999994,3.07041144,52.91726685,35.12305069
Malaysia,MYS,WPR,Upper-middle,2008,263.6781921400001,3.00692558,53.12097549,35.536026
Malaysia,MYS,WPR,Upper-middle,2009,245.64353942999998,3.2610569,55.55441284000001,32.191562649999995
Malaysia,MYS,WPR,Upper-middle,2010,285.64263915999993,3.1647427099999996,53.056625370000006,34.11669922
Malaysia,MYS,WPR,Upper-middle,2011,343.45877075000004,3.3145191700000005,53.24521255,34.01270676000001
Malaysia,MYS,WPR,Upper-middle,2012,371.7604675300001,3.4578635699999998,53.931350710000004,33.03797531
Malaysia,MYS,WPR,Upper-middle,2013,381.69210814999997,3.5127692200000005,53.90561295,33.66908646
Malaysia,MYS,WPR,Upper-middle,2014,414.4392395000001,3.71036959,54.735294339999996,33.044670100000005
Malaysia,MYS,WPR,Upper-middle,2015,368.7733154299999,3.82201481,53.20423126000001,33.70749282999999
Malaysia,MYS,WPR,Upper-middle,2016,350.71160889,3.7008533500000005,51.034301760000005,35.94845581
Malaysia,MYS,WPR,Upper-middle,2017,366.36639404000005,3.7147231100000004,51.745082860000004,35.934402469999995
Malaysia,MYS,WPR,Upper-middle,2018,409.84710693000005,3.7594428100000004,51.25687408,36.640583039999996
Malaysia,MYS,WPR,Upper-middle,2019,419.32568359000004,3.83991051,52.334529880000005,36.062656399999995
Malaysia,MYS,WPR,Upper-middle,2020,406.52005005,4.082543370000001,53.299850459999995,34.246398930000005
Malaysia,MYS,WPR,Upper-middle,2021,476.94366455,4.37382412,56.21326447000001,32.08134842
Malaysia,MYS,WPR,Upper-middle,2022,458.2196350100001,3.9059193100000003,50.589546199999994,37.8710556
Marshall Islands,MHL,WPR,Upper-middle,2000,306.73342895999997,13.524676319999998,60.57263947000001,1.4231020199999997
Marshall Islands,MHL,WPR,Upper-middle,2001,269.22146606,11.281373019999998,57.17614365000001,1.68245423
Marshall Islands,MHL,WPR,Upper-middle,2002,309.72741699,12.066346170000001,62.92361069000001,1.58421719
Marshall Islands,MHL,WPR,Upper-middle,2003,338.22610474000004,13.3324337,63.18002701,1.4504407599999998
Marshall Islands,MHL,WPR,Upper-middle,2004,363.4033203100001,14.151281359999999,40.865081790000005,1.46072459
Marshall Islands,MHL,WPR,Upper-middle,2005,490.59927368,18.45293236,29.95524788,1.15576911
Marshall Islands,MHL,WPR,Upper-middle,2006,613.29852295,22.298547740000004,29.285217290000002,0.9149702800000001
Marshall Islands,MHL,WPR,Upper-middle,2007,485.01657104,16.825223919999996,38.27091217,1.2396241400000005
Marshall Islands,MHL,WPR,Upper-middle,2008,536.2303466799999,19.109634399999997,31.643964769999997,1.0981549
Marshall Islands,MHL,WPR,Upper-middle,2009,543.6762695299999,18.729288099999998,33.10401154,1.06487417
Marshall Islands,MHL,WPR,Upper-middle,2010,548.59899902,17.844383240000003,27.204912189999995,1.0729141199999999
Marshall Islands,MHL,WPR,Upper-middle,2011,376.39205933000005,11.359053609999998,45.714649200000004,1.6568453300000001
Marshall Islands,MHL,WPR,Upper-middle,2012,410.4979248000001,11.726329799999998,45.571601869999995,1.57753265
Marshall Islands,MHL,WPR,Upper-middle,2013,445.42425536999997,12.13685322,50.47799683,1.5455575000000001
Marshall Islands,MHL,WPR,Upper-middle,2014,449.9056396499999,12.11000061,41.82448959,1.5035109500000001
Marshall Islands,MHL,WPR,Upper-middle,2015,557.35211182,14.86287594,40.73860931,1.21950555
Marshall Islands,MHL,WPR,Upper-middle,2016,619.3566894500001,14.70093918,44.24685286999999,1.15316296
Marshall Islands,MHL,WPR,Upper-middle,2017,553.0629882799999,12.08143997,40.618576049999994,1.4396071400000001
Marshall Islands,MHL,WPR,Upper-middle,2018,702.8359375,14.533300400000002,44.989318850000004,1.1786280900000001
Marshall Islands,MHL,WPR,Upper-middle,2019,793.66851807,15.054557800000001,44.466362,1.1246551300000003
Marshall Islands,MHL,WPR,Upper-middle,2020,687.02435303,12.174441340000001,43.32521057,1.3037374
Marshall Islands,MHL,WPR,Upper-middle,2021,782.16351318,12.540990830000002,41.67832565,1.1932761699999999
Marshall Islands,MHL,WPR,Upper-middle,2022,758.44873047,11.736042979999999,37.63563156,1.1999304300000002
Micronesia (Federated States of),FSM,WPR,Lower-middle,2000,161.47862244,7.8663954700000005,22.51299095,4.819454670000001
Micronesia (Federated States of),FSM,WPR,Lower-middle,2001,181.29023743000002,8.63168144,21.583822250000004,4.81115913
Micronesia (Federated States of),FSM,WPR,Lower-middle,2002,169.95617676,8.029930109999999,21.494792940000004,5.411477090000001
Micronesia (Federated States of),FSM,WPR,Lower-middle,2003,208.84524535999998,9.730367659999999,22.01756477,4.89492893
Micronesia (Federated States of),FSM,WPR,Lower-middle,2004,257.89633179000003,12.23100758,9.32147217,4.35161018
Micronesia (Federated States of),FSM,WPR,Lower-middle,2005,397.91644287,18.021409990000002,6.194531920000001,3.2027623700000007
Micronesia (Federated States of),FSM,WPR,Lower-middle,2006,403.9580688500001,17.96380424,5.98905516,3.05648088
Micronesia (Federated States of),FSM,WPR,Lower-middle,2007,409.62240600999996,17.860918050000002,5.763897419999999,2.82019544
Micronesia (Federated States of),FSM,WPR,Lower-middle,2008,448.3975524899999,18.932889940000003,8.53762913,2.6466391099999997
Micronesia (Federated States of),FSM,WPR,Lower-middle,2009,492.5491333,19.33613586,5.19623184,2.4785060899999998
Micronesia (Federated States of),FSM,WPR,Lower-middle,2010,581.45568848,21.487787250000004,5.67335606,2.0129232399999997
Micronesia (Federated States of),FSM,WPR,Lower-middle,2011,379.53436279000005,13.314362530000002,14.273639680000002,3.0142071199999996
Micronesia (Federated States of),FSM,WPR,Lower-middle,2012,372.1022033699999,12.42913532,11.37715626,2.8849871200000003
Micronesia (Federated States of),FSM,WPR,Lower-middle,2013,354.82269287,12.256743429999998,12.72928047,2.72659135
Micronesia (Federated States of),FSM,WPR,Lower-middle,2014,345.01589966,11.910299300000002,17.06872368,2.6256003399999996
Micronesia (Federated States of),FSM,WPR,Lower-middle,2015,362.27624511999994,12.704853059999998,15.00065613,2.6272182500000003
Micronesia (Federated States of),FSM,WPR,Lower-middle,2016,399.74655150999996,13.4160471,15.044998169999996,2.3951585300000002
Micronesia (Federated States of),FSM,WPR,Lower-middle,2017,408.86560059000004,12.46886253,12.352185249999998,2.4997503799999996
Micronesia (Federated States of),FSM,WPR,Lower-middle,2018,426.75872803000004,11.965519909999998,11.824420929999999,2.4074831
Micronesia (Federated States of),FSM,WPR,Lower-middle,2019,424.89938354,11.893084530000001,14.74292469,2.61374712
Micronesia (Federated States of),FSM,WPR,Lower-middle,2020,402.9805908200001,12.01537514,14.71655083,2.6607160600000004
Micronesia (Federated States of),FSM,WPR,Lower-middle,2021,398.76144409,11.413217540000002,10.15713215,2.6509974
Micronesia (Federated States of),FSM,WPR,Lower-middle,2022,396.7605896,10.34470272,10.839247700000001,2.8400888399999995
Mongolia,MNG,WPR,Lower-middle,2000,28.13583946,6.07605076,75.89134978999999,18.51221466
Mongolia,MNG,WPR,Lower-middle,2001,27.85225105,5.442399499999999,71.44558715999999,20.77006531
Mongolia,MNG,WPR,Lower-middle,2002,30.678123470000003,5.491909979999998,70.48804473999999,20.993797299999997
Mongolia,MNG,WPR,Lower-middle,2003,27.187181470000002,4.297689440000001,69.39044952000002,23.92341042
Mongolia,MNG,WPR,Lower-middle,2004,33.7024498,4.30204487,65.10826111,24.66249657
Mongolia,MNG,WPR,Lower-middle,2005,38.04277039,3.86456275,61.63596344,31.496456149999993
Mongolia,MNG,WPR,Lower-middle,2006,49.52784348,3.7497150899999996,66.44078063999999,25.555698390000003
Mongolia,MNG,WPR,Lower-middle,2007,66.17643738,4.07522774,70.71641541,23.28106308
Mongolia,MNG,WPR,Lower-middle,2008,97.26833344,4.55693007,70.62197876,21.424644469999993
Mongolia,MNG,WPR,Lower-middle,2009,76.70003510000001,4.459800720000001,69.54904938,22.759475709999997
Mongolia,MNG,WPR,Lower-middle,2010,99.50933838,3.7394564200000007,65.3796463,28.05504799
Mongolia,MNG,WPR,Lower-middle,2011,135.98664856,3.5861208399999995,59.44941711,32.00390244
Mongolia,MNG,WPR,Lower-middle,2012,169.65199280000002,3.8580007600000004,60.78548813,31.509330749999997
Mongolia,MNG,WPR,Lower-middle,2013,180.41543579000003,4.08932018,55.87151337,37.09957504
Mongolia,MNG,WPR,Lower-middle,2014,176.69651793999998,4.20989752,57.14994431000001,34.675792689999994
Mongolia,MNG,WPR,Lower-middle,2015,165.19296265,4.2315454500000005,56.92871475,36.37525558
Mongolia,MNG,WPR,Lower-middle,2016,168.41404724,4.58008575,55.98025894,34.81768417000001
Mongolia,MNG,WPR,Lower-middle,2017,160.48896789999998,4.3395419099999994,52.075576780000006,38.04784011999999
Mongolia,MNG,WPR,Lower-middle,2018,188.64115906,4.5344929700000005,46.207942960000004,43.93989944
Mongolia,MNG,WPR,Lower-middle,2019,197.57131957999997,4.49497986,47.15842438,43.10778426999999
Mongolia,MNG,WPR,Lower-middle,2020,188.77464293999998,4.6662488,55.06032180999999,43.710803989999995
Mongolia,MNG,WPR,Lower-middle,2021,330.03753662,7.210427279999999,58.41748046999999,30.87066269
Mongolia,MNG,WPR,Lower-middle,2022,448.24212646000007,8.851701740000001,35.24628448,38.94818497
Nauru,NRU,WPR,High,2000,463.77734375,18.966712949999994,87.88237762000001,2.5520744300000002
Nauru,NRU,WPR,High,2001,349.0168762199999,16.22330093,79.89173126,3.02829003
Nauru,NRU,WPR,High,2002,298.91278076,13.80812454,71.12905884,3.80298233
Nauru,NRU,WPR,High,2003,273.59832764,9.974442480000002,74.91121673999999,4.878826139999999
Nauru,NRU,WPR,High,2004,216.23666382000002,6.878895759999999,71.08334351,7.210087779999999
Nauru,NRU,WPR,High,2005,328.92779540999993,10.82081795,89.87303925,4.42820024
Nauru,NRU,WPR,High,2006,363.46365356,12.417614940000004,87.56684875,3.9536473799999996
Nauru,NRU,WPR,High,2007,586.8157959,24.23069,69.41305542,2.30141306
Nauru,NRU,WPR,High,2008,809.6564941400002,23.00409317,54.77898788,2.19099712
Nauru,NRU,WPR,High,2009,575.39526367,12.315762519999998,51.32403564,3.1048421900000003
Nauru,NRU,WPR,High,2010,626.21124268,12.696400639999998,59.794551850000005,2.41821241
Nauru,NRU,WPR,High,2011,672.2762451199999,9.97123718,56.90003586,1.91657317
Nauru,NRU,WPR,High,2012,873.8165893599999,8.84148979,45.5038414,0.78191185
Nauru,NRU,WPR,High,2013,831.84564209,9.850103379999998,54.32402802,1.04622602
Nauru,NRU,WPR,High,2014,760.0439453100001,8.3867569,73.54259491,1.3131482599999997
Nauru,NRU,WPR,High,2015,979.76556396,14.005617140000002,60.23107147,1.0690178900000002
Nauru,NRU,WPR,High,2016,981.8836669899999,10.99060154,89.81098938,1.1306315699999998
Nauru,NRU,WPR,High,2017,1127.47509766,11.4886446,73.37230682000002,0.8847000599999998
Nauru,NRU,WPR,High,2018,1221.42358398,11.102397919999998,88.07914734000002,0.7456477900000001
Nauru,NRU,WPR,High,2019,1213.86804199,11.561556820000002,89.48764801000002,0.8031395100000001
Nauru,NRU,WPR,High,2020,1270.52563477,11.55650234,85.49394226000001,0.77799612
Nauru,NRU,WPR,High,2021,1809.3338623,12.000610349999999,78.42823028999999,0.6134336599999999
Nauru,NRU,WPR,High,2022,2264.20239258,18.170310969999996,86.90203094,0.46788883
New Zealand,NZL,WPR,High,2000,1054.2810058599998,7.4700222,74.48747252999999,15.361595150000003
New Zealand,NZL,WPR,High,2001,1053.7363281299997,7.578936100000002,73.18119048999999,16.986160280000004
New Zealand,NZL,WPR,High,2002,1250.12634277,7.900459290000001,74.93328094,16.05667496
New Zealand,NZL,WPR,High,2003,1610.73034668,7.721692559999999,75.49771117999998,15.379099849999998
New Zealand,NZL,WPR,High,2004,1981.9720458999996,7.90090561,77.03676605000001,14.10670567
New Zealand,NZL,WPR,High,2005,2295.37182617,8.27334881,76.9478302,14.070143699999997
New Zealand,NZL,WPR,High,2006,2304.06518555,8.63841629,77.2213974,13.83843422
New Zealand,NZL,WPR,High,2007,2705.66430664,8.329044340000003,79.29507446,11.453699109999999
New Zealand,NZL,WPR,High,2008,2850.05834961,9.123828890000002,77.62826537999999,13.235099790000001
New Zealand,NZL,WPR,High,2009,2712.92041016,9.62076378,77.72038269,12.35631561
New Zealand,NZL,WPR,High,2010,3232.71362305,9.59277534,78.27069091999999,11.958110809999997
New Zealand,NZL,WPR,High,2011,3655.536376950001,9.519873620000002,78.7793045,12.098776820000001
New Zealand,NZL,WPR,High,2012,3854.956298830001,9.651636120000001,78.51128387,12.26525021
New Zealand,NZL,WPR,High,2013,4012.083740230001,9.36019325,77.63804626,12.37116337
New Zealand,NZL,WPR,High,2014,4184.59765625,9.401683809999998,77.43386840999999,12.85042477
New Zealand,NZL,WPR,High,2015,3582.66357422,9.283443450000002,74.69454192999999,13.364660259999999
New Zealand,NZL,WPR,High,2016,3702.37109375,9.243794440000002,74.55416106999999,13.575582500000001
New Zealand,NZL,WPR,High,2017,3849.74169922,8.9698782,75.45738220000001,13.577074050000002
New Zealand,NZL,WPR,High,2018,3907.59912109,9.038105009999999,74.82938385,12.911688799999999
New Zealand,NZL,WPR,High,2019,4059.056396480001,9.509969709999998,75.62339019999999,12.126570699999998
New Zealand,NZL,WPR,High,2020,4214.57177734,10.059941290000001,77.85173797999998,11.414933199999998
New Zealand,NZL,WPR,High,2021,4967.381835940001,10.0194025,77.17066956,11.571162220000001
New Zealand,NZL,WPR,High,2022,4804.377929690001,10.02858067,81.23606872999999,11.675174709999999
Niue,NIU,WPR,High,2000,295.30252075000004,7.92566109,98.45478821,1.5452140600000002
Niue,NIU,WPR,High,2001,1347.9901123,38.13645935000001,99.63935089,0.36064737999999996
Niue,NIU,WPR,High,2002,429.82662964,11.11293316,98.59879302999998,1.4012106699999998
Niue,NIU,WPR,High,2003,516.69763184,9.52666473,88.35238647,1.3790041199999998
Niue,NIU,WPR,High,2004,1092.9317627,17.34155083,68.07782745000002,0.7360387399999999
Niue,NIU,WPR,High,2005,873.1421508799998,11.65404701,69.64848328000001,1.0500986600000002
Niue,NIU,WPR,High,2006,5908.676757809999,79.73292542000002,53.30340576000001,0.16760777
Niue,NIU,WPR,High,2007,1418.01806641,16.034208300000003,79.10731506,0.80715024
Niue,NIU,WPR,High,2008,2315.54272461,25.7443924,59.46411895999999,0.51959121
Niue,NIU,WPR,High,2009,2475.88525391,31.05098724,56.93357468000001,0.48397371000000006
Niue,NIU,WPR,High,2010,1311.24133301,13.114179609999997,80.18946075,1.12644124
Niue,NIU,WPR,High,2011,2448.81103516,20.50479507,78.46192169,0.69036758
Niue,NIU,WPR,High,2012,1198.01806641,9.256626129999997,81.75310516,1.45510137
Niue,NIU,WPR,High,2013,1423.1262206999997,9.8861742,70.62978362999999,1.2132943900000002
Niue,NIU,WPR,High,2014,1676.2532959,10.93090534,63.43642426000001,1.03652835
Niue,NIU,WPR,High,2015,1147.73083496,8.636238099999998,66.25888823999999,0.8449893599999999
Niue,NIU,WPR,High,2016,1060.91296387,7.622278209999999,70.97685242000001,0.9235045300000001
Niue,NIU,WPR,High,2017,1284.90673828,8.51659107,63.786525729999994,0.8254138800000002
Niue,NIU,WPR,High,2018,1394.1379394499997,7.967126849999998,66.8751297,0.8823395999999999
Niue,NIU,WPR,High,2019,1232.44702148,7.23629236,72.9017868,0.97145218
Niue,NIU,WPR,High,2020,1450.74304199,9.137829779999999,68.54025269,0.7692978400000001
Niue,NIU,WPR,High,2021,2238.80566406,15.082194330000002,51.39433670000001,0.4660934200000001
Niue,NIU,WPR,High,2022,2287.6333007799994,18.28816605,41.31681823999999,0.40998276999999994
Palau,PLW,WPR,Upper-middle,2000,675.5447387700001,8.637289050000001,53.12785721,16.165861130000003
Palau,PLW,WPR,Upper-middle,2001,640.58422852,7.7965946200000005,50.80759811,16.89528465
Palau,PLW,WPR,Upper-middle,2002,609.03295898,7.28691149,49.1569252,18.53170395
Palau,PLW,WPR,Upper-middle,2003,638.3067627000001,8.095788,48.77856064000001,18.009988779999997
Palau,PLW,WPR,Upper-middle,2004,765.0546875,9.134798050000002,45.413761140000005,15.580707550000003
Palau,PLW,WPR,Upper-middle,2005,810.1036987299999,8.63174248,40.24184418,16.55493736
Palau,PLW,WPR,Upper-middle,2006,852.0075683599998,8.739992140000002,41.602005,17.62614632
Palau,PLW,WPR,Upper-middle,2007,897.35339355,8.83709908,38.483970639999995,18.04999352
Palau,PLW,WPR,Upper-middle,2008,880.83892822,8.413782119999999,36.13521193999999,19.40317154
Palau,PLW,WPR,Upper-middle,2009,947.1261596700002,9.630574230000002,41.49195099,19.589420320000002
Palau,PLW,WPR,Upper-middle,2010,1093.30786133,10.93099976,38.010471339999995,17.69978714
Palau,PLW,WPR,Upper-middle,2011,1072.56323242,9.9432106,41.915073389999996,18.50708771
Palau,PLW,WPR,Upper-middle,2012,1239.99304199,10.246090890000001,42.09215926999999,16.618251800000003
Palau,PLW,WPR,Upper-middle,2013,1399.29931641,10.92691708,42.254055019999996,16.00157356
Palau,PLW,WPR,Upper-middle,2014,1481.3565673799997,10.66757393,42.736968989999994,15.692456250000001
Palau,PLW,WPR,Upper-middle,2015,1554.91186523,9.763253209999998,41.59574509,17.25234604
Palau,PLW,WPR,Upper-middle,2016,1704.62316895,10.012269970000002,42.285179140000004,17.151309969999996
Palau,PLW,WPR,Upper-middle,2017,1775.3284912099996,10.904190059999996,41.961967470000005,16.955312729999996
Palau,PLW,WPR,Upper-middle,2018,1794.765625,11.06327057,43.47069168,16.68135262
Palau,PLW,WPR,Upper-middle,2019,1924.6579589799999,12.14718533,47.02385711999999,14.863740919999994
Palau,PLW,WPR,Upper-middle,2020,1934.0290527299999,13.337304120000002,41.71516418,16.127639770000002
Palau,PLW,WPR,Upper-middle,2021,1916.50598145,14.627136230000001,42.39680098999999,16.20428658
Palau,PLW,WPR,Upper-middle,2022,1978.85437012,14.28555965,40.5754776,16.591741560000003
Papua New Guinea,PNG,WPR,Lower-middle,2000,18.84121323,2.0184176000000003,84.29892731000002,9.442844390000001
Papua New Guinea,PNG,WPR,Lower-middle,2001,18.198143009999995,2.3006382000000003,72.48248290999999,8.86538887
Papua New Guinea,PNG,WPR,Lower-middle,2002,20.55322266,2.77562952,63.569602970000005,8.74937534
Papua New Guinea,PNG,WPR,Lower-middle,2003,21.985803600000004,2.4531486,58.096569060000014,8.782978059999998
Papua New Guinea,PNG,WPR,Lower-middle,2004,25.735862729999997,2.5937290199999996,65.54499054,8.475083349999998
Papua New Guinea,PNG,WPR,Lower-middle,2005,27.497234339999995,2.44874048,65.86605072,8.19551563
Papua New Guinea,PNG,WPR,Lower-middle,2006,30.03865242,2.4260032199999992,67.14328003,8.107341770000001
Papua New Guinea,PNG,WPR,Lower-middle,2007,33.185867310000006,2.421021219999999,67.50900269,7.781504630000001
Papua New Guinea,PNG,WPR,Lower-middle,2008,34.693084719999995,2.1352605799999997,70.90849304000001,8.69522953
Papua New Guinea,PNG,WPR,Lower-middle,2009,36.5436821,2.32937527,66.83551788,10.39126968
Papua New Guinea,PNG,WPR,Lower-middle,2010,39.34530639999999,2.10756016,61.69794846,12.283681870000002
Papua New Guinea,PNG,WPR,Lower-middle,2011,52.49456786999999,2.29397798,65.26032257,12.239906309999999
Papua New Guinea,PNG,WPR,Lower-middle,2012,70.27664947999999,2.6669354400000005,68.32616425,9.220928190000002
Papua New Guinea,PNG,WPR,Lower-middle,2013,76.75310516,2.9972789300000007,66.21203613,6.57243299
Papua New Guinea,PNG,WPR,Lower-middle,2014,89.08061217999999,3.2711906399999995,61.77156067,5.955254549999999
Papua New Guinea,PNG,WPR,Lower-middle,2015,45.18995285,1.8188171399999997,75.75406646999998,12.36896133
Papua New Guinea,PNG,WPR,Lower-middle,2016,53.98646544999999,2.3306305400000005,71.99608612,10.14459038
Papua New Guinea,PNG,WPR,Lower-middle,2017,55.24723816000001,2.2297098600000007,75.41253662,8.998544690000001
Papua New Guinea,PNG,WPR,Lower-middle,2018,59.04003525,2.3005189899999996,70.20984650000001,9.59954548
Papua New Guinea,PNG,WPR,Lower-middle,2019,59.89566802999999,2.3253386,58.32541275000001,9.52710056
Papua New Guinea,PNG,WPR,Lower-middle,2020,55.92817688,2.30193973,68.72771454,10.424094199999999
Papua New Guinea,PNG,WPR,Lower-middle,2021,61.02529907,2.33994722,50.0,10.35447788
Papua New Guinea,PNG,WPR,Lower-middle,2022,81.11356353999999,2.6182510900000002,58.51639174999999,9.25386047
Philippines,PHL,WPR,Lower-middle,2000,32.10300446,3.0551235699999997,44.398300170000006,41.19496918
Philippines,PHL,WPR,Lower-middle,2001,27.60987473,2.84775972,40.601623540000006,44.61747742000001
Philippines,PHL,WPR,Lower-middle,2002,26.769979479999996,2.6376738499999997,37.042423250000006,47.766643519999995
Philippines,PHL,WPR,Lower-middle,2003,31.604135510000003,3.0766348800000003,36.21556473,47.70053482
Philippines,PHL,WPR,Lower-middle,2004,33.50411606,3.0468532999999995,35.723171230000005,47.77958298
Philippines,PHL,WPR,Lower-middle,2005,45.67607498,3.74253035,33.09892654,52.10651398
Philippines,PHL,WPR,Lower-middle,2006,53.87452698,3.7776293799999996,32.09132767,54.035457609999995
Philippines,PHL,WPR,Lower-middle,2007,64.27903748,3.75318074,31.31670761,55.967426300000014
Philippines,PHL,WPR,Lower-middle,2008,75.69056702000002,3.8631591799999994,30.138139719999998,57.44991683999999
Philippines,PHL,WPR,Lower-middle,2009,77.64539337,4.164519309999999,30.649587630000003,55.575992580000005
Philippines,PHL,WPR,Lower-middle,2010,89.35166931,4.1310787200000005,31.902423860000006,54.84585953
Philippines,PHL,WPR,Lower-middle,2011,95.95716095,4.0251855899999995,26.381439209999996,58.893093109999995
Philippines,PHL,WPR,Lower-middle,2012,109.21493529999998,4.17709208,26.286851880000007,58.31450272000001
Philippines,PHL,WPR,Lower-middle,2013,118.87432098,4.274086949999999,26.214879990000004,57.57440186
Philippines,PHL,WPR,Lower-middle,2014,106.16293334999997,3.703136679999999,34.11355209,52.37667847
Philippines,PHL,WPR,Lower-middle,2015,113.4342804,3.8982748999999997,37.6732254,51.178596500000005
Philippines,PHL,WPR,Lower-middle,2016,118.05981445,3.9548432799999995,37.26403046,50.49208069
Philippines,PHL,WPR,Lower-middle,2017,120.32259369,3.9604277600000004,37.43834304999999,50.14805983999999
Philippines,PHL,WPR,Lower-middle,2018,125.27716827000002,3.9538188000000005,38.856807710000005,50.4368515
Philippines,PHL,WPR,Lower-middle,2019,141.6925354,4.16646004,40.60421753,48.786876680000006
Philippines,PHL,WPR,Lower-middle,2020,166.61218262000003,5.1621403699999995,45.19945526,44.564567569999994
Philippines,PHL,WPR,Lower-middle,2021,208.19227600000005,5.97500563,44.703075410000004,41.21797943
Philippines,PHL,WPR,Lower-middle,2022,182.93429565000002,5.156763079999999,45.0671196,44.634925839999994
Philippines,PHL,WPR,Lower-middle,2023,194.05615234,5.106296060000001,42.39339066000001,44.36002731000001
Republic of Korea,KOR,WPR,High,2000,475.2520751999999,3.8554420499999993,50.61243820000001,43.32319259999999
Republic of Korea,KOR,WPR,High,2001,503.15795898,4.32142305,54.169143680000005,41.31821823
Republic of Korea,KOR,WPR,High,2002,537.1611328100001,4.0522627799999995,54.75157166,40.79150009
Republic of Korea,KOR,WPR,High,2003,685.2843627899999,4.63368225,50.26135635000001,45.26963425
Republic of Korea,KOR,WPR,High,2004,765.1085815399999,4.60466433,50.72609329000001,44.87216568
Republic of Korea,KOR,WPR,High,2005,945.30609131,4.8394208,51.20354461999999,44.463123319999994
Republic of Korea,KOR,WPR,High,2006,1131.65930176,5.16117191,53.087139130000004,42.58257294
Republic of Korea,KOR,WPR,High,2007,1256.11560059,5.1615452799999995,54.95320511,40.56294632
Republic of Korea,KOR,WPR,High,2008,1171.5625,5.399771210000002,54.07963181000001,40.8897934
Republic of Korea,KOR,WPR,High,2009,1146.5637207,5.89820576,55.21017838,38.943523410000005
Republic of Korea,KOR,WPR,High,2010,1413.1520996100003,6.02606916,55.449295039999996,38.607147219999995
Republic of Korea,KOR,WPR,High,2011,1562.21313477,6.123712539999999,54.83106613000001,38.62664031999999
Republic of Korea,KOR,WPR,High,2012,1591.78039551,6.177524570000001,54.76087189,38.203807829999995
Republic of Korea,KOR,WPR,High,2013,1727.56616211,6.311044220000001,55.023956299999995,37.862045290000005
Republic of Korea,KOR,WPR,High,2014,1909.91503906,6.5022597300000005,54.919639589999996,37.124191280000005
Republic of Korea,KOR,WPR,High,2015,1933.6177978500004,6.72447348,54.772605899999995,37.14970016
Republic of Korea,KOR,WPR,High,2016,2015.13208008,6.892932419999999,55.77734375,35.614826199999996
Republic of Korea,KOR,WPR,High,2017,2221.75146484,7.047718520000001,56.62443924,34.73718261999999
Republic of Korea,KOR,WPR,High,2018,2493.33569336,7.462620259999999,57.17775345,33.89823914
Republic of Korea,KOR,WPR,High,2019,2592.4785156300004,8.1267519,57.829998020000005,32.577991489999995
Republic of Korea,KOR,WPR,High,2020,2649.33422852,8.355494499999999,59.32291031000001,30.470861430000003
Republic of Korea,KOR,WPR,High,2021,3141.5224609399993,8.957326890000001,60.65415573,29.960605619999995
Republic of Korea,KOR,WPR,High,2022,3049.67163086,9.43414211,62.7547226,28.793151860000002
Republic of Korea,KOR,WPR,High,2023,3269.7038574199996,9.88014412,61.91887665,30.256525039999996
Samoa,WSM,WPR,Lower-middle,2000,60.460651399999996,4.282325269999999,83.65650940000002,11.96709824
Samoa,WSM,WPR,Lower-middle,2001,56.096790309999996,3.8180499100000005,81.70815277000001,14.055481910000003
Samoa,WSM,WPR,Lower-middle,2002,72.41275024,4.49205494,76.05282593,13.30148315
Samoa,WSM,WPR,Lower-middle,2003,81.95996093999999,4.1723713899999995,67.51974487000001,14.404655459999997
Samoa,WSM,WPR,Lower-middle,2004,104.42662811,4.52578545,66.7490921,12.99295998
Samoa,WSM,WPR,Lower-middle,2005,121.24176788,4.63365459,68.5847168,13.061042790000002
Samoa,WSM,WPR,Lower-middle,2006,133.41867065000002,4.884513849999999,70.46975708,12.831099509999998
Samoa,WSM,WPR,Lower-middle,2007,147.84771729,4.7446332,69.10444641000001,13.09505939
Samoa,WSM,WPR,Lower-middle,2008,156.89399719,4.53258085,76.50863647,14.27214527
Samoa,WSM,WPR,Lower-middle,2009,172.45288085999996,5.12732029,77.69191742000001,12.56464672
Samoa,WSM,WPR,Lower-middle,2010,185.43850707999997,5.15268326,75.41436768,12.63165283
Samoa,WSM,WPR,Lower-middle,2011,211.88684082,5.38357162,68.11889647999999,12.30281925
Samoa,WSM,WPR,Lower-middle,2012,197.01564026,4.988346099999999,78.45153809000001,13.921148299999999
Samoa,WSM,WPR,Lower-middle,2013,247.41108704000007,6.21823883,64.80596924,11.07636452
Samoa,WSM,WPR,Lower-middle,2014,248.20323181000003,6.2579422000000005,72.57126617,11.032034870000002
Samoa,WSM,WPR,Lower-middle,2015,240.28297424000002,6.21438408,72.65615082000002,10.244565959999997
Samoa,WSM,WPR,Lower-middle,2016,238.34661865000004,5.6395082500000004,67.56758880999999,11.293526649999999
Samoa,WSM,WPR,Lower-middle,2017,220.82498169000002,5.163467880000001,76.00949097,12.013648029999999
Samoa,WSM,WPR,Lower-middle,2018,200.42073059,4.7755332,77.41107940999999,12.978384969999999
Samoa,WSM,WPR,Lower-middle,2019,242.90502929999997,5.64748573,76.55198669,11.15762901
Samoa,WSM,WPR,Lower-middle,2020,256.74545288,6.186672689999999,76.18079376,10.819524770000001
Samoa,WSM,WPR,Lower-middle,2021,270.41333008000004,6.81255674,75.29850769,11.173195840000002
Samoa,WSM,WPR,Lower-middle,2022,236.22660828,6.3012084999999995,79.67314148,12.48642349
Singapore,SGP,WPR,High,2000,796.0310058599998,3.3433640000000002,36.332901,48.17884064
Singapore,SGP,WPR,High,2001,690.0133056600001,3.1630265700000004,27.885047910000004,55.58973693999999
Singapore,SGP,WPR,High,2002,749.44445801,3.358464,31.32804871,53.08752823000001
Singapore,SGP,WPR,High,2003,851.1096191400002,3.6069927199999996,37.074733730000005,48.457977289999995
Singapore,SGP,WPR,High,2004,868.43688965,3.1501979799999997,32.46378708,51.007442469999994
Singapore,SGP,WPR,High,2005,908.3760376,3.03367925,32.98620605,49.99448395000001
Singapore,SGP,WPR,High,2006,989.73895264,2.9347465,33.92041016,48.83466721
Singapore,SGP,WPR,High,2007,1116.97937012,2.83749056,33.49145508,48.46814346
Singapore,SGP,WPR,High,2008,1286.91345215,3.19488454,37.30626678,46.45778656
Singapore,SGP,WPR,High,2009,1326.11682129,3.3937051299999994,34.92969131,43.34909058
Singapore,SGP,WPR,High,2010,1510.66784668,3.1982615,35.92908478,41.515693660000004
Singapore,SGP,WPR,High,2011,1700.1685791000004,3.1539184999999996,37.16472244,39.56052398999999
Singapore,SGP,WPR,High,2012,1853.0242919900004,3.3239278800000003,39.347164150000005,37.69818878
Singapore,SGP,WPR,High,2013,2102.97021484,3.68225336,41.73990250000001,36.199115750000004
Singapore,SGP,WPR,High,2014,2233.3496093800004,3.87132597,45.03998946999999,33.30002975000001
Singapore,SGP,WPR,High,2015,2330.39599609,4.1806139899999994,47.07828522,33.08611679
Singapore,SGP,WPR,High,2016,2488.28295898,4.35019255,47.75299072,32.94464874
Singapore,SGP,WPR,High,2017,2645.3293457,4.318816180000001,48.784278869999994,32.45282364
Singapore,SGP,WPR,High,2018,2688.2727050800004,4.01883841,50.708869930000006,29.47838593
Singapore,SGP,WPR,High,2019,2893.7822265600007,4.352991579999999,52.252063750000005,28.735292429999994
Singapore,SGP,WPR,High,2020,3492.35986328,5.61608791,60.75846481000001,24.76644135
Singapore,SGP,WPR,High,2021,4044.17333984,5.166907789999999,60.85375214,24.140211110000003
Singapore,SGP,WPR,High,2022,4320.51611328,4.89702511,56.624671940000006,24.739812850000003
Solomon Islands,SLB,WPR,Lower-middle,2000,46.02681351000001,4.82778931,92.05363463999998,5.395872590000001
Solomon Islands,SLB,WPR,Lower-middle,2001,60.23266602000001,6.60712814,91.19202422999999,4.63365555
Solomon Islands,SLB,WPR,Lower-middle,2002,76.49930572999999,10.106275559999997,56.77298737000001,2.5889079600000002
Solomon Islands,SLB,WPR,Lower-middle,2003,53.520477289999995,7.077247140000002,74.01766205,2.9256057699999998
Solomon Islands,SLB,WPR,Lower-middle,2004,64.72148895000001,7.725566390000002,63.28623962,2.6556000699999993
Solomon Islands,SLB,WPR,Lower-middle,2005,89.02578735,9.01794529,70.97840881,2.1723609
Solomon Islands,SLB,WPR,Lower-middle,2006,87.74922942999999,8.008022309999998,65.57598114,2.65755868
Solomon Islands,SLB,WPR,Lower-middle,2007,89.10964203,7.18583059,69.05754089,2.9175589100000003
Solomon Islands,SLB,WPR,Lower-middle,2008,75.69615936,5.5085663799999995,57.289356229999996,3.70001936
Solomon Islands,SLB,WPR,Lower-middle,2009,93.87008666999998,6.608985420000001,46.98078536999999,2.7192819100000003
Solomon Islands,SLB,WPR,Lower-middle,2010,74.11127472000001,4.66450787,63.22461700000001,4.094244
Solomon Islands,SLB,WPR,Lower-middle,2011,95.43640137,5.0260191,57.11857223999999,3.23423767
Solomon Islands,SLB,WPR,Lower-middle,2012,100.78932190000002,4.8776025800000005,60.423313140000005,3.0245058500000006
Solomon Islands,SLB,WPR,Lower-middle,2013,99.02694702000001,4.581572060000001,60.53473282000001,3.17734814
Solomon Islands,SLB,WPR,Lower-middle,2014,105.87472534000001,4.890562529999999,60.45430374,2.8979218
Solomon Islands,SLB,WPR,Lower-middle,2015,90.99643707000001,4.44853306,68.99085999,3.091200110000001
Solomon Islands,SLB,WPR,Lower-middle,2016,94.32994842999999,4.52952909,69.63194275,2.98277402
Solomon Islands,SLB,WPR,Lower-middle,2017,89.29357146999999,4.1655640599999995,74.31308746,3.1458163300000006
Solomon Islands,SLB,WPR,Lower-middle,2018,88.03850555000001,3.8644082500000003,76.67236328000001,3.6134343099999997
Solomon Islands,SLB,WPR,Lower-middle,2019,98.67025757000002,4.437280650000001,73.44881439,3.58858848
Solomon Islands,SLB,WPR,Lower-middle,2020,100.99560546999999,4.89478445,74.03403472999999,3.4271800499999996
Solomon Islands,SLB,WPR,Lower-middle,2021,98.79513549999999,4.94758463,69.75315094,3.6364200100000006
Solomon Islands,SLB,WPR,Lower-middle,2022,96.73880768,4.823693279999999,68.85989379999998,3.71732569
Tonga,TON,WPR,Upper-middle,2000,53.394958499999994,2.90389204,79.31558228,14.486394880000002
Tonga,TON,WPR,Upper-middle,2001,55.27725220000001,3.42501593,71.43016815000001,12.057827
Tonga,TON,WPR,Upper-middle,2002,62.654174799999986,3.5895774400000002,72.21504974000001,12.373889920000002
Tonga,TON,WPR,Upper-middle,2003,68.05188751,3.4358308299999996,70.52729796999999,12.78207302
Tonga,TON,WPR,Upper-middle,2004,102.70134734999999,4.50741625,54.486145020000016,9.97274303
Tonga,TON,WPR,Upper-middle,2005,108.29302216,4.38560247,59.54975509999999,10.644379620000002
Tonga,TON,WPR,Upper-middle,2006,149.22753906000003,5.47225046,52.090393070000005,7.91320801
Tonga,TON,WPR,Upper-middle,2007,134.56217956999996,4.7333002099999995,67.18393707000001,9.831295009999998
Tonga,TON,WPR,Upper-middle,2008,190.86582947,6.05759716,47.804454799999995,7.468817710000001
Tonga,TON,WPR,Upper-middle,2009,118.79367065000001,3.9738087700000007,76.56907654,11.39478874
Tonga,TON,WPR,Upper-middle,2010,166.58139038000002,4.816323279999999,59.33605957000001,8.501914020000001
Tonga,TON,WPR,Upper-middle,2011,193.43716431000001,4.73990822,57.90105820000001,7.70251465
Tonga,TON,WPR,Upper-middle,2012,316.68118286,7.3327713,34.43559264999999,4.534888270000001
Tonga,TON,WPR,Upper-middle,2013,168.82937622000003,4.1056184799999995,67.77233887,8.198920249999999
Tonga,TON,WPR,Upper-middle,2014,207.05262756000002,5.11481524,56.50414276,6.203498359999999
Tonga,TON,WPR,Upper-middle,2015,177.37759399,4.667620659999999,59.2411499,6.3742156
Tonga,TON,WPR,Upper-middle,2016,202.96311950999996,5.08616114,58.72740173,5.096202370000001
Tonga,TON,WPR,Upper-middle,2017,240.52340698000003,5.49119568,52.93177032,4.706357959999999
Tonga,TON,WPR,Upper-middle,2018,272.08758545,5.98711967,53.48895645000001,4.53076029
Tonga,TON,WPR,Upper-middle,2019,260.73986815999996,5.42394543,53.366428380000016,4.728858470000001
Tonga,TON,WPR,Upper-middle,2020,256.30737304999997,5.56259537,55.027545929999995,4.4518213300000005
Tonga,TON,WPR,Upper-middle,2021,341.50390625,7.63286686,47.437637329999994,3.4852700200000006
Tonga,TON,WPR,Upper-middle,2022,378.30541991999996,8.13607597,48.83423996,2.9408521700000003
Tuvalu,TUV,WPR,Upper-middle,2000,351.9275817900001,22.281742100000002,99.87667084,0.1043973
Tuvalu,TUV,WPR,Upper-middle,2001,261.71032714999996,17.965482710000003,94.64600371999998,0.71357
Tuvalu,TUV,WPR,Upper-middle,2002,207.1824646,11.836917879999998,92.86857605000002,1.24833608
Tuvalu,TUV,WPR,Upper-middle,2003,274.99337769,13.703371049999998,90.80140686000001,1.25236821
Tuvalu,TUV,WPR,Upper-middle,2004,216.72221374999998,9.331497190000002,94.89930725,1.4858453299999999
Tuvalu,TUV,WPR,Upper-middle,2005,231.17539978000005,10.029756549999998,96.16941071,1.32937753
Tuvalu,TUV,WPR,Upper-middle,2006,285.2481689499999,11.903497699999999,83.04709625,0.7729083299999999
Tuvalu,TUV,WPR,Upper-middle,2007,281.69580078000007,10.08181572,93.70786285,1.0866973400000002
Tuvalu,TUV,WPR,Upper-middle,2008,297.58547974,9.636049269999999,96.84860992,1.2545269700000001
Tuvalu,TUV,WPR,Upper-middle,2009,330.37155150999996,12.30976868,81.48436737,0.8210507
Tuvalu,TUV,WPR,Upper-middle,2010,465.01129149999997,15.37378216,85.81320952999998,0.6567767900000001
Tuvalu,TUV,WPR,Upper-middle,2011,501.53479004,13.793165210000002,86.22805022999998,0.81230164
Tuvalu,TUV,WPR,Upper-middle,2012,473.34634399,13.154718400000002,89.98926544,0.8395226599999998
Tuvalu,TUV,WPR,Upper-middle,2013,503.4775390600001,14.34195709,68.95044707999999,0.7676253299999999
Tuvalu,TUV,WPR,Upper-middle,2014,527.12036133,14.937917709999999,80.87704468,0.7009164699999999
Tuvalu,TUV,WPR,Upper-middle,2015,449.56771851,13.388722419999999,75.75080872000001,0.25895005
Tuvalu,TUV,WPR,Upper-middle,2016,697.9013671899999,18.322854999999997,83.57591247999999,0.5270290400000001
Tuvalu,TUV,WPR,Upper-middle,2017,1001.7612915000002,24.07940674,79.62262726000002,0.33394411000000007
Tuvalu,TUV,WPR,Upper-middle,2018,816.8225708,18.36379242,84.50531006000001,0.36382055
Tuvalu,TUV,WPR,Upper-middle,2019,1128.9355468799997,22.029933930000002,77.93356323,0.30657509
Tuvalu,TUV,WPR,Upper-middle,2020,923.06542969,18.59855461,81.57064819000001,0.39560601000000006
Tuvalu,TUV,WPR,Upper-middle,2021,1152.32275391,19.546035769999996,51.89801407,0.36240648999999997
Tuvalu,TUV,WPR,Upper-middle,2022,1084.66955566,18.382101059999997,72.48401642,0.3685762
Vanuatu,VUT,WPR,Lower-middle,2000,48.28763198999999,3.30683255,74.67657471,10.398283
Vanuatu,VUT,WPR,Lower-middle,2001,45.73453902999999,3.38728333,74.27940369,10.89243984
Vanuatu,VUT,WPR,Lower-middle,2002,52.34658813,3.904377459999999,67.19437408000002,8.86371326
Vanuatu,VUT,WPR,Lower-middle,2003,54.936382290000005,3.5069193799999994,70.99656677,9.62882996
Vanuatu,VUT,WPR,Lower-middle,2004,62.80937958,3.53991532,65.66696167,9.409129140000001
Vanuatu,VUT,WPR,Lower-middle,2005,61.94078063999999,3.3052861699999996,64.75829315,9.796489720000002
Vanuatu,VUT,WPR,Lower-middle,2006,67.59348297,3.3218932199999998,64.60327911,9.125374789999999
Vanuatu,VUT,WPR,Lower-middle,2007,72.52819061,3.1078558,71.54592133,9.4282608
Vanuatu,VUT,WPR,Lower-middle,2008,81.70391083,3.1381020499999996,72.46635437,8.968691830000001
Vanuatu,VUT,WPR,Lower-middle,2009,82.80802154999999,3.25197887,61.59940720000001,8.954447750000002
Vanuatu,VUT,WPR,Lower-middle,2010,99.27953339,3.5265610200000013,55.02124022999999,8.85383415
Vanuatu,VUT,WPR,Lower-middle,2011,113.81780242999999,3.59819388,65.60494995000002,8.490251540000001
Vanuatu,VUT,WPR,Lower-middle,2012,118.25688171000002,3.9356277,58.43971634,8.01056385
Vanuatu,VUT,WPR,Lower-middle,2013,130.88293457,4.39234495,51.12481308,7.25230932
Vanuatu,VUT,WPR,Lower-middle,2014,108.22322083000002,3.64668846,16.11455154,8.841500279999998
Vanuatu,VUT,WPR,Lower-middle,2015,118.69898987000002,4.32168293,48.57041931,7.640150070000002
Vanuatu,VUT,WPR,Lower-middle,2016,88.35998535000002,3.0787398799999997,43.13802338000001,10.50645065
Vanuatu,VUT,WPR,Lower-middle,2017,91.04128265000001,2.8811199699999994,51.06322098,10.36509609
Vanuatu,VUT,WPR,Lower-middle,2018,110.32492065000001,3.4404559099999994,62.21488189999999,8.26295662
Vanuatu,VUT,WPR,Lower-middle,2019,112.13746642999999,3.496154309999999,54.46388626,7.657790179999999
Vanuatu,VUT,WPR,Lower-middle,2020,125.41011046999999,4.121289729999999,62.41287613000001,8.400063509999999
Vanuatu,VUT,WPR,Lower-middle,2021,141.28567505000004,4.54704428,27.103754040000002,7.213749409999998
Vanuatu,VUT,WPR,Lower-middle,2022,135.42979430999998,4.1474294700000005,40.34205626999999,7.576216700000001
Viet Nam,VNM,WPR,Lower-middle,2000,21.071922299999997,4.10752726,41.06440353,34.58065033
Viet Nam,VNM,WPR,Lower-middle,2001,25.554912570000006,4.80107498,32.78746033,29.7014904
Viet Nam,VNM,WPR,Lower-middle,2002,21.87733841,3.87075853,43.97586823,34.542232510000005
Viet Nam,VNM,WPR,Lower-middle,2003,24.88381386,3.942298889999999,40.31432724,34.542835239999995
Viet Nam,VNM,WPR,Lower-middle,2004,31.977191929999996,4.08791971,41.32279586999999,34.6751709
Viet Nam,VNM,WPR,Lower-middle,2005,38.96974945000001,4.3182125099999995,41.40763473999999,34.64176558999999
Viet Nam,VNM,WPR,Lower-middle,2006,46.86905289,4.56979847,39.39339447,34.697383880000004
Viet Nam,VNM,WPR,Lower-middle,2007,54.40701294,4.62917614,38.22848892,34.669078830000004
Viet Nam,VNM,WPR,Lower-middle,2008,64.43381500000001,4.36028337,39.81760406,34.576129910000006
Viet Nam,VNM,WPR,Lower-middle,2009,69.82720184000001,4.485029220000001,38.160839079999995,34.635383610000005
Viet Nam,VNM,WPR,Lower-middle,2010,85.36088562,5.071460720000001,40.251319890000005,34.674057010000006
Viet Nam,VNM,WPR,Lower-middle,2011,97.05238342,4.974685189999999,38.854663849999994,34.68690491
Viet Nam,VNM,WPR,Lower-middle,2012,109.29483795000002,5.00178242,44.64095306,40.77892303
Viet Nam,VNM,WPR,Lower-middle,2013,104.10972595000001,4.41233158,45.236625669999995,41.58710098
Viet Nam,VNM,WPR,Lower-middle,2014,119.44549561,4.69078779,44.25667953,41.02820969
Viet Nam,VNM,WPR,Lower-middle,2015,121.43981171,4.711409089999999,43.580787660000006,42.13227843999999
Viet Nam,VNM,WPR,Lower-middle,2016,133.19601440000002,4.869947429999999,43.80716323999999,41.356479639999996
Viet Nam,VNM,WPR,Lower-middle,2017,147.51425171,4.990147589999999,43.54589461999999,42.58786773999999
Viet Nam,VNM,WPR,Lower-middle,2018,161.97871399000002,5.02678823,41.62820816,44.58100891000001
Viet Nam,VNM,WPR,Lower-middle,2019,171.15296935999996,4.974074839999999,40.6199913,45.11730576
Viet Nam,VNM,WPR,Lower-middle,2020,153.10160828,4.332198139999999,41.33344268999999,42.40335083
Viet Nam,VNM,WPR,Lower-middle,2021,168.08033752,4.53756857,43.201461789999996,40.46693039
Viet Nam,VNM,WPR,Lower-middle,2022,188.89749146,4.58891582,43.62394714,39.54518889999999
